parte,estructura,metodo,n,rep,ns
calibracion,nanoTime,vacio,0,0,77
calibracion,nanoTime,vacio,0,1,147
calibracion,nanoTime,vacio,0,2,78
calibracion,nanoTime,vacio,0,3,78
calibracion,nanoTime,vacio,0,4,173
calibracion,nanoTime,vacio,0,5,66
calibracion,nanoTime,vacio,0,6,79
calibracion,nanoTime,vacio,0,7,67
calibracion,nanoTime,vacio,0,8,75
calibracion,nanoTime,vacio,0,9,66
calibracion,nanoTime,vacio,0,10,67
calibracion,nanoTime,vacio,0,11,60
calibracion,nanoTime,vacio,0,12,186
calibracion,nanoTime,vacio,0,13,73
calibracion,nanoTime,vacio,0,14,75
calibracion,nanoTime,vacio,0,15,74
calibracion,nanoTime,vacio,0,16,80
calibracion,nanoTime,vacio,0,17,74
calibracion,nanoTime,vacio,0,18,75
calibracion,nanoTime,vacio,0,19,75
calibracion,nanoTime,vacio,0,20,134
calibracion,nanoTime,vacio,0,21,75
calibracion,nanoTime,vacio,0,22,74
calibracion,nanoTime,vacio,0,23,71
calibracion,nanoTime,vacio,0,24,64
calibracion,nanoTime,vacio,0,25,72
calibracion,nanoTime,vacio,0,26,77
calibracion,nanoTime,vacio,0,27,796
calibracion,nanoTime,vacio,0,28,99
calibracion,nanoTime,vacio,0,29,73
calibracion,nanoTime,vacio,0,30,75
calibracion,nanoTime,vacio,0,31,74
calibracion,nanoTime,vacio,0,32,72
calibracion,nanoTime,vacio,0,33,79
calibracion,nanoTime,vacio,0,34,81
calibracion,nanoTime,vacio,0,35,74
calibracion,nanoTime,vacio,0,36,111
calibracion,nanoTime,vacio,0,37,60
calibracion,nanoTime,vacio,0,38,60
calibracion,nanoTime,vacio,0,39,82
calibracion,nanoTime,vacio,0,40,67
calibracion,nanoTime,vacio,0,41,72
calibracion,nanoTime,vacio,0,42,82
calibracion,nanoTime,vacio,0,43,72
calibracion,nanoTime,vacio,0,44,110
calibracion,nanoTime,vacio,0,45,75
calibracion,nanoTime,vacio,0,46,74
calibracion,nanoTime,vacio,0,47,76
calibracion,nanoTime,vacio,0,48,74
calibracion,nanoTime,vacio,0,49,74
calibracion,nanoTime,vacio,0,50,74
calibracion,nanoTime,vacio,0,51,76
calibracion,nanoTime,vacio,0,52,121
calibracion,nanoTime,vacio,0,53,72
calibracion,nanoTime,vacio,0,54,76
calibracion,nanoTime,vacio,0,55,80
calibracion,nanoTime,vacio,0,56,73
calibracion,nanoTime,vacio,0,57,66
calibracion,nanoTime,vacio,0,58,71
calibracion,nanoTime,vacio,0,59,67
calibracion,nanoTime,vacio,0,60,178
calibracion,nanoTime,vacio,0,61,91
calibracion,nanoTime,vacio,0,62,78
calibracion,nanoTime,vacio,0,63,76
calibracion,nanoTime,vacio,0,64,73
calibracion,nanoTime,vacio,0,65,3578
calibracion,nanoTime,vacio,0,66,91
calibracion,nanoTime,vacio,0,67,74
calibracion,nanoTime,vacio,0,68,112
calibracion,nanoTime,vacio,0,69,75
calibracion,nanoTime,vacio,0,70,76
calibracion,nanoTime,vacio,0,71,74
calibracion,nanoTime,vacio,0,72,73
calibracion,nanoTime,vacio,0,73,67
calibracion,nanoTime,vacio,0,74,71
calibracion,nanoTime,vacio,0,75,73
calibracion,nanoTime,vacio,0,76,63
calibracion,nanoTime,vacio,0,77,60
calibracion,nanoTime,vacio,0,78,62
calibracion,nanoTime,vacio,0,79,63
calibracion,nanoTime,vacio,0,80,64
calibracion,nanoTime,vacio,0,81,76
calibracion,nanoTime,vacio,0,82,68
calibracion,nanoTime,vacio,0,83,78
calibracion,nanoTime,vacio,0,84,73
calibracion,nanoTime,vacio,0,85,74
calibracion,nanoTime,vacio,0,86,74
calibracion,nanoTime,vacio,0,87,79
calibracion,nanoTime,vacio,0,88,74
calibracion,nanoTime,vacio,0,89,74
calibracion,nanoTime,vacio,0,90,87
calibracion,nanoTime,vacio,0,91,76
calibracion,nanoTime,vacio,0,92,74
calibracion,nanoTime,vacio,0,93,66
calibracion,nanoTime,vacio,0,94,70
calibracion,nanoTime,vacio,0,95,72
calibracion,nanoTime,vacio,0,96,71
calibracion,nanoTime,vacio,0,97,64
calibracion,nanoTime,vacio,0,98,61
calibracion,nanoTime,vacio,0,99,60
calibracion,nanoTime,vacio,0,100,64
calibracion,nanoTime,vacio,0,101,79
calibracion,nanoTime,vacio,0,102,70
calibracion,nanoTime,vacio,0,103,75
calibracion,nanoTime,vacio,0,104,73
calibracion,nanoTime,vacio,0,105,76
calibracion,nanoTime,vacio,0,106,77
calibracion,nanoTime,vacio,0,107,73
calibracion,nanoTime,vacio,0,108,73
calibracion,nanoTime,vacio,0,109,78
calibracion,nanoTime,vacio,0,110,77
calibracion,nanoTime,vacio,0,111,74
calibracion,nanoTime,vacio,0,112,71
calibracion,nanoTime,vacio,0,113,71
calibracion,nanoTime,vacio,0,114,67
calibracion,nanoTime,vacio,0,115,71
calibracion,nanoTime,vacio,0,116,75
calibracion,nanoTime,vacio,0,117,71
calibracion,nanoTime,vacio,0,118,64
calibracion,nanoTime,vacio,0,119,65
calibracion,nanoTime,vacio,0,120,60
calibracion,nanoTime,vacio,0,121,66
calibracion,nanoTime,vacio,0,122,61
calibracion,nanoTime,vacio,0,123,60
calibracion,nanoTime,vacio,0,124,79
calibracion,nanoTime,vacio,0,125,77
calibracion,nanoTime,vacio,0,126,75
calibracion,nanoTime,vacio,0,127,73
calibracion,nanoTime,vacio,0,128,73
calibracion,nanoTime,vacio,0,129,74
calibracion,nanoTime,vacio,0,130,80
calibracion,nanoTime,vacio,0,131,74
calibracion,nanoTime,vacio,0,132,74
calibracion,nanoTime,vacio,0,133,71
calibracion,nanoTime,vacio,0,134,74
calibracion,nanoTime,vacio,0,135,74
calibracion,nanoTime,vacio,0,136,76
calibracion,nanoTime,vacio,0,137,65
calibracion,nanoTime,vacio,0,138,64
calibracion,nanoTime,vacio,0,139,77
calibracion,nanoTime,vacio,0,140,65
calibracion,nanoTime,vacio,0,141,62
calibracion,nanoTime,vacio,0,142,80
calibracion,nanoTime,vacio,0,143,70
calibracion,nanoTime,vacio,0,144,61
calibracion,nanoTime,vacio,0,145,67
calibracion,nanoTime,vacio,0,146,88
calibracion,nanoTime,vacio,0,147,70
calibracion,nanoTime,vacio,0,148,77
calibracion,nanoTime,vacio,0,149,74
calibracion,nanoTime,vacio,0,150,74
calibracion,nanoTime,vacio,0,151,75
calibracion,nanoTime,vacio,0,152,72
calibracion,nanoTime,vacio,0,153,74
calibracion,nanoTime,vacio,0,154,78
calibracion,nanoTime,vacio,0,155,657
calibracion,nanoTime,vacio,0,156,117
calibracion,nanoTime,vacio,0,157,87
calibracion,nanoTime,vacio,0,158,76
calibracion,nanoTime,vacio,0,159,76
calibracion,nanoTime,vacio,0,160,76
calibracion,nanoTime,vacio,0,161,79
calibracion,nanoTime,vacio,0,162,78
calibracion,nanoTime,vacio,0,163,76
calibracion,nanoTime,vacio,0,164,73
calibracion,nanoTime,vacio,0,165,78
calibracion,nanoTime,vacio,0,166,76
calibracion,nanoTime,vacio,0,167,74
calibracion,nanoTime,vacio,0,168,68
calibracion,nanoTime,vacio,0,169,72
calibracion,nanoTime,vacio,0,170,81
calibracion,nanoTime,vacio,0,171,65
calibracion,nanoTime,vacio,0,172,62
calibracion,nanoTime,vacio,0,173,72
calibracion,nanoTime,vacio,0,174,65
calibracion,nanoTime,vacio,0,175,62
calibracion,nanoTime,vacio,0,176,89
calibracion,nanoTime,vacio,0,177,81
calibracion,nanoTime,vacio,0,178,73
calibracion,nanoTime,vacio,0,179,76
calibracion,nanoTime,vacio,0,180,74
calibracion,nanoTime,vacio,0,181,75
calibracion,nanoTime,vacio,0,182,75
calibracion,nanoTime,vacio,0,183,74
calibracion,nanoTime,vacio,0,184,74
calibracion,nanoTime,vacio,0,185,75
calibracion,nanoTime,vacio,0,186,77
calibracion,nanoTime,vacio,0,187,80
calibracion,nanoTime,vacio,0,188,67
calibracion,nanoTime,vacio,0,189,70
calibracion,nanoTime,vacio,0,190,73
calibracion,nanoTime,vacio,0,191,74
calibracion,nanoTime,vacio,0,192,67
calibracion,nanoTime,vacio,0,193,63
calibracion,nanoTime,vacio,0,194,60
calibracion,nanoTime,vacio,0,195,64
calibracion,nanoTime,vacio,0,196,70
calibracion,nanoTime,vacio,0,197,62
calibracion,nanoTime,vacio,0,198,91
calibracion,nanoTime,vacio,0,199,83
calibracion,nanoTime,vacio,0,200,76
calibracion,nanoTime,vacio,0,201,74
calibracion,nanoTime,vacio,0,202,74
calibracion,nanoTime,vacio,0,203,75
calibracion,nanoTime,vacio,0,204,73
calibracion,nanoTime,vacio,0,205,74
calibracion,nanoTime,vacio,0,206,74
calibracion,nanoTime,vacio,0,207,74
calibracion,nanoTime,vacio,0,208,73
calibracion,nanoTime,vacio,0,209,75
calibracion,nanoTime,vacio,0,210,69
calibracion,nanoTime,vacio,0,211,69
calibracion,nanoTime,vacio,0,212,73
calibracion,nanoTime,vacio,0,213,74
calibracion,nanoTime,vacio,0,214,66
calibracion,nanoTime,vacio,0,215,65
calibracion,nanoTime,vacio,0,216,64
calibracion,nanoTime,vacio,0,217,64
calibracion,nanoTime,vacio,0,218,73
calibracion,nanoTime,vacio,0,219,77
calibracion,nanoTime,vacio,0,220,68
calibracion,nanoTime,vacio,0,221,74
calibracion,nanoTime,vacio,0,222,74
calibracion,nanoTime,vacio,0,223,74
calibracion,nanoTime,vacio,0,224,73
calibracion,nanoTime,vacio,0,225,87
calibracion,nanoTime,vacio,0,226,77
calibracion,nanoTime,vacio,0,227,73
calibracion,nanoTime,vacio,0,228,73
calibracion,nanoTime,vacio,0,229,73
calibracion,nanoTime,vacio,0,230,74
calibracion,nanoTime,vacio,0,231,71
calibracion,nanoTime,vacio,0,232,72
calibracion,nanoTime,vacio,0,233,75
calibracion,nanoTime,vacio,0,234,73
calibracion,nanoTime,vacio,0,235,72
calibracion,nanoTime,vacio,0,236,72
calibracion,nanoTime,vacio,0,237,67
calibracion,nanoTime,vacio,0,238,67
calibracion,nanoTime,vacio,0,239,64
calibracion,nanoTime,vacio,0,240,82
calibracion,nanoTime,vacio,0,241,73
calibracion,nanoTime,vacio,0,242,62
calibracion,nanoTime,vacio,0,243,74
calibracion,nanoTime,vacio,0,244,73
calibracion,nanoTime,vacio,0,245,75
calibracion,nanoTime,vacio,0,246,74
calibracion,nanoTime,vacio,0,247,74
calibracion,nanoTime,vacio,0,248,76
calibracion,nanoTime,vacio,0,249,74
calibracion,nanoTime,vacio,0,250,73
calibracion,nanoTime,vacio,0,251,74
calibracion,nanoTime,vacio,0,252,119
calibracion,nanoTime,vacio,0,253,71
calibracion,nanoTime,vacio,0,254,76
calibracion,nanoTime,vacio,0,255,79
calibracion,nanoTime,vacio,0,256,72
calibracion,nanoTime,vacio,0,257,65
calibracion,nanoTime,vacio,0,258,64
calibracion,nanoTime,vacio,0,259,73
calibracion,nanoTime,vacio,0,260,192
calibracion,nanoTime,vacio,0,261,79
calibracion,nanoTime,vacio,0,262,71
calibracion,nanoTime,vacio,0,263,74
calibracion,nanoTime,vacio,0,264,73
calibracion,nanoTime,vacio,0,265,85
calibracion,nanoTime,vacio,0,266,75
calibracion,nanoTime,vacio,0,267,74
calibracion,nanoTime,vacio,0,268,118
calibracion,nanoTime,vacio,0,269,76
calibracion,nanoTime,vacio,0,270,78
calibracion,nanoTime,vacio,0,271,73
calibracion,nanoTime,vacio,0,272,73
calibracion,nanoTime,vacio,0,273,75
calibracion,nanoTime,vacio,0,274,74
calibracion,nanoTime,vacio,0,275,71
calibracion,nanoTime,vacio,0,276,110
calibracion,nanoTime,vacio,0,277,78
calibracion,nanoTime,vacio,0,278,65
calibracion,nanoTime,vacio,0,279,63
calibracion,nanoTime,vacio,0,280,61
calibracion,nanoTime,vacio,0,281,61
calibracion,nanoTime,vacio,0,282,62
calibracion,nanoTime,vacio,0,283,1613
calibracion,nanoTime,vacio,0,284,99
calibracion,nanoTime,vacio,0,285,68
calibracion,nanoTime,vacio,0,286,69
calibracion,nanoTime,vacio,0,287,72
calibracion,nanoTime,vacio,0,288,71
calibracion,nanoTime,vacio,0,289,66
calibracion,nanoTime,vacio,0,290,63
calibracion,nanoTime,vacio,0,291,101
calibracion,nanoTime,vacio,0,292,154
calibracion,nanoTime,vacio,0,293,85
calibracion,nanoTime,vacio,0,294,74
calibracion,nanoTime,vacio,0,295,75
calibracion,nanoTime,vacio,0,296,78
calibracion,nanoTime,vacio,0,297,76
calibracion,nanoTime,vacio,0,298,76
calibracion,nanoTime,vacio,0,299,76
calibracion,nanoTime,vacio,0,300,119
calibracion,nanoTime,vacio,0,301,76
calibracion,nanoTime,vacio,0,302,72
calibracion,nanoTime,vacio,0,303,69
calibracion,nanoTime,vacio,0,304,86
calibracion,nanoTime,vacio,0,305,80
calibracion,nanoTime,vacio,0,306,65
calibracion,nanoTime,vacio,0,307,66
calibracion,nanoTime,vacio,0,308,131
calibracion,nanoTime,vacio,0,309,67
calibracion,nanoTime,vacio,0,310,72
calibracion,nanoTime,vacio,0,311,65
calibracion,nanoTime,vacio,0,312,77
calibracion,nanoTime,vacio,0,313,80
calibracion,nanoTime,vacio,0,314,73
calibracion,nanoTime,vacio,0,315,76
calibracion,nanoTime,vacio,0,316,119
calibracion,nanoTime,vacio,0,317,74
calibracion,nanoTime,vacio,0,318,82
calibracion,nanoTime,vacio,0,319,77
calibracion,nanoTime,vacio,0,320,77
calibracion,nanoTime,vacio,0,321,73
calibracion,nanoTime,vacio,0,322,76
calibracion,nanoTime,vacio,0,323,77
calibracion,nanoTime,vacio,0,324,142
calibracion,nanoTime,vacio,0,325,78
calibracion,nanoTime,vacio,0,326,77
calibracion,nanoTime,vacio,0,327,86
calibracion,nanoTime,vacio,0,328,66
calibracion,nanoTime,vacio,0,329,71
calibracion,nanoTime,vacio,0,330,70
calibracion,nanoTime,vacio,0,331,62
calibracion,nanoTime,vacio,0,332,61
calibracion,nanoTime,vacio,0,333,93
calibracion,nanoTime,vacio,0,334,78
calibracion,nanoTime,vacio,0,335,86
calibracion,nanoTime,vacio,0,336,76
calibracion,nanoTime,vacio,0,337,75
calibracion,nanoTime,vacio,0,338,75
calibracion,nanoTime,vacio,0,339,75
calibracion,nanoTime,vacio,0,340,77
calibracion,nanoTime,vacio,0,341,74
calibracion,nanoTime,vacio,0,342,76
calibracion,nanoTime,vacio,0,343,80
calibracion,nanoTime,vacio,0,344,74
calibracion,nanoTime,vacio,0,345,67
calibracion,nanoTime,vacio,0,346,71
calibracion,nanoTime,vacio,0,347,75
calibracion,nanoTime,vacio,0,348,75
calibracion,nanoTime,vacio,0,349,65
calibracion,nanoTime,vacio,0,350,63
calibracion,nanoTime,vacio,0,351,62
calibracion,nanoTime,vacio,0,352,65
calibracion,nanoTime,vacio,0,353,75
calibracion,nanoTime,vacio,0,354,87
calibracion,nanoTime,vacio,0,355,63
calibracion,nanoTime,vacio,0,356,74
calibracion,nanoTime,vacio,0,357,74
calibracion,nanoTime,vacio,0,358,75
calibracion,nanoTime,vacio,0,359,74
calibracion,nanoTime,vacio,0,360,74
calibracion,nanoTime,vacio,0,361,75
calibracion,nanoTime,vacio,0,362,71
calibracion,nanoTime,vacio,0,363,75
calibracion,nanoTime,vacio,0,364,73
calibracion,nanoTime,vacio,0,365,76
calibracion,nanoTime,vacio,0,366,74
calibracion,nanoTime,vacio,0,367,70
calibracion,nanoTime,vacio,0,368,75
calibracion,nanoTime,vacio,0,369,77
calibracion,nanoTime,vacio,0,370,63
calibracion,nanoTime,vacio,0,371,65
calibracion,nanoTime,vacio,0,372,59
calibracion,nanoTime,vacio,0,373,66
calibracion,nanoTime,vacio,0,374,61
calibracion,nanoTime,vacio,0,375,61
calibracion,nanoTime,vacio,0,376,82
calibracion,nanoTime,vacio,0,377,68
calibracion,nanoTime,vacio,0,378,74
calibracion,nanoTime,vacio,0,379,75
calibracion,nanoTime,vacio,0,380,73
calibracion,nanoTime,vacio,0,381,73
calibracion,nanoTime,vacio,0,382,74
calibracion,nanoTime,vacio,0,383,86
calibracion,nanoTime,vacio,0,384,73
calibracion,nanoTime,vacio,0,385,73
calibracion,nanoTime,vacio,0,386,75
calibracion,nanoTime,vacio,0,387,73
calibracion,nanoTime,vacio,0,388,78
calibracion,nanoTime,vacio,0,389,74
calibracion,nanoTime,vacio,0,390,70
calibracion,nanoTime,vacio,0,391,74
calibracion,nanoTime,vacio,0,392,66
calibracion,nanoTime,vacio,0,393,64
calibracion,nanoTime,vacio,0,394,64
calibracion,nanoTime,vacio,0,395,62
calibracion,nanoTime,vacio,0,396,134
calibracion,nanoTime,vacio,0,397,88
calibracion,nanoTime,vacio,0,398,68
calibracion,nanoTime,vacio,0,399,86
calibracion,nanoTime,vacio,0,400,86
calibracion,nanoTime,vacio,0,401,70
calibracion,nanoTime,vacio,0,402,86
calibracion,nanoTime,vacio,0,403,87
calibracion,nanoTime,vacio,0,404,127
calibracion,nanoTime,vacio,0,405,93
calibracion,nanoTime,vacio,0,406,78
calibracion,nanoTime,vacio,0,407,81
calibracion,nanoTime,vacio,0,408,75
calibracion,nanoTime,vacio,0,409,69
calibracion,nanoTime,vacio,0,410,70
calibracion,nanoTime,vacio,0,411,3499
calibracion,nanoTime,vacio,0,412,180
calibracion,nanoTime,vacio,0,413,86
calibracion,nanoTime,vacio,0,414,74
calibracion,nanoTime,vacio,0,415,78
calibracion,nanoTime,vacio,0,416,78
calibracion,nanoTime,vacio,0,417,76
calibracion,nanoTime,vacio,0,418,71
calibracion,nanoTime,vacio,0,419,78
calibracion,nanoTime,vacio,0,420,124
calibracion,nanoTime,vacio,0,421,65
calibracion,nanoTime,vacio,0,422,61
calibracion,nanoTime,vacio,0,423,67
calibracion,nanoTime,vacio,0,424,67
calibracion,nanoTime,vacio,0,425,63
calibracion,nanoTime,vacio,0,426,63
calibracion,nanoTime,vacio,0,427,79
calibracion,nanoTime,vacio,0,428,159
calibracion,nanoTime,vacio,0,429,90
calibracion,nanoTime,vacio,0,430,77
calibracion,nanoTime,vacio,0,431,62
calibracion,nanoTime,vacio,0,432,79
calibracion,nanoTime,vacio,0,433,77
calibracion,nanoTime,vacio,0,434,79
calibracion,nanoTime,vacio,0,435,78
calibracion,nanoTime,vacio,0,436,134
calibracion,nanoTime,vacio,0,437,81
calibracion,nanoTime,vacio,0,438,76
calibracion,nanoTime,vacio,0,439,75
calibracion,nanoTime,vacio,0,440,70
calibracion,nanoTime,vacio,0,441,72
calibracion,nanoTime,vacio,0,442,77
calibracion,nanoTime,vacio,0,443,68
calibracion,nanoTime,vacio,0,444,126
calibracion,nanoTime,vacio,0,445,59
calibracion,nanoTime,vacio,0,446,64
calibracion,nanoTime,vacio,0,447,63
calibracion,nanoTime,vacio,0,448,89
calibracion,nanoTime,vacio,0,449,80
calibracion,nanoTime,vacio,0,450,75
calibracion,nanoTime,vacio,0,451,74
calibracion,nanoTime,vacio,0,452,128
calibracion,nanoTime,vacio,0,453,75
calibracion,nanoTime,vacio,0,454,76
calibracion,nanoTime,vacio,0,455,81
calibracion,nanoTime,vacio,0,456,77
calibracion,nanoTime,vacio,0,457,78
calibracion,nanoTime,vacio,0,458,80
calibracion,nanoTime,vacio,0,459,80
calibracion,nanoTime,vacio,0,460,122
calibracion,nanoTime,vacio,0,461,76
calibracion,nanoTime,vacio,0,462,75
calibracion,nanoTime,vacio,0,463,66
calibracion,nanoTime,vacio,0,464,72
calibracion,nanoTime,vacio,0,465,66
calibracion,nanoTime,vacio,0,466,65
calibracion,nanoTime,vacio,0,467,62
calibracion,nanoTime,vacio,0,468,152
calibracion,nanoTime,vacio,0,469,76
calibracion,nanoTime,vacio,0,470,74
calibracion,nanoTime,vacio,0,471,79
calibracion,nanoTime,vacio,0,472,76
calibracion,nanoTime,vacio,0,473,79
calibracion,nanoTime,vacio,0,474,77
calibracion,nanoTime,vacio,0,475,79
calibracion,nanoTime,vacio,0,476,130
calibracion,nanoTime,vacio,0,477,76
calibracion,nanoTime,vacio,0,478,71
calibracion,nanoTime,vacio,0,479,70
calibracion,nanoTime,vacio,0,480,74
calibracion,nanoTime,vacio,0,481,77
calibracion,nanoTime,vacio,0,482,65
calibracion,nanoTime,vacio,0,483,63
calibracion,nanoTime,vacio,0,484,179
calibracion,nanoTime,vacio,0,485,63
calibracion,nanoTime,vacio,0,486,94
calibracion,nanoTime,vacio,0,487,82
calibracion,nanoTime,vacio,0,488,74
calibracion,nanoTime,vacio,0,489,104
calibracion,nanoTime,vacio,0,490,86
calibracion,nanoTime,vacio,0,491,81
calibracion,nanoTime,vacio,0,492,100
calibracion,nanoTime,vacio,0,493,79
calibracion,nanoTime,vacio,0,494,77
calibracion,nanoTime,vacio,0,495,76
calibracion,nanoTime,vacio,0,496,75
calibracion,nanoTime,vacio,0,497,69
calibracion,nanoTime,vacio,0,498,71
calibracion,nanoTime,vacio,0,499,65
calibracion,nanoTime,vacio,0,500,270
calibracion,nanoTime,vacio,0,501,62
calibracion,nanoTime,vacio,0,502,68
calibracion,nanoTime,vacio,0,503,67
calibracion,nanoTime,vacio,0,504,78
calibracion,nanoTime,vacio,0,505,74
calibracion,nanoTime,vacio,0,506,75
calibracion,nanoTime,vacio,0,507,75
calibracion,nanoTime,vacio,0,508,118
calibracion,nanoTime,vacio,0,509,74
calibracion,nanoTime,vacio,0,510,76
calibracion,nanoTime,vacio,0,511,78
calibracion,nanoTime,vacio,0,512,75
calibracion,nanoTime,vacio,0,513,77
calibracion,nanoTime,vacio,0,514,77
calibracion,nanoTime,vacio,0,515,77
calibracion,nanoTime,vacio,0,516,369
calibracion,nanoTime,vacio,0,517,77
calibracion,nanoTime,vacio,0,518,65
calibracion,nanoTime,vacio,0,519,64
calibracion,nanoTime,vacio,0,520,77
calibracion,nanoTime,vacio,0,521,69
calibracion,nanoTime,vacio,0,522,61
calibracion,nanoTime,vacio,0,523,94
calibracion,nanoTime,vacio,0,524,124
calibracion,nanoTime,vacio,0,525,74
calibracion,nanoTime,vacio,0,526,75
calibracion,nanoTime,vacio,0,527,75
calibracion,nanoTime,vacio,0,528,73
calibracion,nanoTime,vacio,0,529,61
calibracion,nanoTime,vacio,0,530,73
calibracion,nanoTime,vacio,0,531,70
calibracion,nanoTime,vacio,0,532,126
calibracion,nanoTime,vacio,0,533,73
calibracion,nanoTime,vacio,0,534,72
calibracion,nanoTime,vacio,0,535,70
calibracion,nanoTime,vacio,0,536,74
calibracion,nanoTime,vacio,0,537,66
calibracion,nanoTime,vacio,0,538,77
calibracion,nanoTime,vacio,0,539,1003
calibracion,nanoTime,vacio,0,540,121
calibracion,nanoTime,vacio,0,541,65
calibracion,nanoTime,vacio,0,542,62
calibracion,nanoTime,vacio,0,543,67
calibracion,nanoTime,vacio,0,544,60
calibracion,nanoTime,vacio,0,545,68
calibracion,nanoTime,vacio,0,546,77
calibracion,nanoTime,vacio,0,547,65
calibracion,nanoTime,vacio,0,548,76
calibracion,nanoTime,vacio,0,549,79
calibracion,nanoTime,vacio,0,550,74
calibracion,nanoTime,vacio,0,551,80
calibracion,nanoTime,vacio,0,552,75
calibracion,nanoTime,vacio,0,553,75
calibracion,nanoTime,vacio,0,554,78
calibracion,nanoTime,vacio,0,555,80
calibracion,nanoTime,vacio,0,556,77
calibracion,nanoTime,vacio,0,557,74
calibracion,nanoTime,vacio,0,558,72
calibracion,nanoTime,vacio,0,559,78
calibracion,nanoTime,vacio,0,560,78
calibracion,nanoTime,vacio,0,561,78
calibracion,nanoTime,vacio,0,562,67
calibracion,nanoTime,vacio,0,563,61
calibracion,nanoTime,vacio,0,564,61
calibracion,nanoTime,vacio,0,565,66
calibracion,nanoTime,vacio,0,566,72
calibracion,nanoTime,vacio,0,567,75
calibracion,nanoTime,vacio,0,568,80
calibracion,nanoTime,vacio,0,569,76
calibracion,nanoTime,vacio,0,570,76
calibracion,nanoTime,vacio,0,571,74
calibracion,nanoTime,vacio,0,572,75
calibracion,nanoTime,vacio,0,573,76
calibracion,nanoTime,vacio,0,574,76
calibracion,nanoTime,vacio,0,575,77
calibracion,nanoTime,vacio,0,576,83
calibracion,nanoTime,vacio,0,577,74
calibracion,nanoTime,vacio,0,578,75
calibracion,nanoTime,vacio,0,579,70
calibracion,nanoTime,vacio,0,580,79
calibracion,nanoTime,vacio,0,581,74
calibracion,nanoTime,vacio,0,582,69
calibracion,nanoTime,vacio,0,583,68
calibracion,nanoTime,vacio,0,584,68
calibracion,nanoTime,vacio,0,585,63
calibracion,nanoTime,vacio,0,586,65
calibracion,nanoTime,vacio,0,587,74
calibracion,nanoTime,vacio,0,588,79
calibracion,nanoTime,vacio,0,589,71
calibracion,nanoTime,vacio,0,590,77
calibracion,nanoTime,vacio,0,591,73
calibracion,nanoTime,vacio,0,592,75
calibracion,nanoTime,vacio,0,593,77
calibracion,nanoTime,vacio,0,594,75
calibracion,nanoTime,vacio,0,595,77
calibracion,nanoTime,vacio,0,596,76
calibracion,nanoTime,vacio,0,597,76
calibracion,nanoTime,vacio,0,598,79
calibracion,nanoTime,vacio,0,599,77
calibracion,nanoTime,vacio,0,600,72
calibracion,nanoTime,vacio,0,601,65
calibracion,nanoTime,vacio,0,602,77
calibracion,nanoTime,vacio,0,603,68
calibracion,nanoTime,vacio,0,604,73
calibracion,nanoTime,vacio,0,605,73
calibracion,nanoTime,vacio,0,606,60
calibracion,nanoTime,vacio,0,607,60
calibracion,nanoTime,vacio,0,608,67
calibracion,nanoTime,vacio,0,609,71
calibracion,nanoTime,vacio,0,610,67
calibracion,nanoTime,vacio,0,611,75
calibracion,nanoTime,vacio,0,612,74
calibracion,nanoTime,vacio,0,613,76
calibracion,nanoTime,vacio,0,614,87
calibracion,nanoTime,vacio,0,615,62
calibracion,nanoTime,vacio,0,616,75
calibracion,nanoTime,vacio,0,617,78
calibracion,nanoTime,vacio,0,618,75
calibracion,nanoTime,vacio,0,619,76
calibracion,nanoTime,vacio,0,620,78
calibracion,nanoTime,vacio,0,621,77
calibracion,nanoTime,vacio,0,622,76
calibracion,nanoTime,vacio,0,623,63
calibracion,nanoTime,vacio,0,624,69
calibracion,nanoTime,vacio,0,625,72
calibracion,nanoTime,vacio,0,626,77
calibracion,nanoTime,vacio,0,627,72
calibracion,nanoTime,vacio,0,628,64
calibracion,nanoTime,vacio,0,629,64
calibracion,nanoTime,vacio,0,630,68
calibracion,nanoTime,vacio,0,631,61
calibracion,nanoTime,vacio,0,632,65
calibracion,nanoTime,vacio,0,633,62
calibracion,nanoTime,vacio,0,634,84
calibracion,nanoTime,vacio,0,635,71
calibracion,nanoTime,vacio,0,636,76
calibracion,nanoTime,vacio,0,637,75
calibracion,nanoTime,vacio,0,638,75
calibracion,nanoTime,vacio,0,639,74
calibracion,nanoTime,vacio,0,640,79
calibracion,nanoTime,vacio,0,641,80
calibracion,nanoTime,vacio,0,642,76
calibracion,nanoTime,vacio,0,643,79
calibracion,nanoTime,vacio,0,644,77
calibracion,nanoTime,vacio,0,645,77
calibracion,nanoTime,vacio,0,646,73
calibracion,nanoTime,vacio,0,647,73
calibracion,nanoTime,vacio,0,648,76
calibracion,nanoTime,vacio,0,649,81
calibracion,nanoTime,vacio,0,650,64
calibracion,nanoTime,vacio,0,651,60
calibracion,nanoTime,vacio,0,652,61
calibracion,nanoTime,vacio,0,653,61
calibracion,nanoTime,vacio,0,654,62
calibracion,nanoTime,vacio,0,655,65
calibracion,nanoTime,vacio,0,656,73
calibracion,nanoTime,vacio,0,657,78
calibracion,nanoTime,vacio,0,658,68
calibracion,nanoTime,vacio,0,659,75
calibracion,nanoTime,vacio,0,660,74
calibracion,nanoTime,vacio,0,661,73
calibracion,nanoTime,vacio,0,662,72
calibracion,nanoTime,vacio,0,663,62
calibracion,nanoTime,vacio,0,664,77
calibracion,nanoTime,vacio,0,665,78
calibracion,nanoTime,vacio,0,666,74
calibracion,nanoTime,vacio,0,667,854
calibracion,nanoTime,vacio,0,668,95
calibracion,nanoTime,vacio,0,669,82
calibracion,nanoTime,vacio,0,670,75
calibracion,nanoTime,vacio,0,671,80
calibracion,nanoTime,vacio,0,672,76
calibracion,nanoTime,vacio,0,673,79
calibracion,nanoTime,vacio,0,674,78
calibracion,nanoTime,vacio,0,675,77
calibracion,nanoTime,vacio,0,676,76
calibracion,nanoTime,vacio,0,677,74
calibracion,nanoTime,vacio,0,678,77
calibracion,nanoTime,vacio,0,679,76
calibracion,nanoTime,vacio,0,680,72
calibracion,nanoTime,vacio,0,681,67
calibracion,nanoTime,vacio,0,682,60
calibracion,nanoTime,vacio,0,683,63
calibracion,nanoTime,vacio,0,684,63
calibracion,nanoTime,vacio,0,685,60
calibracion,nanoTime,vacio,0,686,60
calibracion,nanoTime,vacio,0,687,61
calibracion,nanoTime,vacio,0,688,62
calibracion,nanoTime,vacio,0,689,60
calibracion,nanoTime,vacio,0,690,60
calibracion,nanoTime,vacio,0,691,60
calibracion,nanoTime,vacio,0,692,60
calibracion,nanoTime,vacio,0,693,61
calibracion,nanoTime,vacio,0,694,61
calibracion,nanoTime,vacio,0,695,61
calibracion,nanoTime,vacio,0,696,61
calibracion,nanoTime,vacio,0,697,62
calibracion,nanoTime,vacio,0,698,60
calibracion,nanoTime,vacio,0,699,61
calibracion,nanoTime,vacio,0,700,63
calibracion,nanoTime,vacio,0,701,61
calibracion,nanoTime,vacio,0,702,62
calibracion,nanoTime,vacio,0,703,60
calibracion,nanoTime,vacio,0,704,61
calibracion,nanoTime,vacio,0,705,64
calibracion,nanoTime,vacio,0,706,68
calibracion,nanoTime,vacio,0,707,64
calibracion,nanoTime,vacio,0,708,60
calibracion,nanoTime,vacio,0,709,60
calibracion,nanoTime,vacio,0,710,3204
calibracion,nanoTime,vacio,0,711,85
calibracion,nanoTime,vacio,0,712,68
calibracion,nanoTime,vacio,0,713,88
calibracion,nanoTime,vacio,0,714,80
calibracion,nanoTime,vacio,0,715,70
calibracion,nanoTime,vacio,0,716,61
calibracion,nanoTime,vacio,0,717,69
calibracion,nanoTime,vacio,0,718,80
calibracion,nanoTime,vacio,0,719,82
calibracion,nanoTime,vacio,0,720,80
calibracion,nanoTime,vacio,0,721,69
calibracion,nanoTime,vacio,0,722,71
calibracion,nanoTime,vacio,0,723,65
calibracion,nanoTime,vacio,0,724,131
calibracion,nanoTime,vacio,0,725,67
calibracion,nanoTime,vacio,0,726,79
calibracion,nanoTime,vacio,0,727,74
calibracion,nanoTime,vacio,0,728,75
calibracion,nanoTime,vacio,0,729,62
calibracion,nanoTime,vacio,0,730,63
calibracion,nanoTime,vacio,0,731,74
calibracion,nanoTime,vacio,0,732,111
calibracion,nanoTime,vacio,0,733,81
calibracion,nanoTime,vacio,0,734,76
calibracion,nanoTime,vacio,0,735,66
calibracion,nanoTime,vacio,0,736,85
calibracion,nanoTime,vacio,0,737,75
calibracion,nanoTime,vacio,0,738,69
calibracion,nanoTime,vacio,0,739,69
calibracion,nanoTime,vacio,0,740,367
calibracion,nanoTime,vacio,0,741,72
calibracion,nanoTime,vacio,0,742,76
calibracion,nanoTime,vacio,0,743,66
calibracion,nanoTime,vacio,0,744,61
calibracion,nanoTime,vacio,0,745,63
calibracion,nanoTime,vacio,0,746,72
calibracion,nanoTime,vacio,0,747,66
calibracion,nanoTime,vacio,0,748,105
calibracion,nanoTime,vacio,0,749,63
calibracion,nanoTime,vacio,0,750,65
calibracion,nanoTime,vacio,0,751,90
calibracion,nanoTime,vacio,0,752,91
calibracion,nanoTime,vacio,0,753,67
calibracion,nanoTime,vacio,0,754,76
calibracion,nanoTime,vacio,0,755,77
calibracion,nanoTime,vacio,0,756,142
calibracion,nanoTime,vacio,0,757,68
calibracion,nanoTime,vacio,0,758,71
calibracion,nanoTime,vacio,0,759,75
calibracion,nanoTime,vacio,0,760,77
calibracion,nanoTime,vacio,0,761,73
calibracion,nanoTime,vacio,0,762,72
calibracion,nanoTime,vacio,0,763,81
calibracion,nanoTime,vacio,0,764,108
calibracion,nanoTime,vacio,0,765,70
calibracion,nanoTime,vacio,0,766,73
calibracion,nanoTime,vacio,0,767,79
calibracion,nanoTime,vacio,0,768,74
calibracion,nanoTime,vacio,0,769,63
calibracion,nanoTime,vacio,0,770,76
calibracion,nanoTime,vacio,0,771,82
calibracion,nanoTime,vacio,0,772,127
calibracion,nanoTime,vacio,0,773,66
calibracion,nanoTime,vacio,0,774,75
calibracion,nanoTime,vacio,0,775,67
calibracion,nanoTime,vacio,0,776,71
calibracion,nanoTime,vacio,0,777,68
calibracion,nanoTime,vacio,0,778,70
calibracion,nanoTime,vacio,0,779,78
calibracion,nanoTime,vacio,0,780,103
calibracion,nanoTime,vacio,0,781,69
calibracion,nanoTime,vacio,0,782,66
calibracion,nanoTime,vacio,0,783,65
calibracion,nanoTime,vacio,0,784,75
calibracion,nanoTime,vacio,0,785,68
calibracion,nanoTime,vacio,0,786,74
calibracion,nanoTime,vacio,0,787,75
calibracion,nanoTime,vacio,0,788,102
calibracion,nanoTime,vacio,0,789,67
calibracion,nanoTime,vacio,0,790,74
calibracion,nanoTime,vacio,0,791,68
calibracion,nanoTime,vacio,0,792,67
calibracion,nanoTime,vacio,0,793,71
calibracion,nanoTime,vacio,0,794,64
calibracion,nanoTime,vacio,0,795,738
calibracion,nanoTime,vacio,0,796,286
calibracion,nanoTime,vacio,0,797,67
calibracion,nanoTime,vacio,0,798,66
calibracion,nanoTime,vacio,0,799,65
calibracion,nanoTime,vacio,0,800,68
calibracion,nanoTime,vacio,0,801,70
calibracion,nanoTime,vacio,0,802,67
calibracion,nanoTime,vacio,0,803,73
calibracion,nanoTime,vacio,0,804,126
calibracion,nanoTime,vacio,0,805,69
calibracion,nanoTime,vacio,0,806,70
calibracion,nanoTime,vacio,0,807,65
calibracion,nanoTime,vacio,0,808,61
calibracion,nanoTime,vacio,0,809,67
calibracion,nanoTime,vacio,0,810,64
calibracion,nanoTime,vacio,0,811,76
calibracion,nanoTime,vacio,0,812,141
calibracion,nanoTime,vacio,0,813,65
calibracion,nanoTime,vacio,0,814,73
calibracion,nanoTime,vacio,0,815,72
calibracion,nanoTime,vacio,0,816,67
calibracion,nanoTime,vacio,0,817,64
calibracion,nanoTime,vacio,0,818,72
calibracion,nanoTime,vacio,0,819,67
calibracion,nanoTime,vacio,0,820,154
calibracion,nanoTime,vacio,0,821,64
calibracion,nanoTime,vacio,0,822,66
calibracion,nanoTime,vacio,0,823,62
calibracion,nanoTime,vacio,0,824,64
calibracion,nanoTime,vacio,0,825,65
calibracion,nanoTime,vacio,0,826,65
calibracion,nanoTime,vacio,0,827,64
calibracion,nanoTime,vacio,0,828,130
calibracion,nanoTime,vacio,0,829,71
calibracion,nanoTime,vacio,0,830,65
calibracion,nanoTime,vacio,0,831,64
calibracion,nanoTime,vacio,0,832,63
calibracion,nanoTime,vacio,0,833,72
calibracion,nanoTime,vacio,0,834,68
calibracion,nanoTime,vacio,0,835,75
calibracion,nanoTime,vacio,0,836,124
calibracion,nanoTime,vacio,0,837,69
calibracion,nanoTime,vacio,0,838,64
calibracion,nanoTime,vacio,0,839,68
calibracion,nanoTime,vacio,0,840,68
calibracion,nanoTime,vacio,0,841,61
calibracion,nanoTime,vacio,0,842,65
calibracion,nanoTime,vacio,0,843,71
calibracion,nanoTime,vacio,0,844,146
calibracion,nanoTime,vacio,0,845,67
calibracion,nanoTime,vacio,0,846,69
calibracion,nanoTime,vacio,0,847,68
calibracion,nanoTime,vacio,0,848,64
calibracion,nanoTime,vacio,0,849,75
calibracion,nanoTime,vacio,0,850,74
calibracion,nanoTime,vacio,0,851,63
calibracion,nanoTime,vacio,0,852,118
calibracion,nanoTime,vacio,0,853,72
calibracion,nanoTime,vacio,0,854,72
calibracion,nanoTime,vacio,0,855,72
calibracion,nanoTime,vacio,0,856,62
calibracion,nanoTime,vacio,0,857,62
calibracion,nanoTime,vacio,0,858,65
calibracion,nanoTime,vacio,0,859,67
calibracion,nanoTime,vacio,0,860,135
calibracion,nanoTime,vacio,0,861,75
calibracion,nanoTime,vacio,0,862,78
calibracion,nanoTime,vacio,0,863,63
calibracion,nanoTime,vacio,0,864,64
calibracion,nanoTime,vacio,0,865,64
calibracion,nanoTime,vacio,0,866,65
calibracion,nanoTime,vacio,0,867,63
calibracion,nanoTime,vacio,0,868,137
calibracion,nanoTime,vacio,0,869,68
calibracion,nanoTime,vacio,0,870,75
calibracion,nanoTime,vacio,0,871,72
calibracion,nanoTime,vacio,0,872,73
calibracion,nanoTime,vacio,0,873,71
calibracion,nanoTime,vacio,0,874,63
calibracion,nanoTime,vacio,0,875,72
calibracion,nanoTime,vacio,0,876,201
calibracion,nanoTime,vacio,0,877,61
calibracion,nanoTime,vacio,0,878,70
calibracion,nanoTime,vacio,0,879,73
calibracion,nanoTime,vacio,0,880,75
calibracion,nanoTime,vacio,0,881,63
calibracion,nanoTime,vacio,0,882,85
calibracion,nanoTime,vacio,0,883,65
calibracion,nanoTime,vacio,0,884,184
calibracion,nanoTime,vacio,0,885,66
calibracion,nanoTime,vacio,0,886,66
calibracion,nanoTime,vacio,0,887,62
calibracion,nanoTime,vacio,0,888,65
calibracion,nanoTime,vacio,0,889,65
calibracion,nanoTime,vacio,0,890,67
calibracion,nanoTime,vacio,0,891,62
calibracion,nanoTime,vacio,0,892,154
calibracion,nanoTime,vacio,0,893,64
calibracion,nanoTime,vacio,0,894,62
calibracion,nanoTime,vacio,0,895,72
calibracion,nanoTime,vacio,0,896,71
calibracion,nanoTime,vacio,0,897,67
calibracion,nanoTime,vacio,0,898,71
calibracion,nanoTime,vacio,0,899,66
calibracion,nanoTime,vacio,0,900,124
calibracion,nanoTime,vacio,0,901,69
calibracion,nanoTime,vacio,0,902,64
calibracion,nanoTime,vacio,0,903,74
calibracion,nanoTime,vacio,0,904,71
calibracion,nanoTime,vacio,0,905,72
calibracion,nanoTime,vacio,0,906,64
calibracion,nanoTime,vacio,0,907,63
calibracion,nanoTime,vacio,0,908,146
calibracion,nanoTime,vacio,0,909,64
calibracion,nanoTime,vacio,0,910,63
calibracion,nanoTime,vacio,0,911,73
calibracion,nanoTime,vacio,0,912,64
calibracion,nanoTime,vacio,0,913,67
calibracion,nanoTime,vacio,0,914,71
calibracion,nanoTime,vacio,0,915,65
calibracion,nanoTime,vacio,0,916,137
calibracion,nanoTime,vacio,0,917,71
calibracion,nanoTime,vacio,0,918,64
calibracion,nanoTime,vacio,0,919,72
calibracion,nanoTime,vacio,0,920,65
calibracion,nanoTime,vacio,0,921,72
calibracion,nanoTime,vacio,0,922,68
calibracion,nanoTime,vacio,0,923,713
calibracion,nanoTime,vacio,0,924,168
calibracion,nanoTime,vacio,0,925,67
calibracion,nanoTime,vacio,0,926,76
calibracion,nanoTime,vacio,0,927,66
calibracion,nanoTime,vacio,0,928,67
calibracion,nanoTime,vacio,0,929,72
calibracion,nanoTime,vacio,0,930,67
calibracion,nanoTime,vacio,0,931,63
calibracion,nanoTime,vacio,0,932,137
calibracion,nanoTime,vacio,0,933,75
calibracion,nanoTime,vacio,0,934,70
calibracion,nanoTime,vacio,0,935,66
calibracion,nanoTime,vacio,0,936,72
calibracion,nanoTime,vacio,0,937,72
calibracion,nanoTime,vacio,0,938,65
calibracion,nanoTime,vacio,0,939,68
calibracion,nanoTime,vacio,0,940,134
calibracion,nanoTime,vacio,0,941,67
calibracion,nanoTime,vacio,0,942,68
calibracion,nanoTime,vacio,0,943,73
calibracion,nanoTime,vacio,0,944,65
calibracion,nanoTime,vacio,0,945,74
calibracion,nanoTime,vacio,0,946,74
calibracion,nanoTime,vacio,0,947,64
calibracion,nanoTime,vacio,0,948,123
calibracion,nanoTime,vacio,0,949,73
calibracion,nanoTime,vacio,0,950,66
calibracion,nanoTime,vacio,0,951,67
calibracion,nanoTime,vacio,0,952,74
calibracion,nanoTime,vacio,0,953,67
calibracion,nanoTime,vacio,0,954,67
calibracion,nanoTime,vacio,0,955,73
calibracion,nanoTime,vacio,0,956,120
calibracion,nanoTime,vacio,0,957,70
calibracion,nanoTime,vacio,0,958,70
calibracion,nanoTime,vacio,0,959,64
calibracion,nanoTime,vacio,0,960,70
calibracion,nanoTime,vacio,0,961,67
calibracion,nanoTime,vacio,0,962,64
calibracion,nanoTime,vacio,0,963,68
calibracion,nanoTime,vacio,0,964,117
calibracion,nanoTime,vacio,0,965,69
calibracion,nanoTime,vacio,0,966,64
calibracion,nanoTime,vacio,0,967,72
calibracion,nanoTime,vacio,0,968,67
calibracion,nanoTime,vacio,0,969,71
calibracion,nanoTime,vacio,0,970,75
calibracion,nanoTime,vacio,0,971,64
calibracion,nanoTime,vacio,0,972,126
calibracion,nanoTime,vacio,0,973,75
calibracion,nanoTime,vacio,0,974,66
calibracion,nanoTime,vacio,0,975,67
calibracion,nanoTime,vacio,0,976,67
calibracion,nanoTime,vacio,0,977,72
calibracion,nanoTime,vacio,0,978,66
calibracion,nanoTime,vacio,0,979,80
calibracion,nanoTime,vacio,0,980,123
calibracion,nanoTime,vacio,0,981,77
calibracion,nanoTime,vacio,0,982,72
calibracion,nanoTime,vacio,0,983,73
calibracion,nanoTime,vacio,0,984,71
calibracion,nanoTime,vacio,0,985,69
calibracion,nanoTime,vacio,0,986,74
calibracion,nanoTime,vacio,0,987,73
calibracion,nanoTime,vacio,0,988,275
calibracion,nanoTime,vacio,0,989,67
calibracion,nanoTime,vacio,0,990,69
calibracion,nanoTime,vacio,0,991,74
calibracion,nanoTime,vacio,0,992,71
calibracion,nanoTime,vacio,0,993,70
calibracion,nanoTime,vacio,0,994,67
calibracion,nanoTime,vacio,0,995,73
calibracion,nanoTime,vacio,0,996,68
calibracion,nanoTime,vacio,0,997,65
calibracion,nanoTime,vacio,0,998,65
calibracion,nanoTime,vacio,0,999,63
lista,SLL sin cola,PushFront,10,0,44
lista,SLL sin cola,PushFront,10,1,44
lista,SLL sin cola,PushFront,10,2,44
lista,SLL sin cola,PushFront,10,3,44
lista,SLL sin cola,PushFront,10,4,43
lista,SLL sin cola,PushFront,10,5,44
lista,SLL sin cola,PushFront,10,6,44
lista,SLL sin cola,PushFront,10,7,43
lista,SLL sin cola,PushFront,10,8,44
lista,SLL sin cola,PushFront,10,9,44
lista,SLL sin cola,PushFront,10,10,45
lista,SLL sin cola,PushFront,10,11,44
lista,SLL sin cola,PushFront,10,12,45
lista,SLL sin cola,PushFront,10,13,42
lista,SLL sin cola,PushFront,10,14,44
lista,SLL sin cola,PushFront,10,15,45
lista,SLL sin cola,PushFront,10,16,45
lista,SLL sin cola,PushFront,10,17,43
lista,SLL sin cola,PushFront,10,18,44
lista,SLL sin cola,PushFront,10,19,44
lista,SLL sin cola,PushFront,10,20,44
lista,SLL sin cola,PushFront,10,21,44
lista,SLL sin cola,PushFront,10,22,45
lista,SLL sin cola,PushFront,10,23,44
lista,SLL sin cola,PushFront,10,24,43
lista,SLL sin cola,PushFront,10,25,44
lista,SLL sin cola,PushFront,10,26,43
lista,SLL sin cola,PushFront,10,27,44
lista,SLL sin cola,PushFront,10,28,43
lista,SLL sin cola,PushFront,10,29,351
lista,SLL sin cola,PushFront,10,30,44
lista,SLL sin cola,PushFront,10,31,45
lista,SLL sin cola,PushFront,10,32,45
lista,SLL sin cola,PushFront,10,33,44
lista,SLL sin cola,PushFront,10,34,44
lista,SLL sin cola,PushFront,10,35,44
lista,SLL sin cola,PushFront,10,36,45
lista,SLL sin cola,PushFront,10,37,48
lista,SLL sin cola,PushFront,10,38,44
lista,SLL sin cola,PushFront,10,39,45
lista,SLL sin cola,PushFront,10,40,44
lista,SLL sin cola,PushFront,10,41,44
lista,SLL sin cola,PushFront,10,42,42
lista,SLL sin cola,PushFront,10,43,44
lista,SLL sin cola,PushFront,10,44,43
lista,SLL sin cola,PushFront,10,45,83
lista,SLL sin cola,PushFront,10,46,45
lista,SLL sin cola,PushFront,10,47,44
lista,SLL sin cola,PushFront,10,48,44
lista,SLL sin cola,PushFront,10,49,44
lista,SLL sin cola,PushBack,10,0,53
lista,SLL sin cola,PushBack,10,1,52
lista,SLL sin cola,PushBack,10,2,54
lista,SLL sin cola,PushBack,10,3,53
lista,SLL sin cola,PushBack,10,4,53
lista,SLL sin cola,PushBack,10,5,53
lista,SLL sin cola,PushBack,10,6,52
lista,SLL sin cola,PushBack,10,7,52
lista,SLL sin cola,PushBack,10,8,53
lista,SLL sin cola,PushBack,10,9,52
lista,SLL sin cola,PushBack,10,10,52
lista,SLL sin cola,PushBack,10,11,53
lista,SLL sin cola,PushBack,10,12,55
lista,SLL sin cola,PushBack,10,13,56
lista,SLL sin cola,PushBack,10,14,53
lista,SLL sin cola,PushBack,10,15,52
lista,SLL sin cola,PushBack,10,16,52
lista,SLL sin cola,PushBack,10,17,54
lista,SLL sin cola,PushBack,10,18,53
lista,SLL sin cola,PushBack,10,19,52
lista,SLL sin cola,PushBack,10,20,52
lista,SLL sin cola,PushBack,10,21,53
lista,SLL sin cola,PushBack,10,22,52
lista,SLL sin cola,PushBack,10,23,53
lista,SLL sin cola,PushBack,10,24,53
lista,SLL sin cola,PushBack,10,25,52
lista,SLL sin cola,PushBack,10,26,53
lista,SLL sin cola,PushBack,10,27,52
lista,SLL sin cola,PushBack,10,28,52
lista,SLL sin cola,PushBack,10,29,53
lista,SLL sin cola,PushBack,10,30,53
lista,SLL sin cola,PushBack,10,31,52
lista,SLL sin cola,PushBack,10,32,52
lista,SLL sin cola,PushBack,10,33,52
lista,SLL sin cola,PushBack,10,34,52
lista,SLL sin cola,PushBack,10,35,51
lista,SLL sin cola,PushBack,10,36,50
lista,SLL sin cola,PushBack,10,37,52
lista,SLL sin cola,PushBack,10,38,53
lista,SLL sin cola,PushBack,10,39,52
lista,SLL sin cola,PushBack,10,40,52
lista,SLL sin cola,PushBack,10,41,52
lista,SLL sin cola,PushBack,10,42,53
lista,SLL sin cola,PushBack,10,43,51
lista,SLL sin cola,PushBack,10,44,53
lista,SLL sin cola,PushBack,10,45,53
lista,SLL sin cola,PushBack,10,46,53
lista,SLL sin cola,PushBack,10,47,53
lista,SLL sin cola,PushBack,10,48,52
lista,SLL sin cola,PushBack,10,49,52
lista,SLL sin cola,PopFront,10,0,47
lista,SLL sin cola,PopFront,10,1,53
lista,SLL sin cola,PopFront,10,2,46
lista,SLL sin cola,PopFront,10,3,45
lista,SLL sin cola,PopFront,10,4,46
lista,SLL sin cola,PopFront,10,5,47
lista,SLL sin cola,PopFront,10,6,46
lista,SLL sin cola,PopFront,10,7,46
lista,SLL sin cola,PopFront,10,8,46
lista,SLL sin cola,PopFront,10,9,46
lista,SLL sin cola,PopFront,10,10,46
lista,SLL sin cola,PopFront,10,11,46
lista,SLL sin cola,PopFront,10,12,46
lista,SLL sin cola,PopFront,10,13,46
lista,SLL sin cola,PopFront,10,14,45
lista,SLL sin cola,PopFront,10,15,46
lista,SLL sin cola,PopFront,10,16,46
lista,SLL sin cola,PopFront,10,17,46
lista,SLL sin cola,PopFront,10,18,47
lista,SLL sin cola,PopFront,10,19,46
lista,SLL sin cola,PopFront,10,20,46
lista,SLL sin cola,PopFront,10,21,45
lista,SLL sin cola,PopFront,10,22,46
lista,SLL sin cola,PopFront,10,23,47
lista,SLL sin cola,PopFront,10,24,45
lista,SLL sin cola,PopFront,10,25,46
lista,SLL sin cola,PopFront,10,26,46
lista,SLL sin cola,PopFront,10,27,46
lista,SLL sin cola,PopFront,10,28,47
lista,SLL sin cola,PopFront,10,29,45
lista,SLL sin cola,PopFront,10,30,46
lista,SLL sin cola,PopFront,10,31,47
lista,SLL sin cola,PopFront,10,32,46
lista,SLL sin cola,PopFront,10,33,46
lista,SLL sin cola,PopFront,10,34,46
lista,SLL sin cola,PopFront,10,35,46
lista,SLL sin cola,PopFront,10,36,45
lista,SLL sin cola,PopFront,10,37,47
lista,SLL sin cola,PopFront,10,38,46
lista,SLL sin cola,PopFront,10,39,46
lista,SLL sin cola,PopFront,10,40,47
lista,SLL sin cola,PopFront,10,41,48
lista,SLL sin cola,PopFront,10,42,46
lista,SLL sin cola,PopFront,10,43,45
lista,SLL sin cola,PopFront,10,44,46
lista,SLL sin cola,PopFront,10,45,46
lista,SLL sin cola,PopFront,10,46,46
lista,SLL sin cola,PopFront,10,47,45
lista,SLL sin cola,PopFront,10,48,46
lista,SLL sin cola,PopFront,10,49,46
lista,SLL sin cola,PopBack,10,0,57
lista,SLL sin cola,PopBack,10,1,77
lista,SLL sin cola,PopBack,10,2,58
lista,SLL sin cola,PopBack,10,3,57
lista,SLL sin cola,PopBack,10,4,58
lista,SLL sin cola,PopBack,10,5,58
lista,SLL sin cola,PopBack,10,6,58
lista,SLL sin cola,PopBack,10,7,58
lista,SLL sin cola,PopBack,10,8,58
lista,SLL sin cola,PopBack,10,9,58
lista,SLL sin cola,PopBack,10,10,59
lista,SLL sin cola,PopBack,10,11,58
lista,SLL sin cola,PopBack,10,12,59
lista,SLL sin cola,PopBack,10,13,57
lista,SLL sin cola,PopBack,10,14,58
lista,SLL sin cola,PopBack,10,15,58
lista,SLL sin cola,PopBack,10,16,59
lista,SLL sin cola,PopBack,10,17,58
lista,SLL sin cola,PopBack,10,18,57
lista,SLL sin cola,PopBack,10,19,59
lista,SLL sin cola,PopBack,10,20,57
lista,SLL sin cola,PopBack,10,21,58
lista,SLL sin cola,PopBack,10,22,57
lista,SLL sin cola,PopBack,10,23,57
lista,SLL sin cola,PopBack,10,24,59
lista,SLL sin cola,PopBack,10,25,58
lista,SLL sin cola,PopBack,10,26,57
lista,SLL sin cola,PopBack,10,27,59
lista,SLL sin cola,PopBack,10,28,58
lista,SLL sin cola,PopBack,10,29,57
lista,SLL sin cola,PopBack,10,30,59
lista,SLL sin cola,PopBack,10,31,57
lista,SLL sin cola,PopBack,10,32,59
lista,SLL sin cola,PopBack,10,33,58
lista,SLL sin cola,PopBack,10,34,58
lista,SLL sin cola,PopBack,10,35,60
lista,SLL sin cola,PopBack,10,36,58
lista,SLL sin cola,PopBack,10,37,59
lista,SLL sin cola,PopBack,10,38,58
lista,SLL sin cola,PopBack,10,39,59
lista,SLL sin cola,PopBack,10,40,58
lista,SLL sin cola,PopBack,10,41,57
lista,SLL sin cola,PopBack,10,42,57
lista,SLL sin cola,PopBack,10,43,59
lista,SLL sin cola,PopBack,10,44,58
lista,SLL sin cola,PopBack,10,45,59
lista,SLL sin cola,PopBack,10,46,58
lista,SLL sin cola,PopBack,10,47,58
lista,SLL sin cola,PopBack,10,48,58
lista,SLL sin cola,PopBack,10,49,58
lista,SLL sin cola,TopFront,10,0,50
lista,SLL sin cola,TopFront,10,1,58
lista,SLL sin cola,TopFront,10,2,51
lista,SLL sin cola,TopFront,10,3,51
lista,SLL sin cola,TopFront,10,4,51
lista,SLL sin cola,TopFront,10,5,51
lista,SLL sin cola,TopFront,10,6,51
lista,SLL sin cola,TopFront,10,7,51
lista,SLL sin cola,TopFront,10,8,51
lista,SLL sin cola,TopFront,10,9,50
lista,SLL sin cola,TopFront,10,10,52
lista,SLL sin cola,TopFront,10,11,51
lista,SLL sin cola,TopFront,10,12,50
lista,SLL sin cola,TopFront,10,13,51
lista,SLL sin cola,TopFront,10,14,51
lista,SLL sin cola,TopFront,10,15,52
lista,SLL sin cola,TopFront,10,16,52
lista,SLL sin cola,TopFront,10,17,51
lista,SLL sin cola,TopFront,10,18,51
lista,SLL sin cola,TopFront,10,19,51
lista,SLL sin cola,TopFront,10,20,51
lista,SLL sin cola,TopFront,10,21,50
lista,SLL sin cola,TopFront,10,22,50
lista,SLL sin cola,TopFront,10,23,51
lista,SLL sin cola,TopFront,10,24,51
lista,SLL sin cola,TopFront,10,25,51
lista,SLL sin cola,TopFront,10,26,50
lista,SLL sin cola,TopFront,10,27,51
lista,SLL sin cola,TopFront,10,28,51
lista,SLL sin cola,TopFront,10,29,51
lista,SLL sin cola,TopFront,10,30,51
lista,SLL sin cola,TopFront,10,31,52
lista,SLL sin cola,TopFront,10,32,52
lista,SLL sin cola,TopFront,10,33,51
lista,SLL sin cola,TopFront,10,34,51
lista,SLL sin cola,TopFront,10,35,53
lista,SLL sin cola,TopFront,10,36,50
lista,SLL sin cola,TopFront,10,37,50
lista,SLL sin cola,TopFront,10,38,49
lista,SLL sin cola,TopFront,10,39,51
lista,SLL sin cola,TopFront,10,40,52
lista,SLL sin cola,TopFront,10,41,52
lista,SLL sin cola,TopFront,10,42,51
lista,SLL sin cola,TopFront,10,43,51
lista,SLL sin cola,TopFront,10,44,52
lista,SLL sin cola,TopFront,10,45,51
lista,SLL sin cola,TopFront,10,46,50
lista,SLL sin cola,TopFront,10,47,50
lista,SLL sin cola,TopFront,10,48,50
lista,SLL sin cola,TopFront,10,49,52
lista,SLL sin cola,TopBack,10,0,59
lista,SLL sin cola,TopBack,10,1,83
lista,SLL sin cola,TopBack,10,2,58
lista,SLL sin cola,TopBack,10,3,59
lista,SLL sin cola,TopBack,10,4,59
lista,SLL sin cola,TopBack,10,5,59
lista,SLL sin cola,TopBack,10,6,59
lista,SLL sin cola,TopBack,10,7,59
lista,SLL sin cola,TopBack,10,8,59
lista,SLL sin cola,TopBack,10,9,60
lista,SLL sin cola,TopBack,10,10,59
lista,SLL sin cola,TopBack,10,11,59
lista,SLL sin cola,TopBack,10,12,59
lista,SLL sin cola,TopBack,10,13,59
lista,SLL sin cola,TopBack,10,14,58
lista,SLL sin cola,TopBack,10,15,59
lista,SLL sin cola,TopBack,10,16,58
lista,SLL sin cola,TopBack,10,17,59
lista,SLL sin cola,TopBack,10,18,59
lista,SLL sin cola,TopBack,10,19,58
lista,SLL sin cola,TopBack,10,20,59
lista,SLL sin cola,TopBack,10,21,58
lista,SLL sin cola,TopBack,10,22,58
lista,SLL sin cola,TopBack,10,23,59
lista,SLL sin cola,TopBack,10,24,59
lista,SLL sin cola,TopBack,10,25,59
lista,SLL sin cola,TopBack,10,26,61
lista,SLL sin cola,TopBack,10,27,59
lista,SLL sin cola,TopBack,10,28,59
lista,SLL sin cola,TopBack,10,29,59
lista,SLL sin cola,TopBack,10,30,59
lista,SLL sin cola,TopBack,10,31,60
lista,SLL sin cola,TopBack,10,32,60
lista,SLL sin cola,TopBack,10,33,58
lista,SLL sin cola,TopBack,10,34,59
lista,SLL sin cola,TopBack,10,35,59
lista,SLL sin cola,TopBack,10,36,58
lista,SLL sin cola,TopBack,10,37,59
lista,SLL sin cola,TopBack,10,38,58
lista,SLL sin cola,TopBack,10,39,58
lista,SLL sin cola,TopBack,10,40,59
lista,SLL sin cola,TopBack,10,41,57
lista,SLL sin cola,TopBack,10,42,60
lista,SLL sin cola,TopBack,10,43,58
lista,SLL sin cola,TopBack,10,44,60
lista,SLL sin cola,TopBack,10,45,59
lista,SLL sin cola,TopBack,10,46,59
lista,SLL sin cola,TopBack,10,47,59
lista,SLL sin cola,TopBack,10,48,58
lista,SLL sin cola,TopBack,10,49,58
lista,SLL sin cola,Find,10,0,96
lista,SLL sin cola,Find,10,1,158
lista,SLL sin cola,Find,10,2,121
lista,SLL sin cola,Find,10,3,86
lista,SLL sin cola,Find,10,4,186
lista,SLL sin cola,Find,10,5,112
lista,SLL sin cola,Find,10,6,91
lista,SLL sin cola,Find,10,7,79
lista,SLL sin cola,Find,10,8,80
lista,SLL sin cola,Find,10,9,84
lista,SLL sin cola,Find,10,10,133
lista,SLL sin cola,Find,10,11,125
lista,SLL sin cola,Find,10,12,84
lista,SLL sin cola,Find,10,13,104
lista,SLL sin cola,Find,10,14,104
lista,SLL sin cola,Find,10,15,103
lista,SLL sin cola,Find,10,16,111
lista,SLL sin cola,Find,10,17,111
lista,SLL sin cola,Find,10,18,114
lista,SLL sin cola,Find,10,19,109
lista,SLL sin cola,Find,10,20,103
lista,SLL sin cola,Find,10,21,106
lista,SLL sin cola,Find,10,22,96
lista,SLL sin cola,Find,10,23,97
lista,SLL sin cola,Find,10,24,83
lista,SLL sin cola,Find,10,25,225
lista,SLL sin cola,Find,10,26,98
lista,SLL sin cola,Find,10,27,89
lista,SLL sin cola,Find,10,28,89
lista,SLL sin cola,Find,10,29,79
lista,SLL sin cola,Find,10,30,77
lista,SLL sin cola,Find,10,31,126
lista,SLL sin cola,Find,10,32,121
lista,SLL sin cola,Find,10,33,108
lista,SLL sin cola,Find,10,34,103
lista,SLL sin cola,Find,10,35,118
lista,SLL sin cola,Find,10,36,115
lista,SLL sin cola,Find,10,37,105
lista,SLL sin cola,Find,10,38,98
lista,SLL sin cola,Find,10,39,135
lista,SLL sin cola,Find,10,40,156
lista,SLL sin cola,Find,10,41,101
lista,SLL sin cola,Find,10,42,140
lista,SLL sin cola,Find,10,43,122
lista,SLL sin cola,Find,10,44,122
lista,SLL sin cola,Find,10,45,128
lista,SLL sin cola,Find,10,46,141
lista,SLL sin cola,Find,10,47,124
lista,SLL sin cola,Find,10,48,115
lista,SLL sin cola,Find,10,49,112
lista,SLL sin cola,Erase,10,0,105
lista,SLL sin cola,Erase,10,1,97
lista,SLL sin cola,Erase,10,2,111
lista,SLL sin cola,Erase,10,3,95
lista,SLL sin cola,Erase,10,4,77
lista,SLL sin cola,Erase,10,5,103
lista,SLL sin cola,Erase,10,6,86
lista,SLL sin cola,Erase,10,7,84
lista,SLL sin cola,Erase,10,8,78
lista,SLL sin cola,Erase,10,9,77
lista,SLL sin cola,Erase,10,10,79
lista,SLL sin cola,Erase,10,11,103
lista,SLL sin cola,Erase,10,12,80
lista,SLL sin cola,Erase,10,13,123
lista,SLL sin cola,Erase,10,14,114
lista,SLL sin cola,Erase,10,15,128
lista,SLL sin cola,Erase,10,16,96
lista,SLL sin cola,Erase,10,17,78
lista,SLL sin cola,Erase,10,18,80
lista,SLL sin cola,Erase,10,19,76
lista,SLL sin cola,Erase,10,20,109
lista,SLL sin cola,Erase,10,21,86
lista,SLL sin cola,Erase,10,22,85
lista,SLL sin cola,Erase,10,23,93
lista,SLL sin cola,Erase,10,24,78
lista,SLL sin cola,Erase,10,25,81
lista,SLL sin cola,Erase,10,26,77
lista,SLL sin cola,Erase,10,27,85
lista,SLL sin cola,Erase,10,28,101
lista,SLL sin cola,Erase,10,29,116
lista,SLL sin cola,Erase,10,30,91
lista,SLL sin cola,Erase,10,31,78
lista,SLL sin cola,Erase,10,32,85
lista,SLL sin cola,Erase,10,33,77
lista,SLL sin cola,Erase,10,34,80
lista,SLL sin cola,Erase,10,35,97
lista,SLL sin cola,Erase,10,36,77
lista,SLL sin cola,Erase,10,37,99
lista,SLL sin cola,Erase,10,38,114
lista,SLL sin cola,Erase,10,39,130
lista,SLL sin cola,Erase,10,40,109
lista,SLL sin cola,Erase,10,41,117
lista,SLL sin cola,Erase,10,42,120
lista,SLL sin cola,Erase,10,43,121
lista,SLL sin cola,Erase,10,44,99
lista,SLL sin cola,Erase,10,45,107
lista,SLL sin cola,Erase,10,46,108
lista,SLL sin cola,Erase,10,47,103
lista,SLL sin cola,Erase,10,48,87
lista,SLL sin cola,Erase,10,49,92
lista,SLL sin cola,AddBefore,10,0,68
lista,SLL sin cola,AddBefore,10,1,69
lista,SLL sin cola,AddBefore,10,2,68
lista,SLL sin cola,AddBefore,10,3,69
lista,SLL sin cola,AddBefore,10,4,69
lista,SLL sin cola,AddBefore,10,5,70
lista,SLL sin cola,AddBefore,10,6,71
lista,SLL sin cola,AddBefore,10,7,72
lista,SLL sin cola,AddBefore,10,8,69
lista,SLL sin cola,AddBefore,10,9,68
lista,SLL sin cola,AddBefore,10,10,67
lista,SLL sin cola,AddBefore,10,11,68
lista,SLL sin cola,AddBefore,10,12,76
lista,SLL sin cola,AddBefore,10,13,70
lista,SLL sin cola,AddBefore,10,14,66
lista,SLL sin cola,AddBefore,10,15,71
lista,SLL sin cola,AddBefore,10,16,69
lista,SLL sin cola,AddBefore,10,17,69
lista,SLL sin cola,AddBefore,10,18,74
lista,SLL sin cola,AddBefore,10,19,72
lista,SLL sin cola,AddBefore,10,20,80
lista,SLL sin cola,AddBefore,10,21,79
lista,SLL sin cola,AddBefore,10,22,74
lista,SLL sin cola,AddBefore,10,23,87
lista,SLL sin cola,AddBefore,10,24,83
lista,SLL sin cola,AddBefore,10,25,81
lista,SLL sin cola,AddBefore,10,26,82
lista,SLL sin cola,AddBefore,10,27,89
lista,SLL sin cola,AddBefore,10,28,91
lista,SLL sin cola,AddBefore,10,29,86
lista,SLL sin cola,AddBefore,10,30,90
lista,SLL sin cola,AddBefore,10,31,80
lista,SLL sin cola,AddBefore,10,32,88
lista,SLL sin cola,AddBefore,10,33,81
lista,SLL sin cola,AddBefore,10,34,75
lista,SLL sin cola,AddBefore,10,35,98
lista,SLL sin cola,AddBefore,10,36,92
lista,SLL sin cola,AddBefore,10,37,93
lista,SLL sin cola,AddBefore,10,38,98
lista,SLL sin cola,AddBefore,10,39,91
lista,SLL sin cola,AddBefore,10,40,99
lista,SLL sin cola,AddBefore,10,41,71
lista,SLL sin cola,AddBefore,10,42,78
lista,SLL sin cola,AddBefore,10,43,95
lista,SLL sin cola,AddBefore,10,44,91
lista,SLL sin cola,AddBefore,10,45,93
lista,SLL sin cola,AddBefore,10,46,91
lista,SLL sin cola,AddBefore,10,47,90
lista,SLL sin cola,AddBefore,10,48,69
lista,SLL sin cola,AddBefore,10,49,79
lista,SLL sin cola,AddAfter,10,0,50
lista,SLL sin cola,AddAfter,10,1,50
lista,SLL sin cola,AddAfter,10,2,48
lista,SLL sin cola,AddAfter,10,3,51
lista,SLL sin cola,AddAfter,10,4,47
lista,SLL sin cola,AddAfter,10,5,51
lista,SLL sin cola,AddAfter,10,6,49
lista,SLL sin cola,AddAfter,10,7,48
lista,SLL sin cola,AddAfter,10,8,47
lista,SLL sin cola,AddAfter,10,9,50
lista,SLL sin cola,AddAfter,10,10,48
lista,SLL sin cola,AddAfter,10,11,48
lista,SLL sin cola,AddAfter,10,12,48
lista,SLL sin cola,AddAfter,10,13,50
lista,SLL sin cola,AddAfter,10,14,51
lista,SLL sin cola,AddAfter,10,15,48
lista,SLL sin cola,AddAfter,10,16,48
lista,SLL sin cola,AddAfter,10,17,48
lista,SLL sin cola,AddAfter,10,18,46
lista,SLL sin cola,AddAfter,10,19,48
lista,SLL sin cola,AddAfter,10,20,47
lista,SLL sin cola,AddAfter,10,21,48
lista,SLL sin cola,AddAfter,10,22,48
lista,SLL sin cola,AddAfter,10,23,49
lista,SLL sin cola,AddAfter,10,24,47
lista,SLL sin cola,AddAfter,10,25,48
lista,SLL sin cola,AddAfter,10,26,48
lista,SLL sin cola,AddAfter,10,27,47
lista,SLL sin cola,AddAfter,10,28,47
lista,SLL sin cola,AddAfter,10,29,47
lista,SLL sin cola,AddAfter,10,30,48
lista,SLL sin cola,AddAfter,10,31,48
lista,SLL sin cola,AddAfter,10,32,48
lista,SLL sin cola,AddAfter,10,33,48
lista,SLL sin cola,AddAfter,10,34,48
lista,SLL sin cola,AddAfter,10,35,47
lista,SLL sin cola,AddAfter,10,36,47
lista,SLL sin cola,AddAfter,10,37,48
lista,SLL sin cola,AddAfter,10,38,48
lista,SLL sin cola,AddAfter,10,39,47
lista,SLL sin cola,AddAfter,10,40,48
lista,SLL sin cola,AddAfter,10,41,47
lista,SLL sin cola,AddAfter,10,42,47
lista,SLL sin cola,AddAfter,10,43,47
lista,SLL sin cola,AddAfter,10,44,48
lista,SLL sin cola,AddAfter,10,45,48
lista,SLL sin cola,AddAfter,10,46,48
lista,SLL sin cola,AddAfter,10,47,47
lista,SLL sin cola,AddAfter,10,48,47
lista,SLL sin cola,AddAfter,10,49,47
lista,SLL sin cola,Empty,10,0,51
lista,SLL sin cola,Empty,10,1,50
lista,SLL sin cola,Empty,10,2,50
lista,SLL sin cola,Empty,10,3,52
lista,SLL sin cola,Empty,10,4,52
lista,SLL sin cola,Empty,10,5,51
lista,SLL sin cola,Empty,10,6,52
lista,SLL sin cola,Empty,10,7,51
lista,SLL sin cola,Empty,10,8,51
lista,SLL sin cola,Empty,10,9,51
lista,SLL sin cola,Empty,10,10,50
lista,SLL sin cola,Empty,10,11,50
lista,SLL sin cola,Empty,10,12,52
lista,SLL sin cola,Empty,10,13,52
lista,SLL sin cola,Empty,10,14,51
lista,SLL sin cola,Empty,10,15,51
lista,SLL sin cola,Empty,10,16,52
lista,SLL sin cola,Empty,10,17,52
lista,SLL sin cola,Empty,10,18,51
lista,SLL sin cola,Empty,10,19,51
lista,SLL sin cola,Empty,10,20,51
lista,SLL sin cola,Empty,10,21,51
lista,SLL sin cola,Empty,10,22,51
lista,SLL sin cola,Empty,10,23,51
lista,SLL sin cola,Empty,10,24,52
lista,SLL sin cola,Empty,10,25,52
lista,SLL sin cola,Empty,10,26,50
lista,SLL sin cola,Empty,10,27,51
lista,SLL sin cola,Empty,10,28,51
lista,SLL sin cola,Empty,10,29,51
lista,SLL sin cola,Empty,10,30,51
lista,SLL sin cola,Empty,10,31,51
lista,SLL sin cola,Empty,10,32,51
lista,SLL sin cola,Empty,10,33,52
lista,SLL sin cola,Empty,10,34,53
lista,SLL sin cola,Empty,10,35,50
lista,SLL sin cola,Empty,10,36,49
lista,SLL sin cola,Empty,10,37,52
lista,SLL sin cola,Empty,10,38,52
lista,SLL sin cola,Empty,10,39,50
lista,SLL sin cola,Empty,10,40,51
lista,SLL sin cola,Empty,10,41,52
lista,SLL sin cola,Empty,10,42,52
lista,SLL sin cola,Empty,10,43,51
lista,SLL sin cola,Empty,10,44,51
lista,SLL sin cola,Empty,10,45,52
lista,SLL sin cola,Empty,10,46,52
lista,SLL sin cola,Empty,10,47,50
lista,SLL sin cola,Empty,10,48,50
lista,SLL sin cola,Empty,10,49,50
lista,SLL sin cola,Size,10,0,53
lista,SLL sin cola,Size,10,1,69
lista,SLL sin cola,Size,10,2,52
lista,SLL sin cola,Size,10,3,53
lista,SLL sin cola,Size,10,4,51
lista,SLL sin cola,Size,10,5,51
lista,SLL sin cola,Size,10,6,52
lista,SLL sin cola,Size,10,7,54
lista,SLL sin cola,Size,10,8,52
lista,SLL sin cola,Size,10,9,52
lista,SLL sin cola,Size,10,10,52
lista,SLL sin cola,Size,10,11,51
lista,SLL sin cola,Size,10,12,52
lista,SLL sin cola,Size,10,13,52
lista,SLL sin cola,Size,10,14,53
lista,SLL sin cola,Size,10,15,52
lista,SLL sin cola,Size,10,16,52
lista,SLL sin cola,Size,10,17,51
lista,SLL sin cola,Size,10,18,53
lista,SLL sin cola,Size,10,19,52
lista,SLL sin cola,Size,10,20,51
lista,SLL sin cola,Size,10,21,52
lista,SLL sin cola,Size,10,22,51
lista,SLL sin cola,Size,10,23,52
lista,SLL sin cola,Size,10,24,54
lista,SLL sin cola,Size,10,25,52
lista,SLL sin cola,Size,10,26,51
lista,SLL sin cola,Size,10,27,51
lista,SLL sin cola,Size,10,28,53
lista,SLL sin cola,Size,10,29,52
lista,SLL sin cola,Size,10,30,52
lista,SLL sin cola,Size,10,31,51
lista,SLL sin cola,Size,10,32,52
lista,SLL sin cola,Size,10,33,52
lista,SLL sin cola,Size,10,34,52
lista,SLL sin cola,Size,10,35,52
lista,SLL sin cola,Size,10,36,52
lista,SLL sin cola,Size,10,37,51
lista,SLL sin cola,Size,10,38,54
lista,SLL sin cola,Size,10,39,53
lista,SLL sin cola,Size,10,40,51
lista,SLL sin cola,Size,10,41,51
lista,SLL sin cola,Size,10,42,52
lista,SLL sin cola,Size,10,43,52
lista,SLL sin cola,Size,10,44,53
lista,SLL sin cola,Size,10,45,52
lista,SLL sin cola,Size,10,46,51
lista,SLL sin cola,Size,10,47,52
lista,SLL sin cola,Size,10,48,53
lista,SLL sin cola,Size,10,49,53
lista,SLL con cola,PushFront,10,0,45
lista,SLL con cola,PushFront,10,1,45
lista,SLL con cola,PushFront,10,2,47
lista,SLL con cola,PushFront,10,3,44
lista,SLL con cola,PushFront,10,4,43
lista,SLL con cola,PushFront,10,5,44
lista,SLL con cola,PushFront,10,6,43
lista,SLL con cola,PushFront,10,7,80
lista,SLL con cola,PushFront,10,8,43
lista,SLL con cola,PushFront,10,9,44
lista,SLL con cola,PushFront,10,10,43
lista,SLL con cola,PushFront,10,11,43
lista,SLL con cola,PushFront,10,12,45
lista,SLL con cola,PushFront,10,13,43
lista,SLL con cola,PushFront,10,14,44
lista,SLL con cola,PushFront,10,15,47
lista,SLL con cola,PushFront,10,16,44
lista,SLL con cola,PushFront,10,17,44
lista,SLL con cola,PushFront,10,18,45
lista,SLL con cola,PushFront,10,19,43
lista,SLL con cola,PushFront,10,20,44
lista,SLL con cola,PushFront,10,21,43
lista,SLL con cola,PushFront,10,22,44
lista,SLL con cola,PushFront,10,23,46
lista,SLL con cola,PushFront,10,24,45
lista,SLL con cola,PushFront,10,25,44
lista,SLL con cola,PushFront,10,26,44
lista,SLL con cola,PushFront,10,27,45
lista,SLL con cola,PushFront,10,28,249
lista,SLL con cola,PushFront,10,29,54
lista,SLL con cola,PushFront,10,30,44
lista,SLL con cola,PushFront,10,31,45
lista,SLL con cola,PushFront,10,32,44
lista,SLL con cola,PushFront,10,33,43
lista,SLL con cola,PushFront,10,34,44
lista,SLL con cola,PushFront,10,35,45
lista,SLL con cola,PushFront,10,36,44
lista,SLL con cola,PushFront,10,37,44
lista,SLL con cola,PushFront,10,38,44
lista,SLL con cola,PushFront,10,39,112
lista,SLL con cola,PushFront,10,40,43
lista,SLL con cola,PushFront,10,41,45
lista,SLL con cola,PushFront,10,42,45
lista,SLL con cola,PushFront,10,43,45
lista,SLL con cola,PushFront,10,44,44
lista,SLL con cola,PushFront,10,45,43
lista,SLL con cola,PushFront,10,46,44
lista,SLL con cola,PushFront,10,47,85
lista,SLL con cola,PushFront,10,48,45
lista,SLL con cola,PushFront,10,49,44
lista,SLL con cola,PushBack,10,0,46
lista,SLL con cola,PushBack,10,1,46
lista,SLL con cola,PushBack,10,2,46
lista,SLL con cola,PushBack,10,3,45
lista,SLL con cola,PushBack,10,4,46
lista,SLL con cola,PushBack,10,5,46
lista,SLL con cola,PushBack,10,6,45
lista,SLL con cola,PushBack,10,7,47
lista,SLL con cola,PushBack,10,8,46
lista,SLL con cola,PushBack,10,9,47
lista,SLL con cola,PushBack,10,10,46
lista,SLL con cola,PushBack,10,11,46
lista,SLL con cola,PushBack,10,12,47
lista,SLL con cola,PushBack,10,13,46
lista,SLL con cola,PushBack,10,14,45
lista,SLL con cola,PushBack,10,15,46
lista,SLL con cola,PushBack,10,16,46
lista,SLL con cola,PushBack,10,17,47
lista,SLL con cola,PushBack,10,18,45
lista,SLL con cola,PushBack,10,19,47
lista,SLL con cola,PushBack,10,20,47
lista,SLL con cola,PushBack,10,21,47
lista,SLL con cola,PushBack,10,22,46
lista,SLL con cola,PushBack,10,23,47
lista,SLL con cola,PushBack,10,24,47
lista,SLL con cola,PushBack,10,25,46
lista,SLL con cola,PushBack,10,26,45
lista,SLL con cola,PushBack,10,27,46
lista,SLL con cola,PushBack,10,28,373
lista,SLL con cola,PushBack,10,29,56
lista,SLL con cola,PushBack,10,30,47
lista,SLL con cola,PushBack,10,31,53
lista,SLL con cola,PushBack,10,32,47
lista,SLL con cola,PushBack,10,33,47
lista,SLL con cola,PushBack,10,34,46
lista,SLL con cola,PushBack,10,35,45
lista,SLL con cola,PushBack,10,36,48
lista,SLL con cola,PushBack,10,37,46
lista,SLL con cola,PushBack,10,38,46
lista,SLL con cola,PushBack,10,39,45
lista,SLL con cola,PushBack,10,40,46
lista,SLL con cola,PushBack,10,41,47
lista,SLL con cola,PushBack,10,42,46
lista,SLL con cola,PushBack,10,43,46
lista,SLL con cola,PushBack,10,44,46
lista,SLL con cola,PushBack,10,45,47
lista,SLL con cola,PushBack,10,46,46
lista,SLL con cola,PushBack,10,47,46
lista,SLL con cola,PushBack,10,48,45
lista,SLL con cola,PushBack,10,49,47
lista,SLL con cola,PopFront,10,0,46
lista,SLL con cola,PopFront,10,1,46
lista,SLL con cola,PopFront,10,2,47
lista,SLL con cola,PopFront,10,3,45
lista,SLL con cola,PopFront,10,4,47
lista,SLL con cola,PopFront,10,5,46
lista,SLL con cola,PopFront,10,6,47
lista,SLL con cola,PopFront,10,7,47
lista,SLL con cola,PopFront,10,8,46
lista,SLL con cola,PopFront,10,9,47
lista,SLL con cola,PopFront,10,10,47
lista,SLL con cola,PopFront,10,11,47
lista,SLL con cola,PopFront,10,12,46
lista,SLL con cola,PopFront,10,13,47
lista,SLL con cola,PopFront,10,14,47
lista,SLL con cola,PopFront,10,15,47
lista,SLL con cola,PopFront,10,16,45
lista,SLL con cola,PopFront,10,17,47
lista,SLL con cola,PopFront,10,18,46
lista,SLL con cola,PopFront,10,19,46
lista,SLL con cola,PopFront,10,20,46
lista,SLL con cola,PopFront,10,21,47
lista,SLL con cola,PopFront,10,22,46
lista,SLL con cola,PopFront,10,23,47
lista,SLL con cola,PopFront,10,24,46
lista,SLL con cola,PopFront,10,25,48
lista,SLL con cola,PopFront,10,26,47
lista,SLL con cola,PopFront,10,27,47
lista,SLL con cola,PopFront,10,28,502
lista,SLL con cola,PopFront,10,29,46
lista,SLL con cola,PopFront,10,30,46
lista,SLL con cola,PopFront,10,31,47
lista,SLL con cola,PopFront,10,32,46
lista,SLL con cola,PopFront,10,33,47
lista,SLL con cola,PopFront,10,34,46
lista,SLL con cola,PopFront,10,35,48
lista,SLL con cola,PopFront,10,36,46
lista,SLL con cola,PopFront,10,37,47
lista,SLL con cola,PopFront,10,38,47
lista,SLL con cola,PopFront,10,39,48
lista,SLL con cola,PopFront,10,40,46
lista,SLL con cola,PopFront,10,41,46
lista,SLL con cola,PopFront,10,42,46
lista,SLL con cola,PopFront,10,43,48
lista,SLL con cola,PopFront,10,44,47
lista,SLL con cola,PopFront,10,45,45
lista,SLL con cola,PopFront,10,46,46
lista,SLL con cola,PopFront,10,47,47
lista,SLL con cola,PopFront,10,48,46
lista,SLL con cola,PopFront,10,49,46
lista,SLL con cola,PopBack,10,0,54
lista,SLL con cola,PopBack,10,1,53
lista,SLL con cola,PopBack,10,2,52
lista,SLL con cola,PopBack,10,3,52
lista,SLL con cola,PopBack,10,4,54
lista,SLL con cola,PopBack,10,5,53
lista,SLL con cola,PopBack,10,6,52
lista,SLL con cola,PopBack,10,7,53
lista,SLL con cola,PopBack,10,8,53
lista,SLL con cola,PopBack,10,9,53
lista,SLL con cola,PopBack,10,10,53
lista,SLL con cola,PopBack,10,11,51
lista,SLL con cola,PopBack,10,12,52
lista,SLL con cola,PopBack,10,13,52
lista,SLL con cola,PopBack,10,14,53
lista,SLL con cola,PopBack,10,15,52
lista,SLL con cola,PopBack,10,16,53
lista,SLL con cola,PopBack,10,17,51
lista,SLL con cola,PopBack,10,18,51
lista,SLL con cola,PopBack,10,19,52
lista,SLL con cola,PopBack,10,20,52
lista,SLL con cola,PopBack,10,21,53
lista,SLL con cola,PopBack,10,22,51
lista,SLL con cola,PopBack,10,23,50
lista,SLL con cola,PopBack,10,24,52
lista,SLL con cola,PopBack,10,25,52
lista,SLL con cola,PopBack,10,26,52
lista,SLL con cola,PopBack,10,27,51
lista,SLL con cola,PopBack,10,28,51
lista,SLL con cola,PopBack,10,29,52
lista,SLL con cola,PopBack,10,30,51
lista,SLL con cola,PopBack,10,31,52
lista,SLL con cola,PopBack,10,32,53
lista,SLL con cola,PopBack,10,33,52
lista,SLL con cola,PopBack,10,34,52
lista,SLL con cola,PopBack,10,35,53
lista,SLL con cola,PopBack,10,36,52
lista,SLL con cola,PopBack,10,37,246
lista,SLL con cola,PopBack,10,38,51
lista,SLL con cola,PopBack,10,39,54
lista,SLL con cola,PopBack,10,40,52
lista,SLL con cola,PopBack,10,41,51
lista,SLL con cola,PopBack,10,42,51
lista,SLL con cola,PopBack,10,43,51
lista,SLL con cola,PopBack,10,44,52
lista,SLL con cola,PopBack,10,45,52
lista,SLL con cola,PopBack,10,46,52
lista,SLL con cola,PopBack,10,47,51
lista,SLL con cola,PopBack,10,48,51
lista,SLL con cola,PopBack,10,49,52
lista,SLL con cola,TopFront,10,0,52
lista,SLL con cola,TopFront,10,1,70
lista,SLL con cola,TopFront,10,2,52
lista,SLL con cola,TopFront,10,3,52
lista,SLL con cola,TopFront,10,4,52
lista,SLL con cola,TopFront,10,5,53
lista,SLL con cola,TopFront,10,6,51
lista,SLL con cola,TopFront,10,7,51
lista,SLL con cola,TopFront,10,8,52
lista,SLL con cola,TopFront,10,9,53
lista,SLL con cola,TopFront,10,10,53
lista,SLL con cola,TopFront,10,11,51
lista,SLL con cola,TopFront,10,12,49
lista,SLL con cola,TopFront,10,13,52
lista,SLL con cola,TopFront,10,14,53
lista,SLL con cola,TopFront,10,15,53
lista,SLL con cola,TopFront,10,16,51
lista,SLL con cola,TopFront,10,17,51
lista,SLL con cola,TopFront,10,18,52
lista,SLL con cola,TopFront,10,19,54
lista,SLL con cola,TopFront,10,20,53
lista,SLL con cola,TopFront,10,21,51
lista,SLL con cola,TopFront,10,22,52
lista,SLL con cola,TopFront,10,23,51
lista,SLL con cola,TopFront,10,24,53
lista,SLL con cola,TopFront,10,25,52
lista,SLL con cola,TopFront,10,26,51
lista,SLL con cola,TopFront,10,27,52
lista,SLL con cola,TopFront,10,28,52
lista,SLL con cola,TopFront,10,29,52
lista,SLL con cola,TopFront,10,30,53
lista,SLL con cola,TopFront,10,31,51
lista,SLL con cola,TopFront,10,32,52
lista,SLL con cola,TopFront,10,33,51
lista,SLL con cola,TopFront,10,34,52
lista,SLL con cola,TopFront,10,35,53
lista,SLL con cola,TopFront,10,36,52
lista,SLL con cola,TopFront,10,37,52
lista,SLL con cola,TopFront,10,38,52
lista,SLL con cola,TopFront,10,39,51
lista,SLL con cola,TopFront,10,40,53
lista,SLL con cola,TopFront,10,41,51
lista,SLL con cola,TopFront,10,42,52
lista,SLL con cola,TopFront,10,43,51
lista,SLL con cola,TopFront,10,44,52
lista,SLL con cola,TopFront,10,45,53
lista,SLL con cola,TopFront,10,46,52
lista,SLL con cola,TopFront,10,47,50
lista,SLL con cola,TopFront,10,48,52
lista,SLL con cola,TopFront,10,49,52
lista,SLL con cola,TopBack,10,0,51
lista,SLL con cola,TopBack,10,1,53
lista,SLL con cola,TopBack,10,2,52
lista,SLL con cola,TopBack,10,3,52
lista,SLL con cola,TopBack,10,4,51
lista,SLL con cola,TopBack,10,5,51
lista,SLL con cola,TopBack,10,6,53
lista,SLL con cola,TopBack,10,7,53
lista,SLL con cola,TopBack,10,8,52
lista,SLL con cola,TopBack,10,9,54
lista,SLL con cola,TopBack,10,10,52
lista,SLL con cola,TopBack,10,11,52
lista,SLL con cola,TopBack,10,12,53
lista,SLL con cola,TopBack,10,13,53
lista,SLL con cola,TopBack,10,14,52
lista,SLL con cola,TopBack,10,15,52
lista,SLL con cola,TopBack,10,16,52
lista,SLL con cola,TopBack,10,17,53
lista,SLL con cola,TopBack,10,18,52
lista,SLL con cola,TopBack,10,19,52
lista,SLL con cola,TopBack,10,20,52
lista,SLL con cola,TopBack,10,21,52
lista,SLL con cola,TopBack,10,22,53
lista,SLL con cola,TopBack,10,23,52
lista,SLL con cola,TopBack,10,24,53
lista,SLL con cola,TopBack,10,25,51
lista,SLL con cola,TopBack,10,26,52
lista,SLL con cola,TopBack,10,27,51
lista,SLL con cola,TopBack,10,28,53
lista,SLL con cola,TopBack,10,29,52
lista,SLL con cola,TopBack,10,30,52
lista,SLL con cola,TopBack,10,31,51
lista,SLL con cola,TopBack,10,32,55
lista,SLL con cola,TopBack,10,33,51
lista,SLL con cola,TopBack,10,34,53
lista,SLL con cola,TopBack,10,35,52
lista,SLL con cola,TopBack,10,36,52
lista,SLL con cola,TopBack,10,37,51
lista,SLL con cola,TopBack,10,38,52
lista,SLL con cola,TopBack,10,39,54
lista,SLL con cola,TopBack,10,40,52
lista,SLL con cola,TopBack,10,41,52
lista,SLL con cola,TopBack,10,42,52
lista,SLL con cola,TopBack,10,43,52
lista,SLL con cola,TopBack,10,44,52
lista,SLL con cola,TopBack,10,45,53
lista,SLL con cola,TopBack,10,46,53
lista,SLL con cola,TopBack,10,47,52
lista,SLL con cola,TopBack,10,48,51
lista,SLL con cola,TopBack,10,49,52
lista,SLL con cola,Find,10,0,74
lista,SLL con cola,Find,10,1,95
lista,SLL con cola,Find,10,2,72
lista,SLL con cola,Find,10,3,73
lista,SLL con cola,Find,10,4,73
lista,SLL con cola,Find,10,5,73
lista,SLL con cola,Find,10,6,73
lista,SLL con cola,Find,10,7,75
lista,SLL con cola,Find,10,8,74
lista,SLL con cola,Find,10,9,73
lista,SLL con cola,Find,10,10,72
lista,SLL con cola,Find,10,11,73
lista,SLL con cola,Find,10,12,73
lista,SLL con cola,Find,10,13,74
lista,SLL con cola,Find,10,14,76
lista,SLL con cola,Find,10,15,73
lista,SLL con cola,Find,10,16,74
lista,SLL con cola,Find,10,17,74
lista,SLL con cola,Find,10,18,74
lista,SLL con cola,Find,10,19,73
lista,SLL con cola,Find,10,20,73
lista,SLL con cola,Find,10,21,72
lista,SLL con cola,Find,10,22,74
lista,SLL con cola,Find,10,23,73
lista,SLL con cola,Find,10,24,75
lista,SLL con cola,Find,10,25,74
lista,SLL con cola,Find,10,26,74
lista,SLL con cola,Find,10,27,72
lista,SLL con cola,Find,10,28,74
lista,SLL con cola,Find,10,29,73
lista,SLL con cola,Find,10,30,74
lista,SLL con cola,Find,10,31,73
lista,SLL con cola,Find,10,32,73
lista,SLL con cola,Find,10,33,74
lista,SLL con cola,Find,10,34,74
lista,SLL con cola,Find,10,35,73
lista,SLL con cola,Find,10,36,73
lista,SLL con cola,Find,10,37,74
lista,SLL con cola,Find,10,38,73
lista,SLL con cola,Find,10,39,73
lista,SLL con cola,Find,10,40,74
lista,SLL con cola,Find,10,41,74
lista,SLL con cola,Find,10,42,74
lista,SLL con cola,Find,10,43,73
lista,SLL con cola,Find,10,44,73
lista,SLL con cola,Find,10,45,73
lista,SLL con cola,Find,10,46,73
lista,SLL con cola,Find,10,47,73
lista,SLL con cola,Find,10,48,74
lista,SLL con cola,Find,10,49,75
lista,SLL con cola,Erase,10,0,79
lista,SLL con cola,Erase,10,1,98
lista,SLL con cola,Erase,10,2,79
lista,SLL con cola,Erase,10,3,79
lista,SLL con cola,Erase,10,4,79
lista,SLL con cola,Erase,10,5,77
lista,SLL con cola,Erase,10,6,77
lista,SLL con cola,Erase,10,7,77
lista,SLL con cola,Erase,10,8,76
lista,SLL con cola,Erase,10,9,76
lista,SLL con cola,Erase,10,10,76
lista,SLL con cola,Erase,10,11,77
lista,SLL con cola,Erase,10,12,76
lista,SLL con cola,Erase,10,13,76
lista,SLL con cola,Erase,10,14,76
lista,SLL con cola,Erase,10,15,75
lista,SLL con cola,Erase,10,16,76
lista,SLL con cola,Erase,10,17,75
lista,SLL con cola,Erase,10,18,76
lista,SLL con cola,Erase,10,19,75
lista,SLL con cola,Erase,10,20,76
lista,SLL con cola,Erase,10,21,77
lista,SLL con cola,Erase,10,22,76
lista,SLL con cola,Erase,10,23,76
lista,SLL con cola,Erase,10,24,76
lista,SLL con cola,Erase,10,25,75
lista,SLL con cola,Erase,10,26,77
lista,SLL con cola,Erase,10,27,77
lista,SLL con cola,Erase,10,28,309
lista,SLL con cola,Erase,10,29,77
lista,SLL con cola,Erase,10,30,76
lista,SLL con cola,Erase,10,31,76
lista,SLL con cola,Erase,10,32,76
lista,SLL con cola,Erase,10,33,75
lista,SLL con cola,Erase,10,34,77
lista,SLL con cola,Erase,10,35,76
lista,SLL con cola,Erase,10,36,75
lista,SLL con cola,Erase,10,37,78
lista,SLL con cola,Erase,10,38,76
lista,SLL con cola,Erase,10,39,75
lista,SLL con cola,Erase,10,40,76
lista,SLL con cola,Erase,10,41,75
lista,SLL con cola,Erase,10,42,75
lista,SLL con cola,Erase,10,43,75
lista,SLL con cola,Erase,10,44,77
lista,SLL con cola,Erase,10,45,76
lista,SLL con cola,Erase,10,46,80
lista,SLL con cola,Erase,10,47,76
lista,SLL con cola,Erase,10,48,77
lista,SLL con cola,Erase,10,49,77
lista,SLL con cola,AddBefore,10,0,67
lista,SLL con cola,AddBefore,10,1,65
lista,SLL con cola,AddBefore,10,2,63
lista,SLL con cola,AddBefore,10,3,66
lista,SLL con cola,AddBefore,10,4,65
lista,SLL con cola,AddBefore,10,5,63
lista,SLL con cola,AddBefore,10,6,61
lista,SLL con cola,AddBefore,10,7,64
lista,SLL con cola,AddBefore,10,8,63
lista,SLL con cola,AddBefore,10,9,61
lista,SLL con cola,AddBefore,10,10,63
lista,SLL con cola,AddBefore,10,11,64
lista,SLL con cola,AddBefore,10,12,62
lista,SLL con cola,AddBefore,10,13,63
lista,SLL con cola,AddBefore,10,14,62
lista,SLL con cola,AddBefore,10,15,63
lista,SLL con cola,AddBefore,10,16,67
lista,SLL con cola,AddBefore,10,17,64
lista,SLL con cola,AddBefore,10,18,61
lista,SLL con cola,AddBefore,10,19,62
lista,SLL con cola,AddBefore,10,20,63
lista,SLL con cola,AddBefore,10,21,64
lista,SLL con cola,AddBefore,10,22,63
lista,SLL con cola,AddBefore,10,23,61
lista,SLL con cola,AddBefore,10,24,62
lista,SLL con cola,AddBefore,10,25,63
lista,SLL con cola,AddBefore,10,26,61
lista,SLL con cola,AddBefore,10,27,62
lista,SLL con cola,AddBefore,10,28,63
lista,SLL con cola,AddBefore,10,29,64
lista,SLL con cola,AddBefore,10,30,62
lista,SLL con cola,AddBefore,10,31,63
lista,SLL con cola,AddBefore,10,32,62
lista,SLL con cola,AddBefore,10,33,62
lista,SLL con cola,AddBefore,10,34,62
lista,SLL con cola,AddBefore,10,35,62
lista,SLL con cola,AddBefore,10,36,63
lista,SLL con cola,AddBefore,10,37,63
lista,SLL con cola,AddBefore,10,38,62
lista,SLL con cola,AddBefore,10,39,62
lista,SLL con cola,AddBefore,10,40,64
lista,SLL con cola,AddBefore,10,41,64
lista,SLL con cola,AddBefore,10,42,62
lista,SLL con cola,AddBefore,10,43,62
lista,SLL con cola,AddBefore,10,44,63
lista,SLL con cola,AddBefore,10,45,63
lista,SLL con cola,AddBefore,10,46,62
lista,SLL con cola,AddBefore,10,47,62
lista,SLL con cola,AddBefore,10,48,63
lista,SLL con cola,AddBefore,10,49,62
lista,SLL con cola,AddAfter,10,0,48
lista,SLL con cola,AddAfter,10,1,49
lista,SLL con cola,AddAfter,10,2,49
lista,SLL con cola,AddAfter,10,3,48
lista,SLL con cola,AddAfter,10,4,50
lista,SLL con cola,AddAfter,10,5,48
lista,SLL con cola,AddAfter,10,6,50
lista,SLL con cola,AddAfter,10,7,49
lista,SLL con cola,AddAfter,10,8,49
lista,SLL con cola,AddAfter,10,9,50
lista,SLL con cola,AddAfter,10,10,49
lista,SLL con cola,AddAfter,10,11,49
lista,SLL con cola,AddAfter,10,12,50
lista,SLL con cola,AddAfter,10,13,48
lista,SLL con cola,AddAfter,10,14,49
lista,SLL con cola,AddAfter,10,15,49
lista,SLL con cola,AddAfter,10,16,48
lista,SLL con cola,AddAfter,10,17,50
lista,SLL con cola,AddAfter,10,18,49
lista,SLL con cola,AddAfter,10,19,49
lista,SLL con cola,AddAfter,10,20,50
lista,SLL con cola,AddAfter,10,21,49
lista,SLL con cola,AddAfter,10,22,49
lista,SLL con cola,AddAfter,10,23,49
lista,SLL con cola,AddAfter,10,24,50
lista,SLL con cola,AddAfter,10,25,51
lista,SLL con cola,AddAfter,10,26,49
lista,SLL con cola,AddAfter,10,27,48
lista,SLL con cola,AddAfter,10,28,296
lista,SLL con cola,AddAfter,10,29,65
lista,SLL con cola,AddAfter,10,30,49
lista,SLL con cola,AddAfter,10,31,48
lista,SLL con cola,AddAfter,10,32,50
lista,SLL con cola,AddAfter,10,33,49
lista,SLL con cola,AddAfter,10,34,49
lista,SLL con cola,AddAfter,10,35,50
lista,SLL con cola,AddAfter,10,36,49
lista,SLL con cola,AddAfter,10,37,50
lista,SLL con cola,AddAfter,10,38,49
lista,SLL con cola,AddAfter,10,39,50
lista,SLL con cola,AddAfter,10,40,49
lista,SLL con cola,AddAfter,10,41,50
lista,SLL con cola,AddAfter,10,42,49
lista,SLL con cola,AddAfter,10,43,49
lista,SLL con cola,AddAfter,10,44,49
lista,SLL con cola,AddAfter,10,45,49
lista,SLL con cola,AddAfter,10,46,50
lista,SLL con cola,AddAfter,10,47,49
lista,SLL con cola,AddAfter,10,48,50
lista,SLL con cola,AddAfter,10,49,49
lista,SLL con cola,Empty,10,0,52
lista,SLL con cola,Empty,10,1,51
lista,SLL con cola,Empty,10,2,53
lista,SLL con cola,Empty,10,3,52
lista,SLL con cola,Empty,10,4,52
lista,SLL con cola,Empty,10,5,53
lista,SLL con cola,Empty,10,6,53
lista,SLL con cola,Empty,10,7,53
lista,SLL con cola,Empty,10,8,53
lista,SLL con cola,Empty,10,9,52
lista,SLL con cola,Empty,10,10,52
lista,SLL con cola,Empty,10,11,53
lista,SLL con cola,Empty,10,12,53
lista,SLL con cola,Empty,10,13,52
lista,SLL con cola,Empty,10,14,52
lista,SLL con cola,Empty,10,15,52
lista,SLL con cola,Empty,10,16,52
lista,SLL con cola,Empty,10,17,52
lista,SLL con cola,Empty,10,18,53
lista,SLL con cola,Empty,10,19,53
lista,SLL con cola,Empty,10,20,52
lista,SLL con cola,Empty,10,21,53
lista,SLL con cola,Empty,10,22,51
lista,SLL con cola,Empty,10,23,53
lista,SLL con cola,Empty,10,24,53
lista,SLL con cola,Empty,10,25,52
lista,SLL con cola,Empty,10,26,52
lista,SLL con cola,Empty,10,27,51
lista,SLL con cola,Empty,10,28,52
lista,SLL con cola,Empty,10,29,53
lista,SLL con cola,Empty,10,30,52
lista,SLL con cola,Empty,10,31,52
lista,SLL con cola,Empty,10,32,51
lista,SLL con cola,Empty,10,33,52
lista,SLL con cola,Empty,10,34,52
lista,SLL con cola,Empty,10,35,53
lista,SLL con cola,Empty,10,36,50
lista,SLL con cola,Empty,10,37,52
lista,SLL con cola,Empty,10,38,51
lista,SLL con cola,Empty,10,39,53
lista,SLL con cola,Empty,10,40,54
lista,SLL con cola,Empty,10,41,52
lista,SLL con cola,Empty,10,42,52
lista,SLL con cola,Empty,10,43,55
lista,SLL con cola,Empty,10,44,52
lista,SLL con cola,Empty,10,45,52
lista,SLL con cola,Empty,10,46,52
lista,SLL con cola,Empty,10,47,53
lista,SLL con cola,Empty,10,48,51
lista,SLL con cola,Empty,10,49,52
lista,SLL con cola,Size,10,0,53
lista,SLL con cola,Size,10,1,74
lista,SLL con cola,Size,10,2,54
lista,SLL con cola,Size,10,3,54
lista,SLL con cola,Size,10,4,55
lista,SLL con cola,Size,10,5,54
lista,SLL con cola,Size,10,6,53
lista,SLL con cola,Size,10,7,53
lista,SLL con cola,Size,10,8,53
lista,SLL con cola,Size,10,9,52
lista,SLL con cola,Size,10,10,53
lista,SLL con cola,Size,10,11,54
lista,SLL con cola,Size,10,12,54
lista,SLL con cola,Size,10,13,53
lista,SLL con cola,Size,10,14,53
lista,SLL con cola,Size,10,15,53
lista,SLL con cola,Size,10,16,52
lista,SLL con cola,Size,10,17,52
lista,SLL con cola,Size,10,18,52
lista,SLL con cola,Size,10,19,53
lista,SLL con cola,Size,10,20,54
lista,SLL con cola,Size,10,21,54
lista,SLL con cola,Size,10,22,53
lista,SLL con cola,Size,10,23,53
lista,SLL con cola,Size,10,24,53
lista,SLL con cola,Size,10,25,53
lista,SLL con cola,Size,10,26,53
lista,SLL con cola,Size,10,27,52
lista,SLL con cola,Size,10,28,336
lista,SLL con cola,Size,10,29,52
lista,SLL con cola,Size,10,30,53
lista,SLL con cola,Size,10,31,53
lista,SLL con cola,Size,10,32,54
lista,SLL con cola,Size,10,33,53
lista,SLL con cola,Size,10,34,54
lista,SLL con cola,Size,10,35,53
lista,SLL con cola,Size,10,36,53
lista,SLL con cola,Size,10,37,53
lista,SLL con cola,Size,10,38,53
lista,SLL con cola,Size,10,39,53
lista,SLL con cola,Size,10,40,54
lista,SLL con cola,Size,10,41,53
lista,SLL con cola,Size,10,42,55
lista,SLL con cola,Size,10,43,52
lista,SLL con cola,Size,10,44,53
lista,SLL con cola,Size,10,45,52
lista,SLL con cola,Size,10,46,53
lista,SLL con cola,Size,10,47,52
lista,SLL con cola,Size,10,48,54
lista,SLL con cola,Size,10,49,54
lista,DLL sin cola,PushFront,10,0,60
lista,DLL sin cola,PushFront,10,1,104
lista,DLL sin cola,PushFront,10,2,51
lista,DLL sin cola,PushFront,10,3,62
lista,DLL sin cola,PushFront,10,4,65
lista,DLL sin cola,PushFront,10,5,55
lista,DLL sin cola,PushFront,10,6,107
lista,DLL sin cola,PushFront,10,7,47
lista,DLL sin cola,PushFront,10,8,60
lista,DLL sin cola,PushFront,10,9,46
lista,DLL sin cola,PushFront,10,10,53
lista,DLL sin cola,PushFront,10,11,60
lista,DLL sin cola,PushFront,10,12,67
lista,DLL sin cola,PushFront,10,13,50
lista,DLL sin cola,PushFront,10,14,127
lista,DLL sin cola,PushFront,10,15,62
lista,DLL sin cola,PushFront,10,16,50
lista,DLL sin cola,PushFront,10,17,48
lista,DLL sin cola,PushFront,10,18,59
lista,DLL sin cola,PushFront,10,19,52
lista,DLL sin cola,PushFront,10,20,57
lista,DLL sin cola,PushFront,10,21,52
lista,DLL sin cola,PushFront,10,22,225
lista,DLL sin cola,PushFront,10,23,61
lista,DLL sin cola,PushFront,10,24,68
lista,DLL sin cola,PushFront,10,25,58
lista,DLL sin cola,PushFront,10,26,60
lista,DLL sin cola,PushFront,10,27,55
lista,DLL sin cola,PushFront,10,28,55
lista,DLL sin cola,PushFront,10,29,74
lista,DLL sin cola,PushFront,10,30,125
lista,DLL sin cola,PushFront,10,31,53
lista,DLL sin cola,PushFront,10,32,58
lista,DLL sin cola,PushFront,10,33,55
lista,DLL sin cola,PushFront,10,34,54
lista,DLL sin cola,PushFront,10,35,45
lista,DLL sin cola,PushFront,10,36,48
lista,DLL sin cola,PushFront,10,37,52
lista,DLL sin cola,PushFront,10,38,127
lista,DLL sin cola,PushFront,10,39,56
lista,DLL sin cola,PushFront,10,40,49
lista,DLL sin cola,PushFront,10,41,59
lista,DLL sin cola,PushFront,10,42,53
lista,DLL sin cola,PushFront,10,43,55
lista,DLL sin cola,PushFront,10,44,59
lista,DLL sin cola,PushFront,10,45,60
lista,DLL sin cola,PushFront,10,46,120
lista,DLL sin cola,PushFront,10,47,58
lista,DLL sin cola,PushFront,10,48,62
lista,DLL sin cola,PushFront,10,49,59
lista,DLL sin cola,PushBack,10,0,67
lista,DLL sin cola,PushBack,10,1,67
lista,DLL sin cola,PushBack,10,2,81
lista,DLL sin cola,PushBack,10,3,84
lista,DLL sin cola,PushBack,10,4,77
lista,DLL sin cola,PushBack,10,5,78
lista,DLL sin cola,PushBack,10,6,77
lista,DLL sin cola,PushBack,10,7,84
lista,DLL sin cola,PushBack,10,8,78
lista,DLL sin cola,PushBack,10,9,66
lista,DLL sin cola,PushBack,10,10,75
lista,DLL sin cola,PushBack,10,11,71
lista,DLL sin cola,PushBack,10,12,76
lista,DLL sin cola,PushBack,10,13,80
lista,DLL sin cola,PushBack,10,14,67
lista,DLL sin cola,PushBack,10,15,63
lista,DLL sin cola,PushBack,10,16,65
lista,DLL sin cola,PushBack,10,17,78
lista,DLL sin cola,PushBack,10,18,77
lista,DLL sin cola,PushBack,10,19,73
lista,DLL sin cola,PushBack,10,20,82
lista,DLL sin cola,PushBack,10,21,85
lista,DLL sin cola,PushBack,10,22,75
lista,DLL sin cola,PushBack,10,23,65
lista,DLL sin cola,PushBack,10,24,152
lista,DLL sin cola,PushBack,10,25,70
lista,DLL sin cola,PushBack,10,26,80
lista,DLL sin cola,PushBack,10,27,78
lista,DLL sin cola,PushBack,10,28,127
lista,DLL sin cola,PushBack,10,29,65
lista,DLL sin cola,PushBack,10,30,63
lista,DLL sin cola,PushBack,10,31,62
lista,DLL sin cola,PushBack,10,32,78
lista,DLL sin cola,PushBack,10,33,75
lista,DLL sin cola,PushBack,10,34,75
lista,DLL sin cola,PushBack,10,35,83
lista,DLL sin cola,PushBack,10,36,79
lista,DLL sin cola,PushBack,10,37,83
lista,DLL sin cola,PushBack,10,38,85
lista,DLL sin cola,PushBack,10,39,78
lista,DLL sin cola,PushBack,10,40,82
lista,DLL sin cola,PushBack,10,41,95
lista,DLL sin cola,PushBack,10,42,77
lista,DLL sin cola,PushBack,10,43,77
lista,DLL sin cola,PushBack,10,44,79
lista,DLL sin cola,PushBack,10,45,67
lista,DLL sin cola,PushBack,10,46,64
lista,DLL sin cola,PushBack,10,47,63
lista,DLL sin cola,PushBack,10,48,70
lista,DLL sin cola,PushBack,10,49,91
lista,DLL sin cola,PopFront,10,0,65
lista,DLL sin cola,PopFront,10,1,81
lista,DLL sin cola,PopFront,10,2,51
lista,DLL sin cola,PopFront,10,3,47
lista,DLL sin cola,PopFront,10,4,54
lista,DLL sin cola,PopFront,10,5,54
lista,DLL sin cola,PopFront,10,6,54
lista,DLL sin cola,PopFront,10,7,54
lista,DLL sin cola,PopFront,10,8,56
lista,DLL sin cola,PopFront,10,9,48
lista,DLL sin cola,PopFront,10,10,54
lista,DLL sin cola,PopFront,10,11,60
lista,DLL sin cola,PopFront,10,12,53
lista,DLL sin cola,PopFront,10,13,51
lista,DLL sin cola,PopFront,10,14,48
lista,DLL sin cola,PopFront,10,15,48
lista,DLL sin cola,PopFront,10,16,61
lista,DLL sin cola,PopFront,10,17,56
lista,DLL sin cola,PopFront,10,18,61
lista,DLL sin cola,PopFront,10,19,53
lista,DLL sin cola,PopFront,10,20,53
lista,DLL sin cola,PopFront,10,21,56
lista,DLL sin cola,PopFront,10,22,54
lista,DLL sin cola,PopFront,10,23,53
lista,DLL sin cola,PopFront,10,24,54
lista,DLL sin cola,PopFront,10,25,59
lista,DLL sin cola,PopFront,10,26,58
lista,DLL sin cola,PopFront,10,27,63
lista,DLL sin cola,PopFront,10,28,63
lista,DLL sin cola,PopFront,10,29,66
lista,DLL sin cola,PopFront,10,30,55
lista,DLL sin cola,PopFront,10,31,54
lista,DLL sin cola,PopFront,10,32,54
lista,DLL sin cola,PopFront,10,33,61
lista,DLL sin cola,PopFront,10,34,63
lista,DLL sin cola,PopFront,10,35,61
lista,DLL sin cola,PopFront,10,36,66
lista,DLL sin cola,PopFront,10,37,65
lista,DLL sin cola,PopFront,10,38,61
lista,DLL sin cola,PopFront,10,39,64
lista,DLL sin cola,PopFront,10,40,61
lista,DLL sin cola,PopFront,10,41,62
lista,DLL sin cola,PopFront,10,42,72
lista,DLL sin cola,PopFront,10,43,63
lista,DLL sin cola,PopFront,10,44,64
lista,DLL sin cola,PopFront,10,45,66
lista,DLL sin cola,PopFront,10,46,57
lista,DLL sin cola,PopFront,10,47,56
lista,DLL sin cola,PopFront,10,48,59
lista,DLL sin cola,PopFront,10,49,55
lista,DLL sin cola,PopBack,10,0,74
lista,DLL sin cola,PopBack,10,1,95
lista,DLL sin cola,PopBack,10,2,78
lista,DLL sin cola,PopBack,10,3,82
lista,DLL sin cola,PopBack,10,4,79
lista,DLL sin cola,PopBack,10,5,80
lista,DLL sin cola,PopBack,10,6,112
lista,DLL sin cola,PopBack,10,7,78
lista,DLL sin cola,PopBack,10,8,89
lista,DLL sin cola,PopBack,10,9,76
lista,DLL sin cola,PopBack,10,10,67
lista,DLL sin cola,PopBack,10,11,70
lista,DLL sin cola,PopBack,10,12,72
lista,DLL sin cola,PopBack,10,13,74
lista,DLL sin cola,PopBack,10,14,72
lista,DLL sin cola,PopBack,10,15,74
lista,DLL sin cola,PopBack,10,16,82
lista,DLL sin cola,PopBack,10,17,73
lista,DLL sin cola,PopBack,10,18,75
lista,DLL sin cola,PopBack,10,19,73
lista,DLL sin cola,PopBack,10,20,76
lista,DLL sin cola,PopBack,10,21,72
lista,DLL sin cola,PopBack,10,22,76
lista,DLL sin cola,PopBack,10,23,80
lista,DLL sin cola,PopBack,10,24,74
lista,DLL sin cola,PopBack,10,25,67
lista,DLL sin cola,PopBack,10,26,75
lista,DLL sin cola,PopBack,10,27,74
lista,DLL sin cola,PopBack,10,28,77
lista,DLL sin cola,PopBack,10,29,85
lista,DLL sin cola,PopBack,10,30,77
lista,DLL sin cola,PopBack,10,31,79
lista,DLL sin cola,PopBack,10,32,64
lista,DLL sin cola,PopBack,10,33,62
lista,DLL sin cola,PopBack,10,34,71
lista,DLL sin cola,PopBack,10,35,68
lista,DLL sin cola,PopBack,10,36,86
lista,DLL sin cola,PopBack,10,37,75
lista,DLL sin cola,PopBack,10,38,79
lista,DLL sin cola,PopBack,10,39,62
lista,DLL sin cola,PopBack,10,40,74
lista,DLL sin cola,PopBack,10,41,62
lista,DLL sin cola,PopBack,10,42,72
lista,DLL sin cola,PopBack,10,43,77
lista,DLL sin cola,PopBack,10,44,75
lista,DLL sin cola,PopBack,10,45,80
lista,DLL sin cola,PopBack,10,46,75
lista,DLL sin cola,PopBack,10,47,77
lista,DLL sin cola,PopBack,10,48,67
lista,DLL sin cola,PopBack,10,49,70
lista,DLL sin cola,TopFront,10,0,67
lista,DLL sin cola,TopFront,10,1,64
lista,DLL sin cola,TopFront,10,2,62
lista,DLL sin cola,TopFront,10,3,73
lista,DLL sin cola,TopFront,10,4,59
lista,DLL sin cola,TopFront,10,5,60
lista,DLL sin cola,TopFront,10,6,56
lista,DLL sin cola,TopFront,10,7,58
lista,DLL sin cola,TopFront,10,8,55
lista,DLL sin cola,TopFront,10,9,55
lista,DLL sin cola,TopFront,10,10,54
lista,DLL sin cola,TopFront,10,11,59
lista,DLL sin cola,TopFront,10,12,56
lista,DLL sin cola,TopFront,10,13,52
lista,DLL sin cola,TopFront,10,14,63
lista,DLL sin cola,TopFront,10,15,62
lista,DLL sin cola,TopFront,10,16,60
lista,DLL sin cola,TopFront,10,17,56
lista,DLL sin cola,TopFront,10,18,54
lista,DLL sin cola,TopFront,10,19,59
lista,DLL sin cola,TopFront,10,20,56
lista,DLL sin cola,TopFront,10,21,53
lista,DLL sin cola,TopFront,10,22,55
lista,DLL sin cola,TopFront,10,23,52
lista,DLL sin cola,TopFront,10,24,56
lista,DLL sin cola,TopFront,10,25,56
lista,DLL sin cola,TopFront,10,26,59
lista,DLL sin cola,TopFront,10,27,54
lista,DLL sin cola,TopFront,10,28,57
lista,DLL sin cola,TopFront,10,29,53
lista,DLL sin cola,TopFront,10,30,66
lista,DLL sin cola,TopFront,10,31,61
lista,DLL sin cola,TopFront,10,32,57
lista,DLL sin cola,TopFront,10,33,65
lista,DLL sin cola,TopFront,10,34,59
lista,DLL sin cola,TopFront,10,35,56
lista,DLL sin cola,TopFront,10,36,54
lista,DLL sin cola,TopFront,10,37,55
lista,DLL sin cola,TopFront,10,38,56
lista,DLL sin cola,TopFront,10,39,58
lista,DLL sin cola,TopFront,10,40,55
lista,DLL sin cola,TopFront,10,41,55
lista,DLL sin cola,TopFront,10,42,52
lista,DLL sin cola,TopFront,10,43,62
lista,DLL sin cola,TopFront,10,44,55
lista,DLL sin cola,TopFront,10,45,62
lista,DLL sin cola,TopFront,10,46,62
lista,DLL sin cola,TopFront,10,47,64
lista,DLL sin cola,TopFront,10,48,58
lista,DLL sin cola,TopFront,10,49,57
lista,DLL sin cola,TopBack,10,0,73
lista,DLL sin cola,TopBack,10,1,94
lista,DLL sin cola,TopBack,10,2,78
lista,DLL sin cola,TopBack,10,3,78
lista,DLL sin cola,TopBack,10,4,71
lista,DLL sin cola,TopBack,10,5,78
lista,DLL sin cola,TopBack,10,6,67
lista,DLL sin cola,TopBack,10,7,72
lista,DLL sin cola,TopBack,10,8,66
lista,DLL sin cola,TopBack,10,9,74
lista,DLL sin cola,TopBack,10,10,67
lista,DLL sin cola,TopBack,10,11,73
lista,DLL sin cola,TopBack,10,12,67
lista,DLL sin cola,TopBack,10,13,74
lista,DLL sin cola,TopBack,10,14,77
lista,DLL sin cola,TopBack,10,15,82
lista,DLL sin cola,TopBack,10,16,75
lista,DLL sin cola,TopBack,10,17,73
lista,DLL sin cola,TopBack,10,18,69
lista,DLL sin cola,TopBack,10,19,79
lista,DLL sin cola,TopBack,10,20,70
lista,DLL sin cola,TopBack,10,21,70
lista,DLL sin cola,TopBack,10,22,67
lista,DLL sin cola,TopBack,10,23,77
lista,DLL sin cola,TopBack,10,24,78
lista,DLL sin cola,TopBack,10,25,72
lista,DLL sin cola,TopBack,10,26,78
lista,DLL sin cola,TopBack,10,27,71
lista,DLL sin cola,TopBack,10,28,70
lista,DLL sin cola,TopBack,10,29,67
lista,DLL sin cola,TopBack,10,30,78
lista,DLL sin cola,TopBack,10,31,70
lista,DLL sin cola,TopBack,10,32,72
lista,DLL sin cola,TopBack,10,33,84
lista,DLL sin cola,TopBack,10,34,67
lista,DLL sin cola,TopBack,10,35,74
lista,DLL sin cola,TopBack,10,36,70
lista,DLL sin cola,TopBack,10,37,76
lista,DLL sin cola,TopBack,10,38,80
lista,DLL sin cola,TopBack,10,39,79
lista,DLL sin cola,TopBack,10,40,74
lista,DLL sin cola,TopBack,10,41,76
lista,DLL sin cola,TopBack,10,42,74
lista,DLL sin cola,TopBack,10,43,75
lista,DLL sin cola,TopBack,10,44,75
lista,DLL sin cola,TopBack,10,45,75
lista,DLL sin cola,TopBack,10,46,75
lista,DLL sin cola,TopBack,10,47,80
lista,DLL sin cola,TopBack,10,48,4128
lista,DLL sin cola,TopBack,10,49,78
lista,DLL sin cola,Find,10,0,102
lista,DLL sin cola,Find,10,1,126
lista,DLL sin cola,Find,10,2,97
lista,DLL sin cola,Find,10,3,96
lista,DLL sin cola,Find,10,4,103
lista,DLL sin cola,Find,10,5,98
lista,DLL sin cola,Find,10,6,104
lista,DLL sin cola,Find,10,7,95
lista,DLL sin cola,Find,10,8,105
lista,DLL sin cola,Find,10,9,101
lista,DLL sin cola,Find,10,10,104
lista,DLL sin cola,Find,10,11,105
lista,DLL sin cola,Find,10,12,105
lista,DLL sin cola,Find,10,13,101
lista,DLL sin cola,Find,10,14,98
lista,DLL sin cola,Find,10,15,105
lista,DLL sin cola,Find,10,16,102
lista,DLL sin cola,Find,10,17,89
lista,DLL sin cola,Find,10,18,102
lista,DLL sin cola,Find,10,19,109
lista,DLL sin cola,Find,10,20,99
lista,DLL sin cola,Find,10,21,103
lista,DLL sin cola,Find,10,22,94
lista,DLL sin cola,Find,10,23,96
lista,DLL sin cola,Find,10,24,95
lista,DLL sin cola,Find,10,25,107
lista,DLL sin cola,Find,10,26,113
lista,DLL sin cola,Find,10,27,105
lista,DLL sin cola,Find,10,28,105
lista,DLL sin cola,Find,10,29,104
lista,DLL sin cola,Find,10,30,101
lista,DLL sin cola,Find,10,31,99
lista,DLL sin cola,Find,10,32,95
lista,DLL sin cola,Find,10,33,98
lista,DLL sin cola,Find,10,34,102
lista,DLL sin cola,Find,10,35,104
lista,DLL sin cola,Find,10,36,106
lista,DLL sin cola,Find,10,37,99
lista,DLL sin cola,Find,10,38,86
lista,DLL sin cola,Find,10,39,90
lista,DLL sin cola,Find,10,40,99
lista,DLL sin cola,Find,10,41,98
lista,DLL sin cola,Find,10,42,97
lista,DLL sin cola,Find,10,43,106
lista,DLL sin cola,Find,10,44,105
lista,DLL sin cola,Find,10,45,79
lista,DLL sin cola,Find,10,46,101
lista,DLL sin cola,Find,10,47,98
lista,DLL sin cola,Find,10,48,97
lista,DLL sin cola,Find,10,49,98
lista,DLL sin cola,Erase,10,0,203
lista,DLL sin cola,Erase,10,1,207
lista,DLL sin cola,Erase,10,2,195
lista,DLL sin cola,Erase,10,3,188
lista,DLL sin cola,Erase,10,4,194
lista,DLL sin cola,Erase,10,5,173
lista,DLL sin cola,Erase,10,6,180
lista,DLL sin cola,Erase,10,7,182
lista,DLL sin cola,Erase,10,8,156
lista,DLL sin cola,Erase,10,9,170
lista,DLL sin cola,Erase,10,10,191
lista,DLL sin cola,Erase,10,11,189
lista,DLL sin cola,Erase,10,12,187
lista,DLL sin cola,Erase,10,13,197
lista,DLL sin cola,Erase,10,14,198
lista,DLL sin cola,Erase,10,15,200
lista,DLL sin cola,Erase,10,16,206
lista,DLL sin cola,Erase,10,17,207
lista,DLL sin cola,Erase,10,18,215
lista,DLL sin cola,Erase,10,19,198
lista,DLL sin cola,Erase,10,20,188
lista,DLL sin cola,Erase,10,21,205
lista,DLL sin cola,Erase,10,22,192
lista,DLL sin cola,Erase,10,23,175
lista,DLL sin cola,Erase,10,24,193
lista,DLL sin cola,Erase,10,25,171
lista,DLL sin cola,Erase,10,26,190
lista,DLL sin cola,Erase,10,27,210
lista,DLL sin cola,Erase,10,28,198
lista,DLL sin cola,Erase,10,29,192
lista,DLL sin cola,Erase,10,30,200
lista,DLL sin cola,Erase,10,31,206
lista,DLL sin cola,Erase,10,32,184
lista,DLL sin cola,Erase,10,33,198
lista,DLL sin cola,Erase,10,34,164
lista,DLL sin cola,Erase,10,35,189
lista,DLL sin cola,Erase,10,36,182
lista,DLL sin cola,Erase,10,37,229
lista,DLL sin cola,Erase,10,38,159
lista,DLL sin cola,Erase,10,39,254
lista,DLL sin cola,Erase,10,40,189
lista,DLL sin cola,Erase,10,41,181
lista,DLL sin cola,Erase,10,42,246
lista,DLL sin cola,Erase,10,43,184
lista,DLL sin cola,Erase,10,44,205
lista,DLL sin cola,Erase,10,45,238
lista,DLL sin cola,Erase,10,46,190
lista,DLL sin cola,Erase,10,47,242
lista,DLL sin cola,Erase,10,48,27633
lista,DLL sin cola,Erase,10,49,410
lista,DLL sin cola,AddBefore,10,0,161
lista,DLL sin cola,AddBefore,10,1,173
lista,DLL sin cola,AddBefore,10,2,155
lista,DLL sin cola,AddBefore,10,3,170
lista,DLL sin cola,AddBefore,10,4,162
lista,DLL sin cola,AddBefore,10,5,156
lista,DLL sin cola,AddBefore,10,6,171
lista,DLL sin cola,AddBefore,10,7,150
lista,DLL sin cola,AddBefore,10,8,154
lista,DLL sin cola,AddBefore,10,9,150
lista,DLL sin cola,AddBefore,10,10,196
lista,DLL sin cola,AddBefore,10,11,147
lista,DLL sin cola,AddBefore,10,12,154
lista,DLL sin cola,AddBefore,10,13,169
lista,DLL sin cola,AddBefore,10,14,164
lista,DLL sin cola,AddBefore,10,15,187
lista,DLL sin cola,AddBefore,10,16,186
lista,DLL sin cola,AddBefore,10,17,173
lista,DLL sin cola,AddBefore,10,18,151
lista,DLL sin cola,AddBefore,10,19,175
lista,DLL sin cola,AddBefore,10,20,189
lista,DLL sin cola,AddBefore,10,21,180
lista,DLL sin cola,AddBefore,10,22,188
lista,DLL sin cola,AddBefore,10,23,217
lista,DLL sin cola,AddBefore,10,24,247
lista,DLL sin cola,AddBefore,10,25,186
lista,DLL sin cola,AddBefore,10,26,186
lista,DLL sin cola,AddBefore,10,27,166
lista,DLL sin cola,AddBefore,10,28,182
lista,DLL sin cola,AddBefore,10,29,170
lista,DLL sin cola,AddBefore,10,30,183
lista,DLL sin cola,AddBefore,10,31,164
lista,DLL sin cola,AddBefore,10,32,186
lista,DLL sin cola,AddBefore,10,33,175
lista,DLL sin cola,AddBefore,10,34,181
lista,DLL sin cola,AddBefore,10,35,180
lista,DLL sin cola,AddBefore,10,36,140
lista,DLL sin cola,AddBefore,10,37,176
lista,DLL sin cola,AddBefore,10,38,169
lista,DLL sin cola,AddBefore,10,39,143
lista,DLL sin cola,AddBefore,10,40,157
lista,DLL sin cola,AddBefore,10,41,193
lista,DLL sin cola,AddBefore,10,42,145
lista,DLL sin cola,AddBefore,10,43,145
lista,DLL sin cola,AddBefore,10,44,151
lista,DLL sin cola,AddBefore,10,45,194
lista,DLL sin cola,AddBefore,10,46,260
lista,DLL sin cola,AddBefore,10,47,197
lista,DLL sin cola,AddBefore,10,48,25012
lista,DLL sin cola,AddBefore,10,49,792
lista,DLL sin cola,AddAfter,10,0,209
lista,DLL sin cola,AddAfter,10,1,198
lista,DLL sin cola,AddAfter,10,2,193
lista,DLL sin cola,AddAfter,10,3,185
lista,DLL sin cola,AddAfter,10,4,187
lista,DLL sin cola,AddAfter,10,5,193
lista,DLL sin cola,AddAfter,10,6,183
lista,DLL sin cola,AddAfter,10,7,193
lista,DLL sin cola,AddAfter,10,8,195
lista,DLL sin cola,AddAfter,10,9,196
lista,DLL sin cola,AddAfter,10,10,198
lista,DLL sin cola,AddAfter,10,11,191
lista,DLL sin cola,AddAfter,10,12,205
lista,DLL sin cola,AddAfter,10,13,190
lista,DLL sin cola,AddAfter,10,14,190
lista,DLL sin cola,AddAfter,10,15,211
lista,DLL sin cola,AddAfter,10,16,176
lista,DLL sin cola,AddAfter,10,17,182
lista,DLL sin cola,AddAfter,10,18,182
lista,DLL sin cola,AddAfter,10,19,140
lista,DLL sin cola,AddAfter,10,20,156
lista,DLL sin cola,AddAfter,10,21,187
lista,DLL sin cola,AddAfter,10,22,200
lista,DLL sin cola,AddAfter,10,23,195
lista,DLL sin cola,AddAfter,10,24,192
lista,DLL sin cola,AddAfter,10,25,203
lista,DLL sin cola,AddAfter,10,26,203
lista,DLL sin cola,AddAfter,10,27,210
lista,DLL sin cola,AddAfter,10,28,200
lista,DLL sin cola,AddAfter,10,29,219
lista,DLL sin cola,AddAfter,10,30,194
lista,DLL sin cola,AddAfter,10,31,192
lista,DLL sin cola,AddAfter,10,32,177
lista,DLL sin cola,AddAfter,10,33,161
lista,DLL sin cola,AddAfter,10,34,181
lista,DLL sin cola,AddAfter,10,35,130
lista,DLL sin cola,AddAfter,10,36,178
lista,DLL sin cola,AddAfter,10,37,196
lista,DLL sin cola,AddAfter,10,38,190
lista,DLL sin cola,AddAfter,10,39,196
lista,DLL sin cola,AddAfter,10,40,186
lista,DLL sin cola,AddAfter,10,41,190
lista,DLL sin cola,AddAfter,10,42,217
lista,DLL sin cola,AddAfter,10,43,204
lista,DLL sin cola,AddAfter,10,44,202
lista,DLL sin cola,AddAfter,10,45,187
lista,DLL sin cola,AddAfter,10,46,195
lista,DLL sin cola,AddAfter,10,47,207
lista,DLL sin cola,AddAfter,10,48,29645
lista,DLL sin cola,AddAfter,10,49,932
lista,DLL sin cola,Empty,10,0,93
lista,DLL sin cola,Empty,10,1,95
lista,DLL sin cola,Empty,10,2,82
lista,DLL sin cola,Empty,10,3,91
lista,DLL sin cola,Empty,10,4,75
lista,DLL sin cola,Empty,10,5,84
lista,DLL sin cola,Empty,10,6,90
lista,DLL sin cola,Empty,10,7,100
lista,DLL sin cola,Empty,10,8,82
lista,DLL sin cola,Empty,10,9,86
lista,DLL sin cola,Empty,10,10,81
lista,DLL sin cola,Empty,10,11,83
lista,DLL sin cola,Empty,10,12,87
lista,DLL sin cola,Empty,10,13,86
lista,DLL sin cola,Empty,10,14,81
lista,DLL sin cola,Empty,10,15,101
lista,DLL sin cola,Empty,10,16,92
lista,DLL sin cola,Empty,10,17,93
lista,DLL sin cola,Empty,10,18,88
lista,DLL sin cola,Empty,10,19,85
lista,DLL sin cola,Empty,10,20,87
lista,DLL sin cola,Empty,10,21,87
lista,DLL sin cola,Empty,10,22,97
lista,DLL sin cola,Empty,10,23,84
lista,DLL sin cola,Empty,10,24,80
lista,DLL sin cola,Empty,10,25,84
lista,DLL sin cola,Empty,10,26,80
lista,DLL sin cola,Empty,10,27,79
lista,DLL sin cola,Empty,10,28,95
lista,DLL sin cola,Empty,10,29,89
lista,DLL sin cola,Empty,10,30,99
lista,DLL sin cola,Empty,10,31,103
lista,DLL sin cola,Empty,10,32,100
lista,DLL sin cola,Empty,10,33,97
lista,DLL sin cola,Empty,10,34,75
lista,DLL sin cola,Empty,10,35,89
lista,DLL sin cola,Empty,10,36,89
lista,DLL sin cola,Empty,10,37,87
lista,DLL sin cola,Empty,10,38,81
lista,DLL sin cola,Empty,10,39,90
lista,DLL sin cola,Empty,10,40,93
lista,DLL sin cola,Empty,10,41,88
lista,DLL sin cola,Empty,10,42,83
lista,DLL sin cola,Empty,10,43,79
lista,DLL sin cola,Empty,10,44,91
lista,DLL sin cola,Empty,10,45,95
lista,DLL sin cola,Empty,10,46,88
lista,DLL sin cola,Empty,10,47,84
lista,DLL sin cola,Empty,10,48,9558
lista,DLL sin cola,Empty,10,49,109
lista,DLL sin cola,Size,10,0,55
lista,DLL sin cola,Size,10,1,55
lista,DLL sin cola,Size,10,2,67
lista,DLL sin cola,Size,10,3,54
lista,DLL sin cola,Size,10,4,58
lista,DLL sin cola,Size,10,5,56
lista,DLL sin cola,Size,10,6,141
lista,DLL sin cola,Size,10,7,56
lista,DLL sin cola,Size,10,8,54
lista,DLL sin cola,Size,10,9,61
lista,DLL sin cola,Size,10,10,54
lista,DLL sin cola,Size,10,11,56
lista,DLL sin cola,Size,10,12,55
lista,DLL sin cola,Size,10,13,60
lista,DLL sin cola,Size,10,14,57
lista,DLL sin cola,Size,10,15,62
lista,DLL sin cola,Size,10,16,64
lista,DLL sin cola,Size,10,17,60
lista,DLL sin cola,Size,10,18,63
lista,DLL sin cola,Size,10,19,55
lista,DLL sin cola,Size,10,20,58
lista,DLL sin cola,Size,10,21,69
lista,DLL sin cola,Size,10,22,70
lista,DLL sin cola,Size,10,23,73
lista,DLL sin cola,Size,10,24,70
lista,DLL sin cola,Size,10,25,748
lista,DLL sin cola,Size,10,26,69
lista,DLL sin cola,Size,10,27,62
lista,DLL sin cola,Size,10,28,62
lista,DLL sin cola,Size,10,29,58
lista,DLL sin cola,Size,10,30,62
lista,DLL sin cola,Size,10,31,54
lista,DLL sin cola,Size,10,32,67
lista,DLL sin cola,Size,10,33,58
lista,DLL sin cola,Size,10,34,63
lista,DLL sin cola,Size,10,35,56
lista,DLL sin cola,Size,10,36,68
lista,DLL sin cola,Size,10,37,62
lista,DLL sin cola,Size,10,38,54
lista,DLL sin cola,Size,10,39,64
lista,DLL sin cola,Size,10,40,63
lista,DLL sin cola,Size,10,41,60
lista,DLL sin cola,Size,10,42,66
lista,DLL sin cola,Size,10,43,58
lista,DLL sin cola,Size,10,44,56
lista,DLL sin cola,Size,10,45,55
lista,DLL sin cola,Size,10,46,55
lista,DLL sin cola,Size,10,47,65
lista,DLL sin cola,Size,10,48,56
lista,DLL sin cola,Size,10,49,56
lista,DLL con cola,PushFront,10,0,46
lista,DLL con cola,PushFront,10,1,44
lista,DLL con cola,PushFront,10,2,46
lista,DLL con cola,PushFront,10,3,45
lista,DLL con cola,PushFront,10,4,46
lista,DLL con cola,PushFront,10,5,44
lista,DLL con cola,PushFront,10,6,44
lista,DLL con cola,PushFront,10,7,44
lista,DLL con cola,PushFront,10,8,44
lista,DLL con cola,PushFront,10,9,45
lista,DLL con cola,PushFront,10,10,44
lista,DLL con cola,PushFront,10,11,45
lista,DLL con cola,PushFront,10,12,45
lista,DLL con cola,PushFront,10,13,43
lista,DLL con cola,PushFront,10,14,44
lista,DLL con cola,PushFront,10,15,44
lista,DLL con cola,PushFront,10,16,46
lista,DLL con cola,PushFront,10,17,45
lista,DLL con cola,PushFront,10,18,44
lista,DLL con cola,PushFront,10,19,44
lista,DLL con cola,PushFront,10,20,43
lista,DLL con cola,PushFront,10,21,44
lista,DLL con cola,PushFront,10,22,45
lista,DLL con cola,PushFront,10,23,43
lista,DLL con cola,PushFront,10,24,45
lista,DLL con cola,PushFront,10,25,44
lista,DLL con cola,PushFront,10,26,45
lista,DLL con cola,PushFront,10,27,44
lista,DLL con cola,PushFront,10,28,45
lista,DLL con cola,PushFront,10,29,44
lista,DLL con cola,PushFront,10,30,45
lista,DLL con cola,PushFront,10,31,44
lista,DLL con cola,PushFront,10,32,44
lista,DLL con cola,PushFront,10,33,44
lista,DLL con cola,PushFront,10,34,45
lista,DLL con cola,PushFront,10,35,44
lista,DLL con cola,PushFront,10,36,44
lista,DLL con cola,PushFront,10,37,45
lista,DLL con cola,PushFront,10,38,45
lista,DLL con cola,PushFront,10,39,44
lista,DLL con cola,PushFront,10,40,45
lista,DLL con cola,PushFront,10,41,44
lista,DLL con cola,PushFront,10,42,44
lista,DLL con cola,PushFront,10,43,45
lista,DLL con cola,PushFront,10,44,45
lista,DLL con cola,PushFront,10,45,45
lista,DLL con cola,PushFront,10,46,45
lista,DLL con cola,PushFront,10,47,44
lista,DLL con cola,PushFront,10,48,45
lista,DLL con cola,PushFront,10,49,44
lista,DLL con cola,PushBack,10,0,47
lista,DLL con cola,PushBack,10,1,47
lista,DLL con cola,PushBack,10,2,47
lista,DLL con cola,PushBack,10,3,48
lista,DLL con cola,PushBack,10,4,47
lista,DLL con cola,PushBack,10,5,47
lista,DLL con cola,PushBack,10,6,46
lista,DLL con cola,PushBack,10,7,47
lista,DLL con cola,PushBack,10,8,47
lista,DLL con cola,PushBack,10,9,47
lista,DLL con cola,PushBack,10,10,47
lista,DLL con cola,PushBack,10,11,47
lista,DLL con cola,PushBack,10,12,46
lista,DLL con cola,PushBack,10,13,47
lista,DLL con cola,PushBack,10,14,47
lista,DLL con cola,PushBack,10,15,46
lista,DLL con cola,PushBack,10,16,46
lista,DLL con cola,PushBack,10,17,47
lista,DLL con cola,PushBack,10,18,46
lista,DLL con cola,PushBack,10,19,46
lista,DLL con cola,PushBack,10,20,47
lista,DLL con cola,PushBack,10,21,46
lista,DLL con cola,PushBack,10,22,46
lista,DLL con cola,PushBack,10,23,45
lista,DLL con cola,PushBack,10,24,47
lista,DLL con cola,PushBack,10,25,46
lista,DLL con cola,PushBack,10,26,46
lista,DLL con cola,PushBack,10,27,46
lista,DLL con cola,PushBack,10,28,46
lista,DLL con cola,PushBack,10,29,46
lista,DLL con cola,PushBack,10,30,47
lista,DLL con cola,PushBack,10,31,47
lista,DLL con cola,PushBack,10,32,48
lista,DLL con cola,PushBack,10,33,47
lista,DLL con cola,PushBack,10,34,48
lista,DLL con cola,PushBack,10,35,46
lista,DLL con cola,PushBack,10,36,46
lista,DLL con cola,PushBack,10,37,47
lista,DLL con cola,PushBack,10,38,46
lista,DLL con cola,PushBack,10,39,48
lista,DLL con cola,PushBack,10,40,47
lista,DLL con cola,PushBack,10,41,46
lista,DLL con cola,PushBack,10,42,48
lista,DLL con cola,PushBack,10,43,47
lista,DLL con cola,PushBack,10,44,48
lista,DLL con cola,PushBack,10,45,46
lista,DLL con cola,PushBack,10,46,47
lista,DLL con cola,PushBack,10,47,47
lista,DLL con cola,PushBack,10,48,47
lista,DLL con cola,PushBack,10,49,47
lista,DLL con cola,PopFront,10,0,49
lista,DLL con cola,PopFront,10,1,50
lista,DLL con cola,PopFront,10,2,49
lista,DLL con cola,PopFront,10,3,49
lista,DLL con cola,PopFront,10,4,48
lista,DLL con cola,PopFront,10,5,49
lista,DLL con cola,PopFront,10,6,47
lista,DLL con cola,PopFront,10,7,48
lista,DLL con cola,PopFront,10,8,48
lista,DLL con cola,PopFront,10,9,49
lista,DLL con cola,PopFront,10,10,49
lista,DLL con cola,PopFront,10,11,49
lista,DLL con cola,PopFront,10,12,48
lista,DLL con cola,PopFront,10,13,48
lista,DLL con cola,PopFront,10,14,48
lista,DLL con cola,PopFront,10,15,49
lista,DLL con cola,PopFront,10,16,48
lista,DLL con cola,PopFront,10,17,49
lista,DLL con cola,PopFront,10,18,48
lista,DLL con cola,PopFront,10,19,47
lista,DLL con cola,PopFront,10,20,47
lista,DLL con cola,PopFront,10,21,48
lista,DLL con cola,PopFront,10,22,49
lista,DLL con cola,PopFront,10,23,49
lista,DLL con cola,PopFront,10,24,49
lista,DLL con cola,PopFront,10,25,49
lista,DLL con cola,PopFront,10,26,48
lista,DLL con cola,PopFront,10,27,48
lista,DLL con cola,PopFront,10,28,47
lista,DLL con cola,PopFront,10,29,48
lista,DLL con cola,PopFront,10,30,48
lista,DLL con cola,PopFront,10,31,49
lista,DLL con cola,PopFront,10,32,49
lista,DLL con cola,PopFront,10,33,49
lista,DLL con cola,PopFront,10,34,48
lista,DLL con cola,PopFront,10,35,48
lista,DLL con cola,PopFront,10,36,49
lista,DLL con cola,PopFront,10,37,49
lista,DLL con cola,PopFront,10,38,49
lista,DLL con cola,PopFront,10,39,50
lista,DLL con cola,PopFront,10,40,49
lista,DLL con cola,PopFront,10,41,49
lista,DLL con cola,PopFront,10,42,48
lista,DLL con cola,PopFront,10,43,48
lista,DLL con cola,PopFront,10,44,48
lista,DLL con cola,PopFront,10,45,49
lista,DLL con cola,PopFront,10,46,51
lista,DLL con cola,PopFront,10,47,48
lista,DLL con cola,PopFront,10,48,48
lista,DLL con cola,PopFront,10,49,49
lista,DLL con cola,PopBack,10,0,49
lista,DLL con cola,PopBack,10,1,74
lista,DLL con cola,PopBack,10,2,49
lista,DLL con cola,PopBack,10,3,49
lista,DLL con cola,PopBack,10,4,51
lista,DLL con cola,PopBack,10,5,50
lista,DLL con cola,PopBack,10,6,49
lista,DLL con cola,PopBack,10,7,49
lista,DLL con cola,PopBack,10,8,52
lista,DLL con cola,PopBack,10,9,50
lista,DLL con cola,PopBack,10,10,49
lista,DLL con cola,PopBack,10,11,49
lista,DLL con cola,PopBack,10,12,49
lista,DLL con cola,PopBack,10,13,51
lista,DLL con cola,PopBack,10,14,51
lista,DLL con cola,PopBack,10,15,50
lista,DLL con cola,PopBack,10,16,50
lista,DLL con cola,PopBack,10,17,51
lista,DLL con cola,PopBack,10,18,51
lista,DLL con cola,PopBack,10,19,51
lista,DLL con cola,PopBack,10,20,48
lista,DLL con cola,PopBack,10,21,51
lista,DLL con cola,PopBack,10,22,49
lista,DLL con cola,PopBack,10,23,49
lista,DLL con cola,PopBack,10,24,52
lista,DLL con cola,PopBack,10,25,52
lista,DLL con cola,PopBack,10,26,52
lista,DLL con cola,PopBack,10,27,50
lista,DLL con cola,PopBack,10,28,49
lista,DLL con cola,PopBack,10,29,51
lista,DLL con cola,PopBack,10,30,51
lista,DLL con cola,PopBack,10,31,49
lista,DLL con cola,PopBack,10,32,51
lista,DLL con cola,PopBack,10,33,51
lista,DLL con cola,PopBack,10,34,51
lista,DLL con cola,PopBack,10,35,49
lista,DLL con cola,PopBack,10,36,50
lista,DLL con cola,PopBack,10,37,50
lista,DLL con cola,PopBack,10,38,50
lista,DLL con cola,PopBack,10,39,51
lista,DLL con cola,PopBack,10,40,51
lista,DLL con cola,PopBack,10,41,49
lista,DLL con cola,PopBack,10,42,49
lista,DLL con cola,PopBack,10,43,50
lista,DLL con cola,PopBack,10,44,49
lista,DLL con cola,PopBack,10,45,50
lista,DLL con cola,PopBack,10,46,51
lista,DLL con cola,PopBack,10,47,52
lista,DLL con cola,PopBack,10,48,49
lista,DLL con cola,PopBack,10,49,51
lista,DLL con cola,TopFront,10,0,51
lista,DLL con cola,TopFront,10,1,51
lista,DLL con cola,TopFront,10,2,54
lista,DLL con cola,TopFront,10,3,52
lista,DLL con cola,TopFront,10,4,53
lista,DLL con cola,TopFront,10,5,52
lista,DLL con cola,TopFront,10,6,52
lista,DLL con cola,TopFront,10,7,51
lista,DLL con cola,TopFront,10,8,51
lista,DLL con cola,TopFront,10,9,53
lista,DLL con cola,TopFront,10,10,52
lista,DLL con cola,TopFront,10,11,51
lista,DLL con cola,TopFront,10,12,51
lista,DLL con cola,TopFront,10,13,50
lista,DLL con cola,TopFront,10,14,52
lista,DLL con cola,TopFront,10,15,52
lista,DLL con cola,TopFront,10,16,51
lista,DLL con cola,TopFront,10,17,51
lista,DLL con cola,TopFront,10,18,52
lista,DLL con cola,TopFront,10,19,52
lista,DLL con cola,TopFront,10,20,51
lista,DLL con cola,TopFront,10,21,51
lista,DLL con cola,TopFront,10,22,51
lista,DLL con cola,TopFront,10,23,52
lista,DLL con cola,TopFront,10,24,51
lista,DLL con cola,TopFront,10,25,53
lista,DLL con cola,TopFront,10,26,52
lista,DLL con cola,TopFront,10,27,52
lista,DLL con cola,TopFront,10,28,51
lista,DLL con cola,TopFront,10,29,52
lista,DLL con cola,TopFront,10,30,52
lista,DLL con cola,TopFront,10,31,52
lista,DLL con cola,TopFront,10,32,52
lista,DLL con cola,TopFront,10,33,51
lista,DLL con cola,TopFront,10,34,52
lista,DLL con cola,TopFront,10,35,52
lista,DLL con cola,TopFront,10,36,52
lista,DLL con cola,TopFront,10,37,52
lista,DLL con cola,TopFront,10,38,52
lista,DLL con cola,TopFront,10,39,51
lista,DLL con cola,TopFront,10,40,52
lista,DLL con cola,TopFront,10,41,53
lista,DLL con cola,TopFront,10,42,52
lista,DLL con cola,TopFront,10,43,52
lista,DLL con cola,TopFront,10,44,51
lista,DLL con cola,TopFront,10,45,52
lista,DLL con cola,TopFront,10,46,53
lista,DLL con cola,TopFront,10,47,52
lista,DLL con cola,TopFront,10,48,52
lista,DLL con cola,TopFront,10,49,51
lista,DLL con cola,TopBack,10,0,53
lista,DLL con cola,TopBack,10,1,52
lista,DLL con cola,TopBack,10,2,52
lista,DLL con cola,TopBack,10,3,53
lista,DLL con cola,TopBack,10,4,51
lista,DLL con cola,TopBack,10,5,52
lista,DLL con cola,TopBack,10,6,51
lista,DLL con cola,TopBack,10,7,52
lista,DLL con cola,TopBack,10,8,52
lista,DLL con cola,TopBack,10,9,52
lista,DLL con cola,TopBack,10,10,51
lista,DLL con cola,TopBack,10,11,52
lista,DLL con cola,TopBack,10,12,52
lista,DLL con cola,TopBack,10,13,52
lista,DLL con cola,TopBack,10,14,52
lista,DLL con cola,TopBack,10,15,51
lista,DLL con cola,TopBack,10,16,53
lista,DLL con cola,TopBack,10,17,52
lista,DLL con cola,TopBack,10,18,52
lista,DLL con cola,TopBack,10,19,52
lista,DLL con cola,TopBack,10,20,54
lista,DLL con cola,TopBack,10,21,53
lista,DLL con cola,TopBack,10,22,52
lista,DLL con cola,TopBack,10,23,51
lista,DLL con cola,TopBack,10,24,52
lista,DLL con cola,TopBack,10,25,51
lista,DLL con cola,TopBack,10,26,54
lista,DLL con cola,TopBack,10,27,53
lista,DLL con cola,TopBack,10,28,52
lista,DLL con cola,TopBack,10,29,53
lista,DLL con cola,TopBack,10,30,52
lista,DLL con cola,TopBack,10,31,52
lista,DLL con cola,TopBack,10,32,52
lista,DLL con cola,TopBack,10,33,52
lista,DLL con cola,TopBack,10,34,52
lista,DLL con cola,TopBack,10,35,53
lista,DLL con cola,TopBack,10,36,52
lista,DLL con cola,TopBack,10,37,52
lista,DLL con cola,TopBack,10,38,51
lista,DLL con cola,TopBack,10,39,52
lista,DLL con cola,TopBack,10,40,52
lista,DLL con cola,TopBack,10,41,53
lista,DLL con cola,TopBack,10,42,51
lista,DLL con cola,TopBack,10,43,52
lista,DLL con cola,TopBack,10,44,52
lista,DLL con cola,TopBack,10,45,52
lista,DLL con cola,TopBack,10,46,54
lista,DLL con cola,TopBack,10,47,53
lista,DLL con cola,TopBack,10,48,51
lista,DLL con cola,TopBack,10,49,52
lista,DLL con cola,Find,10,0,74
lista,DLL con cola,Find,10,1,111
lista,DLL con cola,Find,10,2,99
lista,DLL con cola,Find,10,3,80
lista,DLL con cola,Find,10,4,74
lista,DLL con cola,Find,10,5,78
lista,DLL con cola,Find,10,6,79
lista,DLL con cola,Find,10,7,76
lista,DLL con cola,Find,10,8,80
lista,DLL con cola,Find,10,9,81
lista,DLL con cola,Find,10,10,75
lista,DLL con cola,Find,10,11,82
lista,DLL con cola,Find,10,12,80
lista,DLL con cola,Find,10,13,82
lista,DLL con cola,Find,10,14,80
lista,DLL con cola,Find,10,15,78
lista,DLL con cola,Find,10,16,76
lista,DLL con cola,Find,10,17,76
lista,DLL con cola,Find,10,18,77
lista,DLL con cola,Find,10,19,75
lista,DLL con cola,Find,10,20,73
lista,DLL con cola,Find,10,21,77
lista,DLL con cola,Find,10,22,81
lista,DLL con cola,Find,10,23,75
lista,DLL con cola,Find,10,24,81
lista,DLL con cola,Find,10,25,73
lista,DLL con cola,Find,10,26,80
lista,DLL con cola,Find,10,27,82
lista,DLL con cola,Find,10,28,80
lista,DLL con cola,Find,10,29,78
lista,DLL con cola,Find,10,30,78
lista,DLL con cola,Find,10,31,81
lista,DLL con cola,Find,10,32,81
lista,DLL con cola,Find,10,33,78
lista,DLL con cola,Find,10,34,75
lista,DLL con cola,Find,10,35,72
lista,DLL con cola,Find,10,36,79
lista,DLL con cola,Find,10,37,76
lista,DLL con cola,Find,10,38,76
lista,DLL con cola,Find,10,39,76
lista,DLL con cola,Find,10,40,81
lista,DLL con cola,Find,10,41,76
lista,DLL con cola,Find,10,42,77
lista,DLL con cola,Find,10,43,75
lista,DLL con cola,Find,10,44,78
lista,DLL con cola,Find,10,45,76
lista,DLL con cola,Find,10,46,76
lista,DLL con cola,Find,10,47,76
lista,DLL con cola,Find,10,48,73
lista,DLL con cola,Find,10,49,76
lista,DLL con cola,Erase,10,0,139
lista,DLL con cola,Erase,10,1,138
lista,DLL con cola,Erase,10,2,139
lista,DLL con cola,Erase,10,3,140
lista,DLL con cola,Erase,10,4,138
lista,DLL con cola,Erase,10,5,139
lista,DLL con cola,Erase,10,6,142
lista,DLL con cola,Erase,10,7,141
lista,DLL con cola,Erase,10,8,137
lista,DLL con cola,Erase,10,9,140
lista,DLL con cola,Erase,10,10,139
lista,DLL con cola,Erase,10,11,139
lista,DLL con cola,Erase,10,12,138
lista,DLL con cola,Erase,10,13,139
lista,DLL con cola,Erase,10,14,138
lista,DLL con cola,Erase,10,15,137
lista,DLL con cola,Erase,10,16,138
lista,DLL con cola,Erase,10,17,138
lista,DLL con cola,Erase,10,18,138
lista,DLL con cola,Erase,10,19,140
lista,DLL con cola,Erase,10,20,139
lista,DLL con cola,Erase,10,21,138
lista,DLL con cola,Erase,10,22,138
lista,DLL con cola,Erase,10,23,138
lista,DLL con cola,Erase,10,24,140
lista,DLL con cola,Erase,10,25,139
lista,DLL con cola,Erase,10,26,139
lista,DLL con cola,Erase,10,27,137
lista,DLL con cola,Erase,10,28,138
lista,DLL con cola,Erase,10,29,140
lista,DLL con cola,Erase,10,30,139
lista,DLL con cola,Erase,10,31,137
lista,DLL con cola,Erase,10,32,138
lista,DLL con cola,Erase,10,33,139
lista,DLL con cola,Erase,10,34,137
lista,DLL con cola,Erase,10,35,140
lista,DLL con cola,Erase,10,36,138
lista,DLL con cola,Erase,10,37,138
lista,DLL con cola,Erase,10,38,138
lista,DLL con cola,Erase,10,39,139
lista,DLL con cola,Erase,10,40,139
lista,DLL con cola,Erase,10,41,137
lista,DLL con cola,Erase,10,42,140
lista,DLL con cola,Erase,10,43,139
lista,DLL con cola,Erase,10,44,138
lista,DLL con cola,Erase,10,45,138
lista,DLL con cola,Erase,10,46,137
lista,DLL con cola,Erase,10,47,137
lista,DLL con cola,Erase,10,48,4681
lista,DLL con cola,Erase,10,49,175
lista,DLL con cola,AddBefore,10,0,128
lista,DLL con cola,AddBefore,10,1,130
lista,DLL con cola,AddBefore,10,2,130
lista,DLL con cola,AddBefore,10,3,128
lista,DLL con cola,AddBefore,10,4,127
lista,DLL con cola,AddBefore,10,5,127
lista,DLL con cola,AddBefore,10,6,127
lista,DLL con cola,AddBefore,10,7,129
lista,DLL con cola,AddBefore,10,8,123
lista,DLL con cola,AddBefore,10,9,124
lista,DLL con cola,AddBefore,10,10,123
lista,DLL con cola,AddBefore,10,11,124
lista,DLL con cola,AddBefore,10,12,122
lista,DLL con cola,AddBefore,10,13,122
lista,DLL con cola,AddBefore,10,14,125
lista,DLL con cola,AddBefore,10,15,120
lista,DLL con cola,AddBefore,10,16,124
lista,DLL con cola,AddBefore,10,17,124
lista,DLL con cola,AddBefore,10,18,122
lista,DLL con cola,AddBefore,10,19,125
lista,DLL con cola,AddBefore,10,20,123
lista,DLL con cola,AddBefore,10,21,123
lista,DLL con cola,AddBefore,10,22,122
lista,DLL con cola,AddBefore,10,23,123
lista,DLL con cola,AddBefore,10,24,125
lista,DLL con cola,AddBefore,10,25,121
lista,DLL con cola,AddBefore,10,26,122
lista,DLL con cola,AddBefore,10,27,123
lista,DLL con cola,AddBefore,10,28,123
lista,DLL con cola,AddBefore,10,29,124
lista,DLL con cola,AddBefore,10,30,123
lista,DLL con cola,AddBefore,10,31,122
lista,DLL con cola,AddBefore,10,32,123
lista,DLL con cola,AddBefore,10,33,123
lista,DLL con cola,AddBefore,10,34,124
lista,DLL con cola,AddBefore,10,35,124
lista,DLL con cola,AddBefore,10,36,122
lista,DLL con cola,AddBefore,10,37,122
lista,DLL con cola,AddBefore,10,38,122
lista,DLL con cola,AddBefore,10,39,130
lista,DLL con cola,AddBefore,10,40,126
lista,DLL con cola,AddBefore,10,41,121
lista,DLL con cola,AddBefore,10,42,122
lista,DLL con cola,AddBefore,10,43,123
lista,DLL con cola,AddBefore,10,44,124
lista,DLL con cola,AddBefore,10,45,126
lista,DLL con cola,AddBefore,10,46,185
lista,DLL con cola,AddBefore,10,47,123
lista,DLL con cola,AddBefore,10,48,2918
lista,DLL con cola,AddBefore,10,49,162
lista,DLL con cola,AddAfter,10,0,120
lista,DLL con cola,AddAfter,10,1,120
lista,DLL con cola,AddAfter,10,2,125
lista,DLL con cola,AddAfter,10,3,122
lista,DLL con cola,AddAfter,10,4,122
lista,DLL con cola,AddAfter,10,5,121
lista,DLL con cola,AddAfter,10,6,122
lista,DLL con cola,AddAfter,10,7,119
lista,DLL con cola,AddAfter,10,8,120
lista,DLL con cola,AddAfter,10,9,120
lista,DLL con cola,AddAfter,10,10,120
lista,DLL con cola,AddAfter,10,11,122
lista,DLL con cola,AddAfter,10,12,121
lista,DLL con cola,AddAfter,10,13,121
lista,DLL con cola,AddAfter,10,14,118
lista,DLL con cola,AddAfter,10,15,122
lista,DLL con cola,AddAfter,10,16,120
lista,DLL con cola,AddAfter,10,17,121
lista,DLL con cola,AddAfter,10,18,121
lista,DLL con cola,AddAfter,10,19,122
lista,DLL con cola,AddAfter,10,20,119
lista,DLL con cola,AddAfter,10,21,121
lista,DLL con cola,AddAfter,10,22,119
lista,DLL con cola,AddAfter,10,23,122
lista,DLL con cola,AddAfter,10,24,120
lista,DLL con cola,AddAfter,10,25,120
lista,DLL con cola,AddAfter,10,26,120
lista,DLL con cola,AddAfter,10,27,120
lista,DLL con cola,AddAfter,10,28,119
lista,DLL con cola,AddAfter,10,29,119
lista,DLL con cola,AddAfter,10,30,120
lista,DLL con cola,AddAfter,10,31,121
lista,DLL con cola,AddAfter,10,32,122
lista,DLL con cola,AddAfter,10,33,120
lista,DLL con cola,AddAfter,10,34,120
lista,DLL con cola,AddAfter,10,35,119
lista,DLL con cola,AddAfter,10,36,122
lista,DLL con cola,AddAfter,10,37,121
lista,DLL con cola,AddAfter,10,38,120
lista,DLL con cola,AddAfter,10,39,120
lista,DLL con cola,AddAfter,10,40,120
lista,DLL con cola,AddAfter,10,41,119
lista,DLL con cola,AddAfter,10,42,119
lista,DLL con cola,AddAfter,10,43,120
lista,DLL con cola,AddAfter,10,44,120
lista,DLL con cola,AddAfter,10,45,121
lista,DLL con cola,AddAfter,10,46,120
lista,DLL con cola,AddAfter,10,47,118
lista,DLL con cola,AddAfter,10,48,2298
lista,DLL con cola,AddAfter,10,49,149
lista,DLL con cola,Empty,10,0,78
lista,DLL con cola,Empty,10,1,76
lista,DLL con cola,Empty,10,2,78
lista,DLL con cola,Empty,10,3,79
lista,DLL con cola,Empty,10,4,79
lista,DLL con cola,Empty,10,5,77
lista,DLL con cola,Empty,10,6,78
lista,DLL con cola,Empty,10,7,78
lista,DLL con cola,Empty,10,8,75
lista,DLL con cola,Empty,10,9,76
lista,DLL con cola,Empty,10,10,76
lista,DLL con cola,Empty,10,11,76
lista,DLL con cola,Empty,10,12,77
lista,DLL con cola,Empty,10,13,76
lista,DLL con cola,Empty,10,14,76
lista,DLL con cola,Empty,10,15,76
lista,DLL con cola,Empty,10,16,76
lista,DLL con cola,Empty,10,17,77
lista,DLL con cola,Empty,10,18,77
lista,DLL con cola,Empty,10,19,77
lista,DLL con cola,Empty,10,20,77
lista,DLL con cola,Empty,10,21,76
lista,DLL con cola,Empty,10,22,76
lista,DLL con cola,Empty,10,23,76
lista,DLL con cola,Empty,10,24,75
lista,DLL con cola,Empty,10,25,75
lista,DLL con cola,Empty,10,26,76
lista,DLL con cola,Empty,10,27,76
lista,DLL con cola,Empty,10,28,76
lista,DLL con cola,Empty,10,29,77
lista,DLL con cola,Empty,10,30,76
lista,DLL con cola,Empty,10,31,75
lista,DLL con cola,Empty,10,32,77
lista,DLL con cola,Empty,10,33,75
lista,DLL con cola,Empty,10,34,76
lista,DLL con cola,Empty,10,35,77
lista,DLL con cola,Empty,10,36,76
lista,DLL con cola,Empty,10,37,76
lista,DLL con cola,Empty,10,38,77
lista,DLL con cola,Empty,10,39,78
lista,DLL con cola,Empty,10,40,77
lista,DLL con cola,Empty,10,41,75
lista,DLL con cola,Empty,10,42,77
lista,DLL con cola,Empty,10,43,77
lista,DLL con cola,Empty,10,44,77
lista,DLL con cola,Empty,10,45,78
lista,DLL con cola,Empty,10,46,77
lista,DLL con cola,Empty,10,47,76
lista,DLL con cola,Empty,10,48,402
lista,DLL con cola,Empty,10,49,88
lista,DLL con cola,Size,10,0,53
lista,DLL con cola,Size,10,1,52
lista,DLL con cola,Size,10,2,53
lista,DLL con cola,Size,10,3,53
lista,DLL con cola,Size,10,4,53
lista,DLL con cola,Size,10,5,52
lista,DLL con cola,Size,10,6,54
lista,DLL con cola,Size,10,7,54
lista,DLL con cola,Size,10,8,53
lista,DLL con cola,Size,10,9,52
lista,DLL con cola,Size,10,10,53
lista,DLL con cola,Size,10,11,52
lista,DLL con cola,Size,10,12,52
lista,DLL con cola,Size,10,13,53
lista,DLL con cola,Size,10,14,54
lista,DLL con cola,Size,10,15,52
lista,DLL con cola,Size,10,16,53
lista,DLL con cola,Size,10,17,53
lista,DLL con cola,Size,10,18,53
lista,DLL con cola,Size,10,19,53
lista,DLL con cola,Size,10,20,54
lista,DLL con cola,Size,10,21,54
lista,DLL con cola,Size,10,22,53
lista,DLL con cola,Size,10,23,52
lista,DLL con cola,Size,10,24,53
lista,DLL con cola,Size,10,25,53
lista,DLL con cola,Size,10,26,53
lista,DLL con cola,Size,10,27,54
lista,DLL con cola,Size,10,28,53
lista,DLL con cola,Size,10,29,52
lista,DLL con cola,Size,10,30,52
lista,DLL con cola,Size,10,31,52
lista,DLL con cola,Size,10,32,53
lista,DLL con cola,Size,10,33,53
lista,DLL con cola,Size,10,34,55
lista,DLL con cola,Size,10,35,53
lista,DLL con cola,Size,10,36,53
lista,DLL con cola,Size,10,37,52
lista,DLL con cola,Size,10,38,53
lista,DLL con cola,Size,10,39,53
lista,DLL con cola,Size,10,40,52
lista,DLL con cola,Size,10,41,53
lista,DLL con cola,Size,10,42,55
lista,DLL con cola,Size,10,43,55
lista,DLL con cola,Size,10,44,54
lista,DLL con cola,Size,10,45,53
lista,DLL con cola,Size,10,46,53
lista,DLL con cola,Size,10,47,52
lista,DLL con cola,Size,10,48,53
lista,DLL con cola,Size,10,49,54
pilacola,ArrayStack,Push,10,0,90
pilacola,ArrayStack,Push,10,1,89
pilacola,ArrayStack,Push,10,2,87
pilacola,ArrayStack,Push,10,3,90
pilacola,ArrayStack,Push,10,4,88
pilacola,ArrayStack,Push,10,5,90
pilacola,ArrayStack,Push,10,6,91
pilacola,ArrayStack,Push,10,7,89
pilacola,ArrayStack,Push,10,8,89
pilacola,ArrayStack,Push,10,9,90
pilacola,ArrayStack,Push,10,10,89
pilacola,ArrayStack,Push,10,11,89
pilacola,ArrayStack,Push,10,12,88
pilacola,ArrayStack,Push,10,13,89
pilacola,ArrayStack,Push,10,14,90
pilacola,ArrayStack,Push,10,15,89
pilacola,ArrayStack,Push,10,16,90
pilacola,ArrayStack,Push,10,17,89
pilacola,ArrayStack,Push,10,18,89
pilacola,ArrayStack,Push,10,19,89
pilacola,ArrayStack,Push,10,20,89
pilacola,ArrayStack,Push,10,21,89
pilacola,ArrayStack,Push,10,22,89
pilacola,ArrayStack,Push,10,23,88
pilacola,ArrayStack,Push,10,24,90
pilacola,ArrayStack,Push,10,25,88
pilacola,ArrayStack,Push,10,26,89
pilacola,ArrayStack,Push,10,27,89
pilacola,ArrayStack,Push,10,28,88
pilacola,ArrayStack,Push,10,29,89
pilacola,ArrayStack,Push,10,30,89
pilacola,ArrayStack,Push,10,31,89
pilacola,ArrayStack,Push,10,32,89
pilacola,ArrayStack,Push,10,33,89
pilacola,ArrayStack,Push,10,34,87
pilacola,ArrayStack,Push,10,35,90
pilacola,ArrayStack,Push,10,36,89
pilacola,ArrayStack,Push,10,37,89
pilacola,ArrayStack,Push,10,38,90
pilacola,ArrayStack,Push,10,39,89
pilacola,ArrayStack,Push,10,40,90
pilacola,ArrayStack,Push,10,41,88
pilacola,ArrayStack,Push,10,42,90
pilacola,ArrayStack,Push,10,43,88
pilacola,ArrayStack,Push,10,44,89
pilacola,ArrayStack,Push,10,45,89
pilacola,ArrayStack,Push,10,46,89
pilacola,ArrayStack,Push,10,47,90
pilacola,ArrayStack,Push,10,48,6235
pilacola,ArrayStack,Push,10,49,107
pilacola,ArrayStack,Pop,10,0,107
pilacola,ArrayStack,Pop,10,1,144
pilacola,ArrayStack,Pop,10,2,104
pilacola,ArrayStack,Pop,10,3,105
pilacola,ArrayStack,Pop,10,4,115
pilacola,ArrayStack,Pop,10,5,111
pilacola,ArrayStack,Pop,10,6,117
pilacola,ArrayStack,Pop,10,7,104
pilacola,ArrayStack,Pop,10,8,108
pilacola,ArrayStack,Pop,10,9,104
pilacola,ArrayStack,Pop,10,10,102
pilacola,ArrayStack,Pop,10,11,103
pilacola,ArrayStack,Pop,10,12,117
pilacola,ArrayStack,Pop,10,13,117
pilacola,ArrayStack,Pop,10,14,112
pilacola,ArrayStack,Pop,10,15,105
pilacola,ArrayStack,Pop,10,16,100
pilacola,ArrayStack,Pop,10,17,105
pilacola,ArrayStack,Pop,10,18,116
pilacola,ArrayStack,Pop,10,19,105
pilacola,ArrayStack,Pop,10,20,105
pilacola,ArrayStack,Pop,10,21,103
pilacola,ArrayStack,Pop,10,22,110
pilacola,ArrayStack,Pop,10,23,105
pilacola,ArrayStack,Pop,10,24,107
pilacola,ArrayStack,Pop,10,25,96
pilacola,ArrayStack,Pop,10,26,99
pilacola,ArrayStack,Pop,10,27,112
pilacola,ArrayStack,Pop,10,28,100
pilacola,ArrayStack,Pop,10,29,107
pilacola,ArrayStack,Pop,10,30,114
pilacola,ArrayStack,Pop,10,31,119
pilacola,ArrayStack,Pop,10,32,104
pilacola,ArrayStack,Pop,10,33,104
pilacola,ArrayStack,Pop,10,34,117
pilacola,ArrayStack,Pop,10,35,111
pilacola,ArrayStack,Pop,10,36,118
pilacola,ArrayStack,Pop,10,37,103
pilacola,ArrayStack,Pop,10,38,116
pilacola,ArrayStack,Pop,10,39,112
pilacola,ArrayStack,Pop,10,40,115
pilacola,ArrayStack,Pop,10,41,102
pilacola,ArrayStack,Pop,10,42,105
pilacola,ArrayStack,Pop,10,43,106
pilacola,ArrayStack,Pop,10,44,105
pilacola,ArrayStack,Pop,10,45,104
pilacola,ArrayStack,Pop,10,46,105
pilacola,ArrayStack,Pop,10,47,103
pilacola,ArrayStack,Pop,10,48,1459
pilacola,ArrayStack,Pop,10,49,144
pilacola,ArrayStack,Peek,10,0,185
pilacola,ArrayStack,Peek,10,1,192
pilacola,ArrayStack,Peek,10,2,180
pilacola,ArrayStack,Peek,10,3,179
pilacola,ArrayStack,Peek,10,4,188
pilacola,ArrayStack,Peek,10,5,174
pilacola,ArrayStack,Peek,10,6,174
pilacola,ArrayStack,Peek,10,7,179
pilacola,ArrayStack,Peek,10,8,178
pilacola,ArrayStack,Peek,10,9,186
pilacola,ArrayStack,Peek,10,10,176
pilacola,ArrayStack,Peek,10,11,176
pilacola,ArrayStack,Peek,10,12,184
pilacola,ArrayStack,Peek,10,13,173
pilacola,ArrayStack,Peek,10,14,184
pilacola,ArrayStack,Peek,10,15,185
pilacola,ArrayStack,Peek,10,16,186
pilacola,ArrayStack,Peek,10,17,189
pilacola,ArrayStack,Peek,10,18,177
pilacola,ArrayStack,Peek,10,19,177
pilacola,ArrayStack,Peek,10,20,187
pilacola,ArrayStack,Peek,10,21,186
pilacola,ArrayStack,Peek,10,22,3698
pilacola,ArrayStack,Peek,10,23,190
pilacola,ArrayStack,Peek,10,24,203
pilacola,ArrayStack,Peek,10,25,189
pilacola,ArrayStack,Peek,10,26,302
pilacola,ArrayStack,Peek,10,27,262
pilacola,ArrayStack,Peek,10,28,235
pilacola,ArrayStack,Peek,10,29,197
pilacola,ArrayStack,Peek,10,30,212
pilacola,ArrayStack,Peek,10,31,235
pilacola,ArrayStack,Peek,10,32,168
pilacola,ArrayStack,Peek,10,33,174
pilacola,ArrayStack,Peek,10,34,290
pilacola,ArrayStack,Peek,10,35,295
pilacola,ArrayStack,Peek,10,36,270
pilacola,ArrayStack,Peek,10,37,178
pilacola,ArrayStack,Peek,10,38,176
pilacola,ArrayStack,Peek,10,39,177
pilacola,ArrayStack,Peek,10,40,190
pilacola,ArrayStack,Peek,10,41,165
pilacola,ArrayStack,Peek,10,42,171
pilacola,ArrayStack,Peek,10,43,176
pilacola,ArrayStack,Peek,10,44,191
pilacola,ArrayStack,Peek,10,45,190
pilacola,ArrayStack,Peek,10,46,164
pilacola,ArrayStack,Peek,10,47,171
pilacola,ArrayStack,Peek,10,48,1925
pilacola,ArrayStack,Peek,10,49,217
pilacola,ArrayStack,IsEmpty,10,0,156
pilacola,ArrayStack,IsEmpty,10,1,174
pilacola,ArrayStack,IsEmpty,10,2,159
pilacola,ArrayStack,IsEmpty,10,3,855
pilacola,ArrayStack,IsEmpty,10,4,161
pilacola,ArrayStack,IsEmpty,10,5,157
pilacola,ArrayStack,IsEmpty,10,6,159
pilacola,ArrayStack,IsEmpty,10,7,160
pilacola,ArrayStack,IsEmpty,10,8,155
pilacola,ArrayStack,IsEmpty,10,9,151
pilacola,ArrayStack,IsEmpty,10,10,152
pilacola,ArrayStack,IsEmpty,10,11,159
pilacola,ArrayStack,IsEmpty,10,12,153
pilacola,ArrayStack,IsEmpty,10,13,153
pilacola,ArrayStack,IsEmpty,10,14,151
pilacola,ArrayStack,IsEmpty,10,15,152
pilacola,ArrayStack,IsEmpty,10,16,165
pilacola,ArrayStack,IsEmpty,10,17,155
pilacola,ArrayStack,IsEmpty,10,18,160
pilacola,ArrayStack,IsEmpty,10,19,158
pilacola,ArrayStack,IsEmpty,10,20,169
pilacola,ArrayStack,IsEmpty,10,21,180
pilacola,ArrayStack,IsEmpty,10,22,169
pilacola,ArrayStack,IsEmpty,10,23,180
pilacola,ArrayStack,IsEmpty,10,24,164
pilacola,ArrayStack,IsEmpty,10,25,151
pilacola,ArrayStack,IsEmpty,10,26,175
pilacola,ArrayStack,IsEmpty,10,27,182
pilacola,ArrayStack,IsEmpty,10,28,170
pilacola,ArrayStack,IsEmpty,10,29,174
pilacola,ArrayStack,IsEmpty,10,30,175
pilacola,ArrayStack,IsEmpty,10,31,153
pilacola,ArrayStack,IsEmpty,10,32,168
pilacola,ArrayStack,IsEmpty,10,33,175
pilacola,ArrayStack,IsEmpty,10,34,153
pilacola,ArrayStack,IsEmpty,10,35,197
pilacola,ArrayStack,IsEmpty,10,36,144
pilacola,ArrayStack,IsEmpty,10,37,146
pilacola,ArrayStack,IsEmpty,10,38,167
pilacola,ArrayStack,IsEmpty,10,39,159
pilacola,ArrayStack,IsEmpty,10,40,168
pilacola,ArrayStack,IsEmpty,10,41,152
pilacola,ArrayStack,IsEmpty,10,42,149
pilacola,ArrayStack,IsEmpty,10,43,154
pilacola,ArrayStack,IsEmpty,10,44,149
pilacola,ArrayStack,IsEmpty,10,45,153
pilacola,ArrayStack,IsEmpty,10,46,153
pilacola,ArrayStack,IsEmpty,10,47,161
pilacola,ArrayStack,IsEmpty,10,48,1566
pilacola,ArrayStack,IsEmpty,10,49,155
pilacola,ArrayStack,Size,10,0,160
pilacola,ArrayStack,Size,10,1,259
pilacola,ArrayStack,Size,10,2,252
pilacola,ArrayStack,Size,10,3,216
pilacola,ArrayStack,Size,10,4,205
pilacola,ArrayStack,Size,10,5,174
pilacola,ArrayStack,Size,10,6,171
pilacola,ArrayStack,Size,10,7,219
pilacola,ArrayStack,Size,10,8,229
pilacola,ArrayStack,Size,10,9,170
pilacola,ArrayStack,Size,10,10,174
pilacola,ArrayStack,Size,10,11,167
pilacola,ArrayStack,Size,10,12,173
pilacola,ArrayStack,Size,10,13,152
pilacola,ArrayStack,Size,10,14,155
pilacola,ArrayStack,Size,10,15,164
pilacola,ArrayStack,Size,10,16,174
pilacola,ArrayStack,Size,10,17,157
pilacola,ArrayStack,Size,10,18,145
pilacola,ArrayStack,Size,10,19,150
pilacola,ArrayStack,Size,10,20,152
pilacola,ArrayStack,Size,10,21,155
pilacola,ArrayStack,Size,10,22,159
pilacola,ArrayStack,Size,10,23,153
pilacola,ArrayStack,Size,10,24,151
pilacola,ArrayStack,Size,10,25,166
pilacola,ArrayStack,Size,10,26,154
pilacola,ArrayStack,Size,10,27,162
pilacola,ArrayStack,Size,10,28,163
pilacola,ArrayStack,Size,10,29,154
pilacola,ArrayStack,Size,10,30,151
pilacola,ArrayStack,Size,10,31,165
pilacola,ArrayStack,Size,10,32,166
pilacola,ArrayStack,Size,10,33,157
pilacola,ArrayStack,Size,10,34,161
pilacola,ArrayStack,Size,10,35,151
pilacola,ArrayStack,Size,10,36,161
pilacola,ArrayStack,Size,10,37,156
pilacola,ArrayStack,Size,10,38,154
pilacola,ArrayStack,Size,10,39,161
pilacola,ArrayStack,Size,10,40,154
pilacola,ArrayStack,Size,10,41,169
pilacola,ArrayStack,Size,10,42,149
pilacola,ArrayStack,Size,10,43,164
pilacola,ArrayStack,Size,10,44,232
pilacola,ArrayStack,Size,10,45,154
pilacola,ArrayStack,Size,10,46,164
pilacola,ArrayStack,Size,10,47,212
pilacola,ArrayStack,Size,10,48,1448
pilacola,ArrayStack,Size,10,49,175
pilacola,ArrayStack,Delete,10,0,251
pilacola,ArrayStack,Delete,10,1,251
pilacola,ArrayStack,Delete,10,2,265
pilacola,ArrayStack,Delete,10,3,259
pilacola,ArrayStack,Delete,10,4,257
pilacola,ArrayStack,Delete,10,5,254
pilacola,ArrayStack,Delete,10,6,254
pilacola,ArrayStack,Delete,10,7,258
pilacola,ArrayStack,Delete,10,8,269
pilacola,ArrayStack,Delete,10,9,262
pilacola,ArrayStack,Delete,10,10,249
pilacola,ArrayStack,Delete,10,11,260
pilacola,ArrayStack,Delete,10,12,252
pilacola,ArrayStack,Delete,10,13,256
pilacola,ArrayStack,Delete,10,14,269
pilacola,ArrayStack,Delete,10,15,256
pilacola,ArrayStack,Delete,10,16,254
pilacola,ArrayStack,Delete,10,17,265
pilacola,ArrayStack,Delete,10,18,268
pilacola,ArrayStack,Delete,10,19,257
pilacola,ArrayStack,Delete,10,20,261
pilacola,ArrayStack,Delete,10,21,292
pilacola,ArrayStack,Delete,10,22,262
pilacola,ArrayStack,Delete,10,23,255
pilacola,ArrayStack,Delete,10,24,261
pilacola,ArrayStack,Delete,10,25,261
pilacola,ArrayStack,Delete,10,26,272
pilacola,ArrayStack,Delete,10,27,264
pilacola,ArrayStack,Delete,10,28,261
pilacola,ArrayStack,Delete,10,29,264
pilacola,ArrayStack,Delete,10,30,261
pilacola,ArrayStack,Delete,10,31,265
pilacola,ArrayStack,Delete,10,32,3910
pilacola,ArrayStack,Delete,10,33,590
pilacola,ArrayStack,Delete,10,34,326
pilacola,ArrayStack,Delete,10,35,287
pilacola,ArrayStack,Delete,10,36,306
pilacola,ArrayStack,Delete,10,37,259
pilacola,ArrayStack,Delete,10,38,239
pilacola,ArrayStack,Delete,10,39,255
pilacola,ArrayStack,Delete,10,40,250
pilacola,ArrayStack,Delete,10,41,262
pilacola,ArrayStack,Delete,10,42,247
pilacola,ArrayStack,Delete,10,43,257
pilacola,ArrayStack,Delete,10,44,265
pilacola,ArrayStack,Delete,10,45,255
pilacola,ArrayStack,Delete,10,46,249
pilacola,ArrayStack,Delete,10,47,253
pilacola,ArrayStack,Delete,10,48,1905
pilacola,ArrayStack,Delete,10,49,420
pilacola,ArrayQueue,Enqueue,10,0,87
pilacola,ArrayQueue,Enqueue,10,1,128
pilacola,ArrayQueue,Enqueue,10,2,89
pilacola,ArrayQueue,Enqueue,10,3,88
pilacola,ArrayQueue,Enqueue,10,4,88
pilacola,ArrayQueue,Enqueue,10,5,88
pilacola,ArrayQueue,Enqueue,10,6,89
pilacola,ArrayQueue,Enqueue,10,7,89
pilacola,ArrayQueue,Enqueue,10,8,90
pilacola,ArrayQueue,Enqueue,10,9,88
pilacola,ArrayQueue,Enqueue,10,10,89
pilacola,ArrayQueue,Enqueue,10,11,98
pilacola,ArrayQueue,Enqueue,10,12,111
pilacola,ArrayQueue,Enqueue,10,13,90
pilacola,ArrayQueue,Enqueue,10,14,87
pilacola,ArrayQueue,Enqueue,10,15,89
pilacola,ArrayQueue,Enqueue,10,16,88
pilacola,ArrayQueue,Enqueue,10,17,108
pilacola,ArrayQueue,Enqueue,10,18,95
pilacola,ArrayQueue,Enqueue,10,19,89
pilacola,ArrayQueue,Enqueue,10,20,88
pilacola,ArrayQueue,Enqueue,10,21,89
pilacola,ArrayQueue,Enqueue,10,22,88
pilacola,ArrayQueue,Enqueue,10,23,89
pilacola,ArrayQueue,Enqueue,10,24,88
pilacola,ArrayQueue,Enqueue,10,25,89
pilacola,ArrayQueue,Enqueue,10,26,89
pilacola,ArrayQueue,Enqueue,10,27,106
pilacola,ArrayQueue,Enqueue,10,28,97
pilacola,ArrayQueue,Enqueue,10,29,88
pilacola,ArrayQueue,Enqueue,10,30,87
pilacola,ArrayQueue,Enqueue,10,31,89
pilacola,ArrayQueue,Enqueue,10,32,89
pilacola,ArrayQueue,Enqueue,10,33,97
pilacola,ArrayQueue,Enqueue,10,34,88
pilacola,ArrayQueue,Enqueue,10,35,89
pilacola,ArrayQueue,Enqueue,10,36,88
pilacola,ArrayQueue,Enqueue,10,37,89
pilacola,ArrayQueue,Enqueue,10,38,88
pilacola,ArrayQueue,Enqueue,10,39,90
pilacola,ArrayQueue,Enqueue,10,40,87
pilacola,ArrayQueue,Enqueue,10,41,90
pilacola,ArrayQueue,Enqueue,10,42,89
pilacola,ArrayQueue,Enqueue,10,43,88
pilacola,ArrayQueue,Enqueue,10,44,88
pilacola,ArrayQueue,Enqueue,10,45,88
pilacola,ArrayQueue,Enqueue,10,46,89
pilacola,ArrayQueue,Enqueue,10,47,88
pilacola,ArrayQueue,Enqueue,10,48,10386
pilacola,ArrayQueue,Enqueue,10,49,139
pilacola,ArrayQueue,Dequeue,10,0,94
pilacola,ArrayQueue,Dequeue,10,1,105
pilacola,ArrayQueue,Dequeue,10,2,94
pilacola,ArrayQueue,Dequeue,10,3,134
pilacola,ArrayQueue,Dequeue,10,4,100
pilacola,ArrayQueue,Dequeue,10,5,95
pilacola,ArrayQueue,Dequeue,10,6,96
pilacola,ArrayQueue,Dequeue,10,7,122
pilacola,ArrayQueue,Dequeue,10,8,95
pilacola,ArrayQueue,Dequeue,10,9,95
pilacola,ArrayQueue,Dequeue,10,10,95
pilacola,ArrayQueue,Dequeue,10,11,125
pilacola,ArrayQueue,Dequeue,10,12,94
pilacola,ArrayQueue,Dequeue,10,13,92
pilacola,ArrayQueue,Dequeue,10,14,92
pilacola,ArrayQueue,Dequeue,10,15,121
pilacola,ArrayQueue,Dequeue,10,16,93
pilacola,ArrayQueue,Dequeue,10,17,92
pilacola,ArrayQueue,Dequeue,10,18,92
pilacola,ArrayQueue,Dequeue,10,19,130
pilacola,ArrayQueue,Dequeue,10,20,95
pilacola,ArrayQueue,Dequeue,10,21,93
pilacola,ArrayQueue,Dequeue,10,22,92
pilacola,ArrayQueue,Dequeue,10,23,120
pilacola,ArrayQueue,Dequeue,10,24,96
pilacola,ArrayQueue,Dequeue,10,25,92
pilacola,ArrayQueue,Dequeue,10,26,92
pilacola,ArrayQueue,Dequeue,10,27,130
pilacola,ArrayQueue,Dequeue,10,28,95
pilacola,ArrayQueue,Dequeue,10,29,92
pilacola,ArrayQueue,Dequeue,10,30,93
pilacola,ArrayQueue,Dequeue,10,31,122
pilacola,ArrayQueue,Dequeue,10,32,95
pilacola,ArrayQueue,Dequeue,10,33,94
pilacola,ArrayQueue,Dequeue,10,34,92
pilacola,ArrayQueue,Dequeue,10,35,138
pilacola,ArrayQueue,Dequeue,10,36,99
pilacola,ArrayQueue,Dequeue,10,37,91
pilacola,ArrayQueue,Dequeue,10,38,93
pilacola,ArrayQueue,Dequeue,10,39,121
pilacola,ArrayQueue,Dequeue,10,40,94
pilacola,ArrayQueue,Dequeue,10,41,93
pilacola,ArrayQueue,Dequeue,10,42,93
pilacola,ArrayQueue,Dequeue,10,43,122
pilacola,ArrayQueue,Dequeue,10,44,94
pilacola,ArrayQueue,Dequeue,10,45,93
pilacola,ArrayQueue,Dequeue,10,46,92
pilacola,ArrayQueue,Dequeue,10,47,122
pilacola,ArrayQueue,Dequeue,10,48,1435
pilacola,ArrayQueue,Dequeue,10,49,115
pilacola,ArrayQueue,Front,10,0,51
pilacola,ArrayQueue,Front,10,1,53
pilacola,ArrayQueue,Front,10,2,53
pilacola,ArrayQueue,Front,10,3,51
pilacola,ArrayQueue,Front,10,4,51
pilacola,ArrayQueue,Front,10,5,50
pilacola,ArrayQueue,Front,10,6,50
pilacola,ArrayQueue,Front,10,7,52
pilacola,ArrayQueue,Front,10,8,51
pilacola,ArrayQueue,Front,10,9,50
pilacola,ArrayQueue,Front,10,10,51
pilacola,ArrayQueue,Front,10,11,51
pilacola,ArrayQueue,Front,10,12,52
pilacola,ArrayQueue,Front,10,13,51
pilacola,ArrayQueue,Front,10,14,51
pilacola,ArrayQueue,Front,10,15,51
pilacola,ArrayQueue,Front,10,16,52
pilacola,ArrayQueue,Front,10,17,52
pilacola,ArrayQueue,Front,10,18,53
pilacola,ArrayQueue,Front,10,19,52
pilacola,ArrayQueue,Front,10,20,50
pilacola,ArrayQueue,Front,10,21,53
pilacola,ArrayQueue,Front,10,22,50
pilacola,ArrayQueue,Front,10,23,51
pilacola,ArrayQueue,Front,10,24,51
pilacola,ArrayQueue,Front,10,25,52
pilacola,ArrayQueue,Front,10,26,52
pilacola,ArrayQueue,Front,10,27,52
pilacola,ArrayQueue,Front,10,28,51
pilacola,ArrayQueue,Front,10,29,52
pilacola,ArrayQueue,Front,10,30,52
pilacola,ArrayQueue,Front,10,31,50
pilacola,ArrayQueue,Front,10,32,51
pilacola,ArrayQueue,Front,10,33,51
pilacola,ArrayQueue,Front,10,34,51
pilacola,ArrayQueue,Front,10,35,51
pilacola,ArrayQueue,Front,10,36,51
pilacola,ArrayQueue,Front,10,37,51
pilacola,ArrayQueue,Front,10,38,52
pilacola,ArrayQueue,Front,10,39,52
pilacola,ArrayQueue,Front,10,40,51
pilacola,ArrayQueue,Front,10,41,51
pilacola,ArrayQueue,Front,10,42,52
pilacola,ArrayQueue,Front,10,43,52
pilacola,ArrayQueue,Front,10,44,51
pilacola,ArrayQueue,Front,10,45,52
pilacola,ArrayQueue,Front,10,46,50
pilacola,ArrayQueue,Front,10,47,52
pilacola,ArrayQueue,Front,10,48,52
pilacola,ArrayQueue,Front,10,49,52
pilacola,ArrayQueue,IsEmpty,10,0,144
pilacola,ArrayQueue,IsEmpty,10,1,145
pilacola,ArrayQueue,IsEmpty,10,2,145
pilacola,ArrayQueue,IsEmpty,10,3,144
pilacola,ArrayQueue,IsEmpty,10,4,145
pilacola,ArrayQueue,IsEmpty,10,5,141
pilacola,ArrayQueue,IsEmpty,10,6,143
pilacola,ArrayQueue,IsEmpty,10,7,143
pilacola,ArrayQueue,IsEmpty,10,8,143
pilacola,ArrayQueue,IsEmpty,10,9,144
pilacola,ArrayQueue,IsEmpty,10,10,144
pilacola,ArrayQueue,IsEmpty,10,11,143
pilacola,ArrayQueue,IsEmpty,10,12,143
pilacola,ArrayQueue,IsEmpty,10,13,144
pilacola,ArrayQueue,IsEmpty,10,14,144
pilacola,ArrayQueue,IsEmpty,10,15,144
pilacola,ArrayQueue,IsEmpty,10,16,144
pilacola,ArrayQueue,IsEmpty,10,17,143
pilacola,ArrayQueue,IsEmpty,10,18,142
pilacola,ArrayQueue,IsEmpty,10,19,142
pilacola,ArrayQueue,IsEmpty,10,20,143
pilacola,ArrayQueue,IsEmpty,10,21,144
pilacola,ArrayQueue,IsEmpty,10,22,145
pilacola,ArrayQueue,IsEmpty,10,23,143
pilacola,ArrayQueue,IsEmpty,10,24,144
pilacola,ArrayQueue,IsEmpty,10,25,144
pilacola,ArrayQueue,IsEmpty,10,26,143
pilacola,ArrayQueue,IsEmpty,10,27,145
pilacola,ArrayQueue,IsEmpty,10,28,143
pilacola,ArrayQueue,IsEmpty,10,29,144
pilacola,ArrayQueue,IsEmpty,10,30,144
pilacola,ArrayQueue,IsEmpty,10,31,142
pilacola,ArrayQueue,IsEmpty,10,32,143
pilacola,ArrayQueue,IsEmpty,10,33,143
pilacola,ArrayQueue,IsEmpty,10,34,143
pilacola,ArrayQueue,IsEmpty,10,35,143
pilacola,ArrayQueue,IsEmpty,10,36,144
pilacola,ArrayQueue,IsEmpty,10,37,144
pilacola,ArrayQueue,IsEmpty,10,38,144
pilacola,ArrayQueue,IsEmpty,10,39,143
pilacola,ArrayQueue,IsEmpty,10,40,145
pilacola,ArrayQueue,IsEmpty,10,41,143
pilacola,ArrayQueue,IsEmpty,10,42,144
pilacola,ArrayQueue,IsEmpty,10,43,143
pilacola,ArrayQueue,IsEmpty,10,44,144
pilacola,ArrayQueue,IsEmpty,10,45,144
pilacola,ArrayQueue,IsEmpty,10,46,144
pilacola,ArrayQueue,IsEmpty,10,47,143
pilacola,ArrayQueue,IsEmpty,10,48,981
pilacola,ArrayQueue,IsEmpty,10,49,162
pilacola,ArrayQueue,Size,10,0,146
pilacola,ArrayQueue,Size,10,1,222
pilacola,ArrayQueue,Size,10,2,147
pilacola,ArrayQueue,Size,10,3,145
pilacola,ArrayQueue,Size,10,4,146
pilacola,ArrayQueue,Size,10,5,145
pilacola,ArrayQueue,Size,10,6,146
pilacola,ArrayQueue,Size,10,7,145
pilacola,ArrayQueue,Size,10,8,145
pilacola,ArrayQueue,Size,10,9,146
pilacola,ArrayQueue,Size,10,10,146
pilacola,ArrayQueue,Size,10,11,145
pilacola,ArrayQueue,Size,10,12,146
pilacola,ArrayQueue,Size,10,13,146
pilacola,ArrayQueue,Size,10,14,146
pilacola,ArrayQueue,Size,10,15,146
pilacola,ArrayQueue,Size,10,16,145
pilacola,ArrayQueue,Size,10,17,146
pilacola,ArrayQueue,Size,10,18,145
pilacola,ArrayQueue,Size,10,19,147
pilacola,ArrayQueue,Size,10,20,146
pilacola,ArrayQueue,Size,10,21,147
pilacola,ArrayQueue,Size,10,22,145
pilacola,ArrayQueue,Size,10,23,146
pilacola,ArrayQueue,Size,10,24,145
pilacola,ArrayQueue,Size,10,25,147
pilacola,ArrayQueue,Size,10,26,146
pilacola,ArrayQueue,Size,10,27,146
pilacola,ArrayQueue,Size,10,28,145
pilacola,ArrayQueue,Size,10,29,146
pilacola,ArrayQueue,Size,10,30,145
pilacola,ArrayQueue,Size,10,31,147
pilacola,ArrayQueue,Size,10,32,145
pilacola,ArrayQueue,Size,10,33,147
pilacola,ArrayQueue,Size,10,34,145
pilacola,ArrayQueue,Size,10,35,146
pilacola,ArrayQueue,Size,10,36,145
pilacola,ArrayQueue,Size,10,37,146
pilacola,ArrayQueue,Size,10,38,147
pilacola,ArrayQueue,Size,10,39,147
pilacola,ArrayQueue,Size,10,40,145
pilacola,ArrayQueue,Size,10,41,146
pilacola,ArrayQueue,Size,10,42,586
pilacola,ArrayQueue,Size,10,43,163
pilacola,ArrayQueue,Size,10,44,147
pilacola,ArrayQueue,Size,10,45,148
pilacola,ArrayQueue,Size,10,46,146
pilacola,ArrayQueue,Size,10,47,146
pilacola,ArrayQueue,Size,10,48,644
pilacola,ArrayQueue,Size,10,49,150
pilacola,ArrayQueue,Delete,10,0,249
pilacola,ArrayQueue,Delete,10,1,245
pilacola,ArrayQueue,Delete,10,2,245
pilacola,ArrayQueue,Delete,10,3,246
pilacola,ArrayQueue,Delete,10,4,245
pilacola,ArrayQueue,Delete,10,5,246
pilacola,ArrayQueue,Delete,10,6,247
pilacola,ArrayQueue,Delete,10,7,243
pilacola,ArrayQueue,Delete,10,8,243
pilacola,ArrayQueue,Delete,10,9,244
pilacola,ArrayQueue,Delete,10,10,246
pilacola,ArrayQueue,Delete,10,11,246
pilacola,ArrayQueue,Delete,10,12,246
pilacola,ArrayQueue,Delete,10,13,246
pilacola,ArrayQueue,Delete,10,14,245
pilacola,ArrayQueue,Delete,10,15,246
pilacola,ArrayQueue,Delete,10,16,246
pilacola,ArrayQueue,Delete,10,17,247
pilacola,ArrayQueue,Delete,10,18,246
pilacola,ArrayQueue,Delete,10,19,246
pilacola,ArrayQueue,Delete,10,20,247
pilacola,ArrayQueue,Delete,10,21,242
pilacola,ArrayQueue,Delete,10,22,247
pilacola,ArrayQueue,Delete,10,23,244
pilacola,ArrayQueue,Delete,10,24,244
pilacola,ArrayQueue,Delete,10,25,245
pilacola,ArrayQueue,Delete,10,26,245
pilacola,ArrayQueue,Delete,10,27,248
pilacola,ArrayQueue,Delete,10,28,247
pilacola,ArrayQueue,Delete,10,29,245
pilacola,ArrayQueue,Delete,10,30,243
pilacola,ArrayQueue,Delete,10,31,247
pilacola,ArrayQueue,Delete,10,32,244
pilacola,ArrayQueue,Delete,10,33,247
pilacola,ArrayQueue,Delete,10,34,243
pilacola,ArrayQueue,Delete,10,35,244
pilacola,ArrayQueue,Delete,10,36,246
pilacola,ArrayQueue,Delete,10,37,247
pilacola,ArrayQueue,Delete,10,38,242
pilacola,ArrayQueue,Delete,10,39,247
pilacola,ArrayQueue,Delete,10,40,243
pilacola,ArrayQueue,Delete,10,41,247
pilacola,ArrayQueue,Delete,10,42,246
pilacola,ArrayQueue,Delete,10,43,246
pilacola,ArrayQueue,Delete,10,44,245
pilacola,ArrayQueue,Delete,10,45,244
pilacola,ArrayQueue,Delete,10,46,245
pilacola,ArrayQueue,Delete,10,47,245
pilacola,ArrayQueue,Delete,10,48,1167
pilacola,ArrayQueue,Delete,10,49,278
crecimiento,Duplicar (x2),Push total,10,0,157
crecimiento,Duplicar (x2),Push total,10,1,130
crecimiento,Duplicar (x2),Push total,10,2,145
crecimiento,Duplicar (x2),Push total,10,3,143
crecimiento,Duplicar (x2),Push total,10,4,155
crecimiento,Duplicar (x2),Push total,10,5,119
crecimiento,Duplicar (x2),Push total,10,6,122
crecimiento,Duplicar (x2),Push total,10,7,119
crecimiento,Duplicar (x2),Push total,10,8,119
crecimiento,Duplicar (x2),Push total,10,9,120
crecimiento,Duplicar (x2),Enqueue total,10,0,144
crecimiento,Duplicar (x2),Enqueue total,10,1,130
crecimiento,Duplicar (x2),Enqueue total,10,2,150
crecimiento,Duplicar (x2),Enqueue total,10,3,144
crecimiento,Duplicar (x2),Enqueue total,10,4,131
crecimiento,Duplicar (x2),Enqueue total,10,5,128
crecimiento,Duplicar (x2),Enqueue total,10,6,121
crecimiento,Duplicar (x2),Enqueue total,10,7,120
crecimiento,Duplicar (x2),Enqueue total,10,8,119
crecimiento,Duplicar (x2),Enqueue total,10,9,138
crecimiento,Incremento fijo (+1000),Push total,10,0,1022
crecimiento,Incremento fijo (+1000),Push total,10,1,661
crecimiento,Incremento fijo (+1000),Push total,10,2,588
crecimiento,Incremento fijo (+1000),Push total,10,3,599
crecimiento,Incremento fijo (+1000),Push total,10,4,841
crecimiento,Incremento fijo (+1000),Push total,10,5,715
crecimiento,Incremento fijo (+1000),Push total,10,6,938
crecimiento,Incremento fijo (+1000),Push total,10,7,705
crecimiento,Incremento fijo (+1000),Push total,10,8,951
crecimiento,Incremento fijo (+1000),Push total,10,9,672
crecimiento,Duplicar (x2),Push con redimension,10,0,135
crecimiento,Duplicar (x2),Push con redimension,10,1,119
crecimiento,Duplicar (x2),Push con redimension,10,2,115
crecimiento,Duplicar (x2),Push con redimension,10,3,114
crecimiento,Duplicar (x2),Push con redimension,10,4,110
crecimiento,Duplicar (x2),Push con redimension,10,5,113
crecimiento,Duplicar (x2),Push con redimension,10,6,112
crecimiento,Duplicar (x2),Push con redimension,10,7,110
crecimiento,Duplicar (x2),Push con redimension,10,8,112
crecimiento,Duplicar (x2),Push con redimension,10,9,110
lista,SLL sin cola,PushFront,100,0,43
lista,SLL sin cola,PushFront,100,1,43
lista,SLL sin cola,PushFront,100,2,45
lista,SLL sin cola,PushFront,100,3,44
lista,SLL sin cola,PushFront,100,4,44
lista,SLL sin cola,PushFront,100,5,44
lista,SLL sin cola,PushFront,100,6,44
lista,SLL sin cola,PushFront,100,7,47
lista,SLL sin cola,PushFront,100,8,43
lista,SLL sin cola,PushFront,100,9,44
lista,SLL sin cola,PushFront,100,10,44
lista,SLL sin cola,PushFront,100,11,44
lista,SLL sin cola,PushFront,100,12,44
lista,SLL sin cola,PushFront,100,13,45
lista,SLL sin cola,PushFront,100,14,42
lista,SLL sin cola,PushFront,100,15,47
lista,SLL sin cola,PushFront,100,16,45
lista,SLL sin cola,PushFront,100,17,44
lista,SLL sin cola,PushFront,100,18,44
lista,SLL sin cola,PushFront,100,19,44
lista,SLL sin cola,PushFront,100,20,43
lista,SLL sin cola,PushFront,100,21,44
lista,SLL sin cola,PushFront,100,22,43
lista,SLL sin cola,PushFront,100,23,76
lista,SLL sin cola,PushFront,100,24,43
lista,SLL sin cola,PushFront,100,25,45
lista,SLL sin cola,PushFront,100,26,44
lista,SLL sin cola,PushFront,100,27,44
lista,SLL sin cola,PushFront,100,28,44
lista,SLL sin cola,PushFront,100,29,42
lista,SLL sin cola,PushFront,100,30,44
lista,SLL sin cola,PushFront,100,31,47
lista,SLL sin cola,PushFront,100,32,45
lista,SLL sin cola,PushFront,100,33,44
lista,SLL sin cola,PushFront,100,34,45
lista,SLL sin cola,PushFront,100,35,44
lista,SLL sin cola,PushFront,100,36,44
lista,SLL sin cola,PushFront,100,37,44
lista,SLL sin cola,PushFront,100,38,44
lista,SLL sin cola,PushFront,100,39,81
lista,SLL sin cola,PushFront,100,40,45
lista,SLL sin cola,PushFront,100,41,45
lista,SLL sin cola,PushFront,100,42,44
lista,SLL sin cola,PushFront,100,43,43
lista,SLL sin cola,PushFront,100,44,44
lista,SLL sin cola,PushFront,100,45,44
lista,SLL sin cola,PushFront,100,46,44
lista,SLL sin cola,PushFront,100,47,44
lista,SLL sin cola,PushFront,100,48,43
lista,SLL sin cola,PushFront,100,49,43
lista,SLL sin cola,PushBack,100,0,208
lista,SLL sin cola,PushBack,100,1,220
lista,SLL sin cola,PushBack,100,2,207
lista,SLL sin cola,PushBack,100,3,206
lista,SLL sin cola,PushBack,100,4,208
lista,SLL sin cola,PushBack,100,5,209
lista,SLL sin cola,PushBack,100,6,209
lista,SLL sin cola,PushBack,100,7,206
lista,SLL sin cola,PushBack,100,8,207
lista,SLL sin cola,PushBack,100,9,207
lista,SLL sin cola,PushBack,100,10,208
lista,SLL sin cola,PushBack,100,11,208
lista,SLL sin cola,PushBack,100,12,208
lista,SLL sin cola,PushBack,100,13,208
lista,SLL sin cola,PushBack,100,14,209
lista,SLL sin cola,PushBack,100,15,207
lista,SLL sin cola,PushBack,100,16,204
lista,SLL sin cola,PushBack,100,17,207
lista,SLL sin cola,PushBack,100,18,207
lista,SLL sin cola,PushBack,100,19,208
lista,SLL sin cola,PushBack,100,20,207
lista,SLL sin cola,PushBack,100,21,207
lista,SLL sin cola,PushBack,100,22,207
lista,SLL sin cola,PushBack,100,23,208
lista,SLL sin cola,PushBack,100,24,208
lista,SLL sin cola,PushBack,100,25,208
lista,SLL sin cola,PushBack,100,26,207
lista,SLL sin cola,PushBack,100,27,207
lista,SLL sin cola,PushBack,100,28,207
lista,SLL sin cola,PushBack,100,29,208
lista,SLL sin cola,PushBack,100,30,207
lista,SLL sin cola,PushBack,100,31,207
lista,SLL sin cola,PushBack,100,32,208
lista,SLL sin cola,PushBack,100,33,208
lista,SLL sin cola,PushBack,100,34,208
lista,SLL sin cola,PushBack,100,35,207
lista,SLL sin cola,PushBack,100,36,207
lista,SLL sin cola,PushBack,100,37,208
lista,SLL sin cola,PushBack,100,38,207
lista,SLL sin cola,PushBack,100,39,207
lista,SLL sin cola,PushBack,100,40,206
lista,SLL sin cola,PushBack,100,41,207
lista,SLL sin cola,PushBack,100,42,207
lista,SLL sin cola,PushBack,100,43,208
lista,SLL sin cola,PushBack,100,44,207
lista,SLL sin cola,PushBack,100,45,207
lista,SLL sin cola,PushBack,100,46,208
lista,SLL sin cola,PushBack,100,47,208
lista,SLL sin cola,PushBack,100,48,208
lista,SLL sin cola,PushBack,100,49,206
lista,SLL sin cola,PopFront,100,0,47
lista,SLL sin cola,PopFront,100,1,46
lista,SLL sin cola,PopFront,100,2,46
lista,SLL sin cola,PopFront,100,3,46
lista,SLL sin cola,PopFront,100,4,46
lista,SLL sin cola,PopFront,100,5,46
lista,SLL sin cola,PopFront,100,6,46
lista,SLL sin cola,PopFront,100,7,45
lista,SLL sin cola,PopFront,100,8,46
lista,SLL sin cola,PopFront,100,9,45
lista,SLL sin cola,PopFront,100,10,45
lista,SLL sin cola,PopFront,100,11,46
lista,SLL sin cola,PopFront,100,12,46
lista,SLL sin cola,PopFront,100,13,45
lista,SLL sin cola,PopFront,100,14,46
lista,SLL sin cola,PopFront,100,15,46
lista,SLL sin cola,PopFront,100,16,46
lista,SLL sin cola,PopFront,100,17,45
lista,SLL sin cola,PopFront,100,18,46
lista,SLL sin cola,PopFront,100,19,46
lista,SLL sin cola,PopFront,100,20,46
lista,SLL sin cola,PopFront,100,21,45
lista,SLL sin cola,PopFront,100,22,46
lista,SLL sin cola,PopFront,100,23,47
lista,SLL sin cola,PopFront,100,24,47
lista,SLL sin cola,PopFront,100,25,46
lista,SLL sin cola,PopFront,100,26,47
lista,SLL sin cola,PopFront,100,27,47
lista,SLL sin cola,PopFront,100,28,45
lista,SLL sin cola,PopFront,100,29,46
lista,SLL sin cola,PopFront,100,30,46
lista,SLL sin cola,PopFront,100,31,46
lista,SLL sin cola,PopFront,100,32,46
lista,SLL sin cola,PopFront,100,33,46
lista,SLL sin cola,PopFront,100,34,45
lista,SLL sin cola,PopFront,100,35,47
lista,SLL sin cola,PopFront,100,36,46
lista,SLL sin cola,PopFront,100,37,46
lista,SLL sin cola,PopFront,100,38,46
lista,SLL sin cola,PopFront,100,39,46
lista,SLL sin cola,PopFront,100,40,45
lista,SLL sin cola,PopFront,100,41,46
lista,SLL sin cola,PopFront,100,42,46
lista,SLL sin cola,PopFront,100,43,45
lista,SLL sin cola,PopFront,100,44,45
lista,SLL sin cola,PopFront,100,45,46
lista,SLL sin cola,PopFront,100,46,47
lista,SLL sin cola,PopFront,100,47,44
lista,SLL sin cola,PopFront,100,48,47
lista,SLL sin cola,PopFront,100,49,46
lista,SLL sin cola,PopBack,100,0,243
lista,SLL sin cola,PopBack,100,1,280
lista,SLL sin cola,PopBack,100,2,244
lista,SLL sin cola,PopBack,100,3,245
lista,SLL sin cola,PopBack,100,4,245
lista,SLL sin cola,PopBack,100,5,245
lista,SLL sin cola,PopBack,100,6,243
lista,SLL sin cola,PopBack,100,7,245
lista,SLL sin cola,PopBack,100,8,245
lista,SLL sin cola,PopBack,100,9,245
lista,SLL sin cola,PopBack,100,10,243
lista,SLL sin cola,PopBack,100,11,243
lista,SLL sin cola,PopBack,100,12,245
lista,SLL sin cola,PopBack,100,13,244
lista,SLL sin cola,PopBack,100,14,244
lista,SLL sin cola,PopBack,100,15,246
lista,SLL sin cola,PopBack,100,16,245
lista,SLL sin cola,PopBack,100,17,244
lista,SLL sin cola,PopBack,100,18,243
lista,SLL sin cola,PopBack,100,19,244
lista,SLL sin cola,PopBack,100,20,245
lista,SLL sin cola,PopBack,100,21,245
lista,SLL sin cola,PopBack,100,22,244
lista,SLL sin cola,PopBack,100,23,245
lista,SLL sin cola,PopBack,100,24,243
lista,SLL sin cola,PopBack,100,25,245
lista,SLL sin cola,PopBack,100,26,246
lista,SLL sin cola,PopBack,100,27,245
lista,SLL sin cola,PopBack,100,28,243
lista,SLL sin cola,PopBack,100,29,244
lista,SLL sin cola,PopBack,100,30,244
lista,SLL sin cola,PopBack,100,31,243
lista,SLL sin cola,PopBack,100,32,246
lista,SLL sin cola,PopBack,100,33,244
lista,SLL sin cola,PopBack,100,34,245
lista,SLL sin cola,PopBack,100,35,245
lista,SLL sin cola,PopBack,100,36,244
lista,SLL sin cola,PopBack,100,37,244
lista,SLL sin cola,PopBack,100,38,246
lista,SLL sin cola,PopBack,100,39,243
lista,SLL sin cola,PopBack,100,40,245
lista,SLL sin cola,PopBack,100,41,244
lista,SLL sin cola,PopBack,100,42,244
lista,SLL sin cola,PopBack,100,43,244
lista,SLL sin cola,PopBack,100,44,244
lista,SLL sin cola,PopBack,100,45,245
lista,SLL sin cola,PopBack,100,46,244
lista,SLL sin cola,PopBack,100,47,243
lista,SLL sin cola,PopBack,100,48,244
lista,SLL sin cola,PopBack,100,49,244
lista,SLL sin cola,TopFront,100,0,53
lista,SLL sin cola,TopFront,100,1,52
lista,SLL sin cola,TopFront,100,2,52
lista,SLL sin cola,TopFront,100,3,53
lista,SLL sin cola,TopFront,100,4,51
lista,SLL sin cola,TopFront,100,5,52
lista,SLL sin cola,TopFront,100,6,50
lista,SLL sin cola,TopFront,100,7,53
lista,SLL sin cola,TopFront,100,8,53
lista,SLL sin cola,TopFront,100,9,51
lista,SLL sin cola,TopFront,100,10,52
lista,SLL sin cola,TopFront,100,11,53
lista,SLL sin cola,TopFront,100,12,53
lista,SLL sin cola,TopFront,100,13,53
lista,SLL sin cola,TopFront,100,14,52
lista,SLL sin cola,TopFront,100,15,52
lista,SLL sin cola,TopFront,100,16,52
lista,SLL sin cola,TopFront,100,17,52
lista,SLL sin cola,TopFront,100,18,52
lista,SLL sin cola,TopFront,100,19,52
lista,SLL sin cola,TopFront,100,20,51
lista,SLL sin cola,TopFront,100,21,52
lista,SLL sin cola,TopFront,100,22,52
lista,SLL sin cola,TopFront,100,23,53
lista,SLL sin cola,TopFront,100,24,51
lista,SLL sin cola,TopFront,100,25,51
lista,SLL sin cola,TopFront,100,26,52
lista,SLL sin cola,TopFront,100,27,53
lista,SLL sin cola,TopFront,100,28,53
lista,SLL sin cola,TopFront,100,29,51
lista,SLL sin cola,TopFront,100,30,51
lista,SLL sin cola,TopFront,100,31,52
lista,SLL sin cola,TopFront,100,32,52
lista,SLL sin cola,TopFront,100,33,53
lista,SLL sin cola,TopFront,100,34,51
lista,SLL sin cola,TopFront,100,35,51
lista,SLL sin cola,TopFront,100,36,50
lista,SLL sin cola,TopFront,100,37,53
lista,SLL sin cola,TopFront,100,38,53
lista,SLL sin cola,TopFront,100,39,51
lista,SLL sin cola,TopFront,100,40,51
lista,SLL sin cola,TopFront,100,41,52
lista,SLL sin cola,TopFront,100,42,52
lista,SLL sin cola,TopFront,100,43,53
lista,SLL sin cola,TopFront,100,44,51
lista,SLL sin cola,TopFront,100,45,52
lista,SLL sin cola,TopFront,100,46,51
lista,SLL sin cola,TopFront,100,47,52
lista,SLL sin cola,TopFront,100,48,53
lista,SLL sin cola,TopFront,100,49,53
lista,SLL sin cola,TopBack,100,0,214
lista,SLL sin cola,TopBack,100,1,251
lista,SLL sin cola,TopBack,100,2,216
lista,SLL sin cola,TopBack,100,3,215
lista,SLL sin cola,TopBack,100,4,215
lista,SLL sin cola,TopBack,100,5,215
lista,SLL sin cola,TopBack,100,6,215
lista,SLL sin cola,TopBack,100,7,214
lista,SLL sin cola,TopBack,100,8,215
lista,SLL sin cola,TopBack,100,9,214
lista,SLL sin cola,TopBack,100,10,214
lista,SLL sin cola,TopBack,100,11,213
lista,SLL sin cola,TopBack,100,12,215
lista,SLL sin cola,TopBack,100,13,214
lista,SLL sin cola,TopBack,100,14,215
lista,SLL sin cola,TopBack,100,15,214
lista,SLL sin cola,TopBack,100,16,215
lista,SLL sin cola,TopBack,100,17,214
lista,SLL sin cola,TopBack,100,18,214
lista,SLL sin cola,TopBack,100,19,216
lista,SLL sin cola,TopBack,100,20,216
lista,SLL sin cola,TopBack,100,21,216
lista,SLL sin cola,TopBack,100,22,216
lista,SLL sin cola,TopBack,100,23,215
lista,SLL sin cola,TopBack,100,24,215
lista,SLL sin cola,TopBack,100,25,215
lista,SLL sin cola,TopBack,100,26,213
lista,SLL sin cola,TopBack,100,27,215
lista,SLL sin cola,TopBack,100,28,213
lista,SLL sin cola,TopBack,100,29,214
lista,SLL sin cola,TopBack,100,30,214
lista,SLL sin cola,TopBack,100,31,215
lista,SLL sin cola,TopBack,100,32,216
lista,SLL sin cola,TopBack,100,33,214
lista,SLL sin cola,TopBack,100,34,214
lista,SLL sin cola,TopBack,100,35,215
lista,SLL sin cola,TopBack,100,36,213
lista,SLL sin cola,TopBack,100,37,214
lista,SLL sin cola,TopBack,100,38,215
lista,SLL sin cola,TopBack,100,39,216
lista,SLL sin cola,TopBack,100,40,216
lista,SLL sin cola,TopBack,100,41,217
lista,SLL sin cola,TopBack,100,42,215
lista,SLL sin cola,TopBack,100,43,215
lista,SLL sin cola,TopBack,100,44,215
lista,SLL sin cola,TopBack,100,45,215
lista,SLL sin cola,TopBack,100,46,214
lista,SLL sin cola,TopBack,100,47,215
lista,SLL sin cola,TopBack,100,48,214
lista,SLL sin cola,TopBack,100,49,214
lista,SLL sin cola,Find,100,0,327
lista,SLL sin cola,Find,100,1,352
lista,SLL sin cola,Find,100,2,331
lista,SLL sin cola,Find,100,3,331
lista,SLL sin cola,Find,100,4,327
lista,SLL sin cola,Find,100,5,326
lista,SLL sin cola,Find,100,6,330
lista,SLL sin cola,Find,100,7,327
lista,SLL sin cola,Find,100,8,324
lista,SLL sin cola,Find,100,9,326
lista,SLL sin cola,Find,100,10,324
lista,SLL sin cola,Find,100,11,324
lista,SLL sin cola,Find,100,12,325
lista,SLL sin cola,Find,100,13,331
lista,SLL sin cola,Find,100,14,328
lista,SLL sin cola,Find,100,15,326
lista,SLL sin cola,Find,100,16,327
lista,SLL sin cola,Find,100,17,325
lista,SLL sin cola,Find,100,18,325
lista,SLL sin cola,Find,100,19,327
lista,SLL sin cola,Find,100,20,330
lista,SLL sin cola,Find,100,21,329
lista,SLL sin cola,Find,100,22,328
lista,SLL sin cola,Find,100,23,330
lista,SLL sin cola,Find,100,24,326
lista,SLL sin cola,Find,100,25,328
lista,SLL sin cola,Find,100,26,325
lista,SLL sin cola,Find,100,27,326
lista,SLL sin cola,Find,100,28,331
lista,SLL sin cola,Find,100,29,325
lista,SLL sin cola,Find,100,30,326
lista,SLL sin cola,Find,100,31,329
lista,SLL sin cola,Find,100,32,330
lista,SLL sin cola,Find,100,33,325
lista,SLL sin cola,Find,100,34,326
lista,SLL sin cola,Find,100,35,326
lista,SLL sin cola,Find,100,36,327
lista,SLL sin cola,Find,100,37,325
lista,SLL sin cola,Find,100,38,331
lista,SLL sin cola,Find,100,39,324
lista,SLL sin cola,Find,100,40,326
lista,SLL sin cola,Find,100,41,325
lista,SLL sin cola,Find,100,42,324
lista,SLL sin cola,Find,100,43,326
lista,SLL sin cola,Find,100,44,329
lista,SLL sin cola,Find,100,45,327
lista,SLL sin cola,Find,100,46,330
lista,SLL sin cola,Find,100,47,331
lista,SLL sin cola,Find,100,48,328
lista,SLL sin cola,Find,100,49,325
lista,SLL sin cola,Erase,100,0,308
lista,SLL sin cola,Erase,100,1,312
lista,SLL sin cola,Erase,100,2,303
lista,SLL sin cola,Erase,100,3,305
lista,SLL sin cola,Erase,100,4,301
lista,SLL sin cola,Erase,100,5,302
lista,SLL sin cola,Erase,100,6,310
lista,SLL sin cola,Erase,100,7,310
lista,SLL sin cola,Erase,100,8,307
lista,SLL sin cola,Erase,100,9,309
lista,SLL sin cola,Erase,100,10,304
lista,SLL sin cola,Erase,100,11,306
lista,SLL sin cola,Erase,100,12,308
lista,SLL sin cola,Erase,100,13,303
lista,SLL sin cola,Erase,100,14,302
lista,SLL sin cola,Erase,100,15,301
lista,SLL sin cola,Erase,100,16,315
lista,SLL sin cola,Erase,100,17,302
lista,SLL sin cola,Erase,100,18,306
lista,SLL sin cola,Erase,100,19,300
lista,SLL sin cola,Erase,100,20,306
lista,SLL sin cola,Erase,100,21,303
lista,SLL sin cola,Erase,100,22,302
lista,SLL sin cola,Erase,100,23,306
lista,SLL sin cola,Erase,100,24,311
lista,SLL sin cola,Erase,100,25,307
lista,SLL sin cola,Erase,100,26,306
lista,SLL sin cola,Erase,100,27,305
lista,SLL sin cola,Erase,100,28,303
lista,SLL sin cola,Erase,100,29,304
lista,SLL sin cola,Erase,100,30,308
lista,SLL sin cola,Erase,100,31,309
lista,SLL sin cola,Erase,100,32,311
lista,SLL sin cola,Erase,100,33,308
lista,SLL sin cola,Erase,100,34,307
lista,SLL sin cola,Erase,100,35,305
lista,SLL sin cola,Erase,100,36,309
lista,SLL sin cola,Erase,100,37,307
lista,SLL sin cola,Erase,100,38,302
lista,SLL sin cola,Erase,100,39,301
lista,SLL sin cola,Erase,100,40,305
lista,SLL sin cola,Erase,100,41,306
lista,SLL sin cola,Erase,100,42,305
lista,SLL sin cola,Erase,100,43,307
lista,SLL sin cola,Erase,100,44,303
lista,SLL sin cola,Erase,100,45,309
lista,SLL sin cola,Erase,100,46,304
lista,SLL sin cola,Erase,100,47,307
lista,SLL sin cola,Erase,100,48,304
lista,SLL sin cola,Erase,100,49,318
lista,SLL sin cola,AddBefore,100,0,281
lista,SLL sin cola,AddBefore,100,1,281
lista,SLL sin cola,AddBefore,100,2,278
lista,SLL sin cola,AddBefore,100,3,280
lista,SLL sin cola,AddBefore,100,4,280
lista,SLL sin cola,AddBefore,100,5,280
lista,SLL sin cola,AddBefore,100,6,280
lista,SLL sin cola,AddBefore,100,7,278
lista,SLL sin cola,AddBefore,100,8,280
lista,SLL sin cola,AddBefore,100,9,279
lista,SLL sin cola,AddBefore,100,10,280
lista,SLL sin cola,AddBefore,100,11,280
lista,SLL sin cola,AddBefore,100,12,279
lista,SLL sin cola,AddBefore,100,13,279
lista,SLL sin cola,AddBefore,100,14,280
lista,SLL sin cola,AddBefore,100,15,279
lista,SLL sin cola,AddBefore,100,16,279
lista,SLL sin cola,AddBefore,100,17,279
lista,SLL sin cola,AddBefore,100,18,280
lista,SLL sin cola,AddBefore,100,19,279
lista,SLL sin cola,AddBefore,100,20,280
lista,SLL sin cola,AddBefore,100,21,278
lista,SLL sin cola,AddBefore,100,22,279
lista,SLL sin cola,AddBefore,100,23,279
lista,SLL sin cola,AddBefore,100,24,279
lista,SLL sin cola,AddBefore,100,25,280
lista,SLL sin cola,AddBefore,100,26,279
lista,SLL sin cola,AddBefore,100,27,280
lista,SLL sin cola,AddBefore,100,28,280
lista,SLL sin cola,AddBefore,100,29,280
lista,SLL sin cola,AddBefore,100,30,279
lista,SLL sin cola,AddBefore,100,31,280
lista,SLL sin cola,AddBefore,100,32,279
lista,SLL sin cola,AddBefore,100,33,279
lista,SLL sin cola,AddBefore,100,34,280
lista,SLL sin cola,AddBefore,100,35,278
lista,SLL sin cola,AddBefore,100,36,280
lista,SLL sin cola,AddBefore,100,37,279
lista,SLL sin cola,AddBefore,100,38,279
lista,SLL sin cola,AddBefore,100,39,279
lista,SLL sin cola,AddBefore,100,40,279
lista,SLL sin cola,AddBefore,100,41,279
lista,SLL sin cola,AddBefore,100,42,279
lista,SLL sin cola,AddBefore,100,43,279
lista,SLL sin cola,AddBefore,100,44,278
lista,SLL sin cola,AddBefore,100,45,279
lista,SLL sin cola,AddBefore,100,46,280
lista,SLL sin cola,AddBefore,100,47,279
lista,SLL sin cola,AddBefore,100,48,278
lista,SLL sin cola,AddBefore,100,49,279
lista,SLL sin cola,AddAfter,100,0,48
lista,SLL sin cola,AddAfter,100,1,48
lista,SLL sin cola,AddAfter,100,2,50
lista,SLL sin cola,AddAfter,100,3,49
lista,SLL sin cola,AddAfter,100,4,47
lista,SLL sin cola,AddAfter,100,5,48
lista,SLL sin cola,AddAfter,100,6,48
lista,SLL sin cola,AddAfter,100,7,47
lista,SLL sin cola,AddAfter,100,8,48
lista,SLL sin cola,AddAfter,100,9,47
lista,SLL sin cola,AddAfter,100,10,48
lista,SLL sin cola,AddAfter,100,11,47
lista,SLL sin cola,AddAfter,100,12,49
lista,SLL sin cola,AddAfter,100,13,48
lista,SLL sin cola,AddAfter,100,14,47
lista,SLL sin cola,AddAfter,100,15,48
lista,SLL sin cola,AddAfter,100,16,47
lista,SLL sin cola,AddAfter,100,17,49
lista,SLL sin cola,AddAfter,100,18,47
lista,SLL sin cola,AddAfter,100,19,48
lista,SLL sin cola,AddAfter,100,20,49
lista,SLL sin cola,AddAfter,100,21,48
lista,SLL sin cola,AddAfter,100,22,48
lista,SLL sin cola,AddAfter,100,23,48
lista,SLL sin cola,AddAfter,100,24,48
lista,SLL sin cola,AddAfter,100,25,47
lista,SLL sin cola,AddAfter,100,26,48
lista,SLL sin cola,AddAfter,100,27,47
lista,SLL sin cola,AddAfter,100,28,48
lista,SLL sin cola,AddAfter,100,29,48
lista,SLL sin cola,AddAfter,100,30,47
lista,SLL sin cola,AddAfter,100,31,47
lista,SLL sin cola,AddAfter,100,32,48
lista,SLL sin cola,AddAfter,100,33,47
lista,SLL sin cola,AddAfter,100,34,46
lista,SLL sin cola,AddAfter,100,35,48
lista,SLL sin cola,AddAfter,100,36,47
lista,SLL sin cola,AddAfter,100,37,48
lista,SLL sin cola,AddAfter,100,38,47
lista,SLL sin cola,AddAfter,100,39,48
lista,SLL sin cola,AddAfter,100,40,47
lista,SLL sin cola,AddAfter,100,41,48
lista,SLL sin cola,AddAfter,100,42,47
lista,SLL sin cola,AddAfter,100,43,48
lista,SLL sin cola,AddAfter,100,44,48
lista,SLL sin cola,AddAfter,100,45,48
lista,SLL sin cola,AddAfter,100,46,47
lista,SLL sin cola,AddAfter,100,47,48
lista,SLL sin cola,AddAfter,100,48,48
lista,SLL sin cola,AddAfter,100,49,48
lista,SLL sin cola,Empty,100,0,52
lista,SLL sin cola,Empty,100,1,51
lista,SLL sin cola,Empty,100,2,51
lista,SLL sin cola,Empty,100,3,52
lista,SLL sin cola,Empty,100,4,53
lista,SLL sin cola,Empty,100,5,53
lista,SLL sin cola,Empty,100,6,53
lista,SLL sin cola,Empty,100,7,52
lista,SLL sin cola,Empty,100,8,52
lista,SLL sin cola,Empty,100,9,52
lista,SLL sin cola,Empty,100,10,53
lista,SLL sin cola,Empty,100,11,53
lista,SLL sin cola,Empty,100,12,52
lista,SLL sin cola,Empty,100,13,52
lista,SLL sin cola,Empty,100,14,52
lista,SLL sin cola,Empty,100,15,52
lista,SLL sin cola,Empty,100,16,53
lista,SLL sin cola,Empty,100,17,53
lista,SLL sin cola,Empty,100,18,52
lista,SLL sin cola,Empty,100,19,51
lista,SLL sin cola,Empty,100,20,52
lista,SLL sin cola,Empty,100,21,52
lista,SLL sin cola,Empty,100,22,53
lista,SLL sin cola,Empty,100,23,53
lista,SLL sin cola,Empty,100,24,52
lista,SLL sin cola,Empty,100,25,52
lista,SLL sin cola,Empty,100,26,53
lista,SLL sin cola,Empty,100,27,52
lista,SLL sin cola,Empty,100,28,52
lista,SLL sin cola,Empty,100,29,53
lista,SLL sin cola,Empty,100,30,52
lista,SLL sin cola,Empty,100,31,52
lista,SLL sin cola,Empty,100,32,52
lista,SLL sin cola,Empty,100,33,53
lista,SLL sin cola,Empty,100,34,53
lista,SLL sin cola,Empty,100,35,52
lista,SLL sin cola,Empty,100,36,52
lista,SLL sin cola,Empty,100,37,52
lista,SLL sin cola,Empty,100,38,52
lista,SLL sin cola,Empty,100,39,53
lista,SLL sin cola,Empty,100,40,53
lista,SLL sin cola,Empty,100,41,52
lista,SLL sin cola,Empty,100,42,51
lista,SLL sin cola,Empty,100,43,52
lista,SLL sin cola,Empty,100,44,53
lista,SLL sin cola,Empty,100,45,53
lista,SLL sin cola,Empty,100,46,53
lista,SLL sin cola,Empty,100,47,52
lista,SLL sin cola,Empty,100,48,52
lista,SLL sin cola,Empty,100,49,52
lista,SLL sin cola,Size,100,0,54
lista,SLL sin cola,Size,100,1,69
lista,SLL sin cola,Size,100,2,53
lista,SLL sin cola,Size,100,3,54
lista,SLL sin cola,Size,100,4,53
lista,SLL sin cola,Size,100,5,53
lista,SLL sin cola,Size,100,6,54
lista,SLL sin cola,Size,100,7,53
lista,SLL sin cola,Size,100,8,54
lista,SLL sin cola,Size,100,9,54
lista,SLL sin cola,Size,100,10,53
lista,SLL sin cola,Size,100,11,52
lista,SLL sin cola,Size,100,12,52
lista,SLL sin cola,Size,100,13,53
lista,SLL sin cola,Size,100,14,53
lista,SLL sin cola,Size,100,15,54
lista,SLL sin cola,Size,100,16,54
lista,SLL sin cola,Size,100,17,53
lista,SLL sin cola,Size,100,18,52
lista,SLL sin cola,Size,100,19,52
lista,SLL sin cola,Size,100,20,52
lista,SLL sin cola,Size,100,21,52
lista,SLL sin cola,Size,100,22,54
lista,SLL sin cola,Size,100,23,53
lista,SLL sin cola,Size,100,24,54
lista,SLL sin cola,Size,100,25,53
lista,SLL sin cola,Size,100,26,52
lista,SLL sin cola,Size,100,27,52
lista,SLL sin cola,Size,100,28,52
lista,SLL sin cola,Size,100,29,52
lista,SLL sin cola,Size,100,30,52
lista,SLL sin cola,Size,100,31,51
lista,SLL sin cola,Size,100,32,53
lista,SLL sin cola,Size,100,33,53
lista,SLL sin cola,Size,100,34,53
lista,SLL sin cola,Size,100,35,53
lista,SLL sin cola,Size,100,36,52
lista,SLL sin cola,Size,100,37,53
lista,SLL sin cola,Size,100,38,53
lista,SLL sin cola,Size,100,39,52
lista,SLL sin cola,Size,100,40,53
lista,SLL sin cola,Size,100,41,53
lista,SLL sin cola,Size,100,42,53
lista,SLL sin cola,Size,100,43,53
lista,SLL sin cola,Size,100,44,54
lista,SLL sin cola,Size,100,45,53
lista,SLL sin cola,Size,100,46,52
lista,SLL sin cola,Size,100,47,52
lista,SLL sin cola,Size,100,48,53
lista,SLL sin cola,Size,100,49,53
lista,SLL con cola,PushFront,100,0,43
lista,SLL con cola,PushFront,100,1,45
lista,SLL con cola,PushFront,100,2,47
lista,SLL con cola,PushFront,100,3,44
lista,SLL con cola,PushFront,100,4,45
lista,SLL con cola,PushFront,100,5,43
lista,SLL con cola,PushFront,100,6,44
lista,SLL con cola,PushFront,100,7,48
lista,SLL con cola,PushFront,100,8,44
lista,SLL con cola,PushFront,100,9,45
lista,SLL con cola,PushFront,100,10,44
lista,SLL con cola,PushFront,100,11,42
lista,SLL con cola,PushFront,100,12,45
lista,SLL con cola,PushFront,100,13,44
lista,SLL con cola,PushFront,100,14,45
lista,SLL con cola,PushFront,100,15,48
lista,SLL con cola,PushFront,100,16,44
lista,SLL con cola,PushFront,100,17,44
lista,SLL con cola,PushFront,100,18,44
lista,SLL con cola,PushFront,100,19,44
lista,SLL con cola,PushFront,100,20,45
lista,SLL con cola,PushFront,100,21,44
lista,SLL con cola,PushFront,100,22,44
lista,SLL con cola,PushFront,100,23,78
lista,SLL con cola,PushFront,100,24,44
lista,SLL con cola,PushFront,100,25,43
lista,SLL con cola,PushFront,100,26,44
lista,SLL con cola,PushFront,100,27,43
lista,SLL con cola,PushFront,100,28,43
lista,SLL con cola,PushFront,100,29,45
lista,SLL con cola,PushFront,100,30,44
lista,SLL con cola,PushFront,100,31,45
lista,SLL con cola,PushFront,100,32,44
lista,SLL con cola,PushFront,100,33,44
lista,SLL con cola,PushFront,100,34,44
lista,SLL con cola,PushFront,100,35,47
lista,SLL con cola,PushFront,100,36,44
lista,SLL con cola,PushFront,100,37,45
lista,SLL con cola,PushFront,100,38,44
lista,SLL con cola,PushFront,100,39,43
lista,SLL con cola,PushFront,100,40,43
lista,SLL con cola,PushFront,100,41,45
lista,SLL con cola,PushFront,100,42,44
lista,SLL con cola,PushFront,100,43,45
lista,SLL con cola,PushFront,100,44,44
lista,SLL con cola,PushFront,100,45,44
lista,SLL con cola,PushFront,100,46,43
lista,SLL con cola,PushFront,100,47,46
lista,SLL con cola,PushFront,100,48,44
lista,SLL con cola,PushFront,100,49,44
lista,SLL con cola,PushBack,100,0,46
lista,SLL con cola,PushBack,100,1,45
lista,SLL con cola,PushBack,100,2,45
lista,SLL con cola,PushBack,100,3,46
lista,SLL con cola,PushBack,100,4,45
lista,SLL con cola,PushBack,100,5,46
lista,SLL con cola,PushBack,100,6,44
lista,SLL con cola,PushBack,100,7,47
lista,SLL con cola,PushBack,100,8,46
lista,SLL con cola,PushBack,100,9,46
lista,SLL con cola,PushBack,100,10,45
lista,SLL con cola,PushBack,100,11,46
lista,SLL con cola,PushBack,100,12,45
lista,SLL con cola,PushBack,100,13,46
lista,SLL con cola,PushBack,100,14,45
lista,SLL con cola,PushBack,100,15,46
lista,SLL con cola,PushBack,100,16,46
lista,SLL con cola,PushBack,100,17,46
lista,SLL con cola,PushBack,100,18,45
lista,SLL con cola,PushBack,100,19,46
lista,SLL con cola,PushBack,100,20,47
lista,SLL con cola,PushBack,100,21,47
lista,SLL con cola,PushBack,100,22,46
lista,SLL con cola,PushBack,100,23,46
lista,SLL con cola,PushBack,100,24,47
lista,SLL con cola,PushBack,100,25,46
lista,SLL con cola,PushBack,100,26,47
lista,SLL con cola,PushBack,100,27,47
lista,SLL con cola,PushBack,100,28,45
lista,SLL con cola,PushBack,100,29,47
lista,SLL con cola,PushBack,100,30,46
lista,SLL con cola,PushBack,100,31,46
lista,SLL con cola,PushBack,100,32,46
lista,SLL con cola,PushBack,100,33,46
lista,SLL con cola,PushBack,100,34,45
lista,SLL con cola,PushBack,100,35,45
lista,SLL con cola,PushBack,100,36,46
lista,SLL con cola,PushBack,100,37,45
lista,SLL con cola,PushBack,100,38,46
lista,SLL con cola,PushBack,100,39,47
lista,SLL con cola,PushBack,100,40,45
lista,SLL con cola,PushBack,100,41,46
lista,SLL con cola,PushBack,100,42,47
lista,SLL con cola,PushBack,100,43,47
lista,SLL con cola,PushBack,100,44,46
lista,SLL con cola,PushBack,100,45,46
lista,SLL con cola,PushBack,100,46,46
lista,SLL con cola,PushBack,100,47,46
lista,SLL con cola,PushBack,100,48,47
lista,SLL con cola,PushBack,100,49,46
lista,SLL con cola,PopFront,100,0,46
lista,SLL con cola,PopFront,100,1,45
lista,SLL con cola,PopFront,100,2,46
lista,SLL con cola,PopFront,100,3,46
lista,SLL con cola,PopFront,100,4,47
lista,SLL con cola,PopFront,100,5,46
lista,SLL con cola,PopFront,100,6,46
lista,SLL con cola,PopFront,100,7,47
lista,SLL con cola,PopFront,100,8,45
lista,SLL con cola,PopFront,100,9,46
lista,SLL con cola,PopFront,100,10,45
lista,SLL con cola,PopFront,100,11,47
lista,SLL con cola,PopFront,100,12,46
lista,SLL con cola,PopFront,100,13,46
lista,SLL con cola,PopFront,100,14,46
lista,SLL con cola,PopFront,100,15,46
lista,SLL con cola,PopFront,100,16,47
lista,SLL con cola,PopFront,100,17,46
lista,SLL con cola,PopFront,100,18,47
lista,SLL con cola,PopFront,100,19,47
lista,SLL con cola,PopFront,100,20,47
lista,SLL con cola,PopFront,100,21,46
lista,SLL con cola,PopFront,100,22,46
lista,SLL con cola,PopFront,100,23,47
lista,SLL con cola,PopFront,100,24,46
lista,SLL con cola,PopFront,100,25,45
lista,SLL con cola,PopFront,100,26,46
lista,SLL con cola,PopFront,100,27,46
lista,SLL con cola,PopFront,100,28,46
lista,SLL con cola,PopFront,100,29,45
lista,SLL con cola,PopFront,100,30,46
lista,SLL con cola,PopFront,100,31,47
lista,SLL con cola,PopFront,100,32,47
lista,SLL con cola,PopFront,100,33,45
lista,SLL con cola,PopFront,100,34,46
lista,SLL con cola,PopFront,100,35,46
lista,SLL con cola,PopFront,100,36,46
lista,SLL con cola,PopFront,100,37,45
lista,SLL con cola,PopFront,100,38,46
lista,SLL con cola,PopFront,100,39,46
lista,SLL con cola,PopFront,100,40,46
lista,SLL con cola,PopFront,100,41,46
lista,SLL con cola,PopFront,100,42,46
lista,SLL con cola,PopFront,100,43,46
lista,SLL con cola,PopFront,100,44,47
lista,SLL con cola,PopFront,100,45,46
lista,SLL con cola,PopFront,100,46,46
lista,SLL con cola,PopFront,100,47,47
lista,SLL con cola,PopFront,100,48,45
lista,SLL con cola,PopFront,100,49,47
lista,SLL con cola,PopBack,100,0,208
lista,SLL con cola,PopBack,100,1,242
lista,SLL con cola,PopBack,100,2,207
lista,SLL con cola,PopBack,100,3,207
lista,SLL con cola,PopBack,100,4,208
lista,SLL con cola,PopBack,100,5,209
lista,SLL con cola,PopBack,100,6,207
lista,SLL con cola,PopBack,100,7,207
lista,SLL con cola,PopBack,100,8,207
lista,SLL con cola,PopBack,100,9,208
lista,SLL con cola,PopBack,100,10,207
lista,SLL con cola,PopBack,100,11,207
lista,SLL con cola,PopBack,100,12,208
lista,SLL con cola,PopBack,100,13,209
lista,SLL con cola,PopBack,100,14,208
lista,SLL con cola,PopBack,100,15,207
lista,SLL con cola,PopBack,100,16,207
lista,SLL con cola,PopBack,100,17,207
lista,SLL con cola,PopBack,100,18,208
lista,SLL con cola,PopBack,100,19,207
lista,SLL con cola,PopBack,100,20,207
lista,SLL con cola,PopBack,100,21,207
lista,SLL con cola,PopBack,100,22,207
lista,SLL con cola,PopBack,100,23,205
lista,SLL con cola,PopBack,100,24,208
lista,SLL con cola,PopBack,100,25,207
lista,SLL con cola,PopBack,100,26,207
lista,SLL con cola,PopBack,100,27,206
lista,SLL con cola,PopBack,100,28,207
lista,SLL con cola,PopBack,100,29,207
lista,SLL con cola,PopBack,100,30,208
lista,SLL con cola,PopBack,100,31,207
lista,SLL con cola,PopBack,100,32,207
lista,SLL con cola,PopBack,100,33,207
lista,SLL con cola,PopBack,100,34,207
lista,SLL con cola,PopBack,100,35,207
lista,SLL con cola,PopBack,100,36,208
lista,SLL con cola,PopBack,100,37,208
lista,SLL con cola,PopBack,100,38,207
lista,SLL con cola,PopBack,100,39,206
lista,SLL con cola,PopBack,100,40,208
lista,SLL con cola,PopBack,100,41,207
lista,SLL con cola,PopBack,100,42,207
lista,SLL con cola,PopBack,100,43,207
lista,SLL con cola,PopBack,100,44,208
lista,SLL con cola,PopBack,100,45,245
lista,SLL con cola,PopBack,100,46,208
lista,SLL con cola,PopBack,100,47,207
lista,SLL con cola,PopBack,100,48,207
lista,SLL con cola,PopBack,100,49,207
lista,SLL con cola,TopFront,100,0,52
lista,SLL con cola,TopFront,100,1,61
lista,SLL con cola,TopFront,100,2,52
lista,SLL con cola,TopFront,100,3,52
lista,SLL con cola,TopFront,100,4,50
lista,SLL con cola,TopFront,100,5,51
lista,SLL con cola,TopFront,100,6,52
lista,SLL con cola,TopFront,100,7,54
lista,SLL con cola,TopFront,100,8,53
lista,SLL con cola,TopFront,100,9,52
lista,SLL con cola,TopFront,100,10,51
lista,SLL con cola,TopFront,100,11,51
lista,SLL con cola,TopFront,100,12,53
lista,SLL con cola,TopFront,100,13,53
lista,SLL con cola,TopFront,100,14,53
lista,SLL con cola,TopFront,100,15,51
lista,SLL con cola,TopFront,100,16,51
lista,SLL con cola,TopFront,100,17,53
lista,SLL con cola,TopFront,100,18,53
lista,SLL con cola,TopFront,100,19,52
lista,SLL con cola,TopFront,100,20,51
lista,SLL con cola,TopFront,100,21,51
lista,SLL con cola,TopFront,100,22,51
lista,SLL con cola,TopFront,100,23,53
lista,SLL con cola,TopFront,100,24,52
lista,SLL con cola,TopFront,100,25,52
lista,SLL con cola,TopFront,100,26,51
lista,SLL con cola,TopFront,100,27,52
lista,SLL con cola,TopFront,100,28,52
lista,SLL con cola,TopFront,100,29,53
lista,SLL con cola,TopFront,100,30,52
lista,SLL con cola,TopFront,100,31,51
lista,SLL con cola,TopFront,100,32,52
lista,SLL con cola,TopFront,100,33,52
lista,SLL con cola,TopFront,100,34,52
lista,SLL con cola,TopFront,100,35,53
lista,SLL con cola,TopFront,100,36,53
lista,SLL con cola,TopFront,100,37,51
lista,SLL con cola,TopFront,100,38,52
lista,SLL con cola,TopFront,100,39,51
lista,SLL con cola,TopFront,100,40,52
lista,SLL con cola,TopFront,100,41,53
lista,SLL con cola,TopFront,100,42,52
lista,SLL con cola,TopFront,100,43,52
lista,SLL con cola,TopFront,100,44,52
lista,SLL con cola,TopFront,100,45,53
lista,SLL con cola,TopFront,100,46,52
lista,SLL con cola,TopFront,100,47,51
lista,SLL con cola,TopFront,100,48,51
lista,SLL con cola,TopFront,100,49,52
lista,SLL con cola,TopBack,100,0,51
lista,SLL con cola,TopBack,100,1,84
lista,SLL con cola,TopBack,100,2,51
lista,SLL con cola,TopBack,100,3,52
lista,SLL con cola,TopBack,100,4,53
lista,SLL con cola,TopBack,100,5,52
lista,SLL con cola,TopBack,100,6,52
lista,SLL con cola,TopBack,100,7,51
lista,SLL con cola,TopBack,100,8,53
lista,SLL con cola,TopBack,100,9,53
lista,SLL con cola,TopBack,100,10,52
lista,SLL con cola,TopBack,100,11,52
lista,SLL con cola,TopBack,100,12,52
lista,SLL con cola,TopBack,100,13,52
lista,SLL con cola,TopBack,100,14,52
lista,SLL con cola,TopBack,100,15,52
lista,SLL con cola,TopBack,100,16,52
lista,SLL con cola,TopBack,100,17,53
lista,SLL con cola,TopBack,100,18,53
lista,SLL con cola,TopBack,100,19,52
lista,SLL con cola,TopBack,100,20,53
lista,SLL con cola,TopBack,100,21,51
lista,SLL con cola,TopBack,100,22,51
lista,SLL con cola,TopBack,100,23,51
lista,SLL con cola,TopBack,100,24,51
lista,SLL con cola,TopBack,100,25,52
lista,SLL con cola,TopBack,100,26,51
lista,SLL con cola,TopBack,100,27,52
lista,SLL con cola,TopBack,100,28,52
lista,SLL con cola,TopBack,100,29,53
lista,SLL con cola,TopBack,100,30,54
lista,SLL con cola,TopBack,100,31,53
lista,SLL con cola,TopBack,100,32,52
lista,SLL con cola,TopBack,100,33,52
lista,SLL con cola,TopBack,100,34,52
lista,SLL con cola,TopBack,100,35,53
lista,SLL con cola,TopBack,100,36,52
lista,SLL con cola,TopBack,100,37,52
lista,SLL con cola,TopBack,100,38,51
lista,SLL con cola,TopBack,100,39,52
lista,SLL con cola,TopBack,100,40,52
lista,SLL con cola,TopBack,100,41,53
lista,SLL con cola,TopBack,100,42,51
lista,SLL con cola,TopBack,100,43,52
lista,SLL con cola,TopBack,100,44,51
lista,SLL con cola,TopBack,100,45,52
lista,SLL con cola,TopBack,100,46,52
lista,SLL con cola,TopBack,100,47,52
lista,SLL con cola,TopBack,100,48,51
lista,SLL con cola,TopBack,100,49,52
lista,SLL con cola,Find,100,0,328
lista,SLL con cola,Find,100,1,330
lista,SLL con cola,Find,100,2,331
lista,SLL con cola,Find,100,3,329
lista,SLL con cola,Find,100,4,330
lista,SLL con cola,Find,100,5,331
lista,SLL con cola,Find,100,6,326
lista,SLL con cola,Find,100,7,326
lista,SLL con cola,Find,100,8,340
lista,SLL con cola,Find,100,9,333
lista,SLL con cola,Find,100,10,330
lista,SLL con cola,Find,100,11,330
lista,SLL con cola,Find,100,12,332
lista,SLL con cola,Find,100,13,332
lista,SLL con cola,Find,100,14,328
lista,SLL con cola,Find,100,15,326
lista,SLL con cola,Find,100,16,330
lista,SLL con cola,Find,100,17,328
lista,SLL con cola,Find,100,18,331
lista,SLL con cola,Find,100,19,332
lista,SLL con cola,Find,100,20,332
lista,SLL con cola,Find,100,21,329
lista,SLL con cola,Find,100,22,327
lista,SLL con cola,Find,100,23,333
lista,SLL con cola,Find,100,24,331
lista,SLL con cola,Find,100,25,328
lista,SLL con cola,Find,100,26,326
lista,SLL con cola,Find,100,27,332
lista,SLL con cola,Find,100,28,326
lista,SLL con cola,Find,100,29,328
lista,SLL con cola,Find,100,30,328
lista,SLL con cola,Find,100,31,328
lista,SLL con cola,Find,100,32,328
lista,SLL con cola,Find,100,33,329
lista,SLL con cola,Find,100,34,330
lista,SLL con cola,Find,100,35,329
lista,SLL con cola,Find,100,36,325
lista,SLL con cola,Find,100,37,326
lista,SLL con cola,Find,100,38,331
lista,SLL con cola,Find,100,39,327
lista,SLL con cola,Find,100,40,341
lista,SLL con cola,Find,100,41,330
lista,SLL con cola,Find,100,42,325
lista,SLL con cola,Find,100,43,333
lista,SLL con cola,Find,100,44,329
lista,SLL con cola,Find,100,45,329
lista,SLL con cola,Find,100,46,331
lista,SLL con cola,Find,100,47,327
lista,SLL con cola,Find,100,48,328
lista,SLL con cola,Find,100,49,332
lista,SLL con cola,Erase,100,0,337
lista,SLL con cola,Erase,100,1,334
lista,SLL con cola,Erase,100,2,339
lista,SLL con cola,Erase,100,3,341
lista,SLL con cola,Erase,100,4,337
lista,SLL con cola,Erase,100,5,334
lista,SLL con cola,Erase,100,6,337
lista,SLL con cola,Erase,100,7,334
lista,SLL con cola,Erase,100,8,335
lista,SLL con cola,Erase,100,9,333
lista,SLL con cola,Erase,100,10,336
lista,SLL con cola,Erase,100,11,334
lista,SLL con cola,Erase,100,12,333
lista,SLL con cola,Erase,100,13,334
lista,SLL con cola,Erase,100,14,334
lista,SLL con cola,Erase,100,15,336
lista,SLL con cola,Erase,100,16,334
lista,SLL con cola,Erase,100,17,339
lista,SLL con cola,Erase,100,18,334
lista,SLL con cola,Erase,100,19,335
lista,SLL con cola,Erase,100,20,336
lista,SLL con cola,Erase,100,21,338
lista,SLL con cola,Erase,100,22,336
lista,SLL con cola,Erase,100,23,333
lista,SLL con cola,Erase,100,24,335
lista,SLL con cola,Erase,100,25,336
lista,SLL con cola,Erase,100,26,336
lista,SLL con cola,Erase,100,27,334
lista,SLL con cola,Erase,100,28,336
lista,SLL con cola,Erase,100,29,337
lista,SLL con cola,Erase,100,30,334
lista,SLL con cola,Erase,100,31,334
lista,SLL con cola,Erase,100,32,459
lista,SLL con cola,Erase,100,33,335
lista,SLL con cola,Erase,100,34,335
lista,SLL con cola,Erase,100,35,336
lista,SLL con cola,Erase,100,36,335
lista,SLL con cola,Erase,100,37,335
lista,SLL con cola,Erase,100,38,335
lista,SLL con cola,Erase,100,39,337
lista,SLL con cola,Erase,100,40,336
lista,SLL con cola,Erase,100,41,337
lista,SLL con cola,Erase,100,42,336
lista,SLL con cola,Erase,100,43,333
lista,SLL con cola,Erase,100,44,339
lista,SLL con cola,Erase,100,45,335
lista,SLL con cola,Erase,100,46,337
lista,SLL con cola,Erase,100,47,336
lista,SLL con cola,Erase,100,48,336
lista,SLL con cola,Erase,100,49,336
lista,SLL con cola,AddBefore,100,0,283
lista,SLL con cola,AddBefore,100,1,281
lista,SLL con cola,AddBefore,100,2,282
lista,SLL con cola,AddBefore,100,3,279
lista,SLL con cola,AddBefore,100,4,279
lista,SLL con cola,AddBefore,100,5,279
lista,SLL con cola,AddBefore,100,6,279
lista,SLL con cola,AddBefore,100,7,279
lista,SLL con cola,AddBefore,100,8,280
lista,SLL con cola,AddBefore,100,9,280
lista,SLL con cola,AddBefore,100,10,279
lista,SLL con cola,AddBefore,100,11,280
lista,SLL con cola,AddBefore,100,12,280
lista,SLL con cola,AddBefore,100,13,280
lista,SLL con cola,AddBefore,100,14,280
lista,SLL con cola,AddBefore,100,15,280
lista,SLL con cola,AddBefore,100,16,278
lista,SLL con cola,AddBefore,100,17,279
lista,SLL con cola,AddBefore,100,18,280
lista,SLL con cola,AddBefore,100,19,279
lista,SLL con cola,AddBefore,100,20,280
lista,SLL con cola,AddBefore,100,21,279
lista,SLL con cola,AddBefore,100,22,281
lista,SLL con cola,AddBefore,100,23,280
lista,SLL con cola,AddBefore,100,24,277
lista,SLL con cola,AddBefore,100,25,278
lista,SLL con cola,AddBefore,100,26,279
lista,SLL con cola,AddBefore,100,27,279
lista,SLL con cola,AddBefore,100,28,279
lista,SLL con cola,AddBefore,100,29,279
lista,SLL con cola,AddBefore,100,30,278
lista,SLL con cola,AddBefore,100,31,281
lista,SLL con cola,AddBefore,100,32,278
lista,SLL con cola,AddBefore,100,33,279
lista,SLL con cola,AddBefore,100,34,278
lista,SLL con cola,AddBefore,100,35,279
lista,SLL con cola,AddBefore,100,36,279
lista,SLL con cola,AddBefore,100,37,280
lista,SLL con cola,AddBefore,100,38,280
lista,SLL con cola,AddBefore,100,39,279
lista,SLL con cola,AddBefore,100,40,281
lista,SLL con cola,AddBefore,100,41,278
lista,SLL con cola,AddBefore,100,42,283
lista,SLL con cola,AddBefore,100,43,280
lista,SLL con cola,AddBefore,100,44,278
lista,SLL con cola,AddBefore,100,45,280
lista,SLL con cola,AddBefore,100,46,280
lista,SLL con cola,AddBefore,100,47,386
lista,SLL con cola,AddBefore,100,48,313
lista,SLL con cola,AddBefore,100,49,306
lista,SLL con cola,AddAfter,100,0,49
lista,SLL con cola,AddAfter,100,1,50
lista,SLL con cola,AddAfter,100,2,49
lista,SLL con cola,AddAfter,100,3,50
lista,SLL con cola,AddAfter,100,4,50
lista,SLL con cola,AddAfter,100,5,50
lista,SLL con cola,AddAfter,100,6,49
lista,SLL con cola,AddAfter,100,7,50
lista,SLL con cola,AddAfter,100,8,49
lista,SLL con cola,AddAfter,100,9,49
lista,SLL con cola,AddAfter,100,10,49
lista,SLL con cola,AddAfter,100,11,49
lista,SLL con cola,AddAfter,100,12,51
lista,SLL con cola,AddAfter,100,13,49
lista,SLL con cola,AddAfter,100,14,50
lista,SLL con cola,AddAfter,100,15,49
lista,SLL con cola,AddAfter,100,16,49
lista,SLL con cola,AddAfter,100,17,51
lista,SLL con cola,AddAfter,100,18,50
lista,SLL con cola,AddAfter,100,19,51
lista,SLL con cola,AddAfter,100,20,49
lista,SLL con cola,AddAfter,100,21,51
lista,SLL con cola,AddAfter,100,22,50
lista,SLL con cola,AddAfter,100,23,48
lista,SLL con cola,AddAfter,100,24,50
lista,SLL con cola,AddAfter,100,25,50
lista,SLL con cola,AddAfter,100,26,49
lista,SLL con cola,AddAfter,100,27,50
lista,SLL con cola,AddAfter,100,28,50
lista,SLL con cola,AddAfter,100,29,50
lista,SLL con cola,AddAfter,100,30,50
lista,SLL con cola,AddAfter,100,31,49
lista,SLL con cola,AddAfter,100,32,49
lista,SLL con cola,AddAfter,100,33,51
lista,SLL con cola,AddAfter,100,34,49
lista,SLL con cola,AddAfter,100,35,50
lista,SLL con cola,AddAfter,100,36,51
lista,SLL con cola,AddAfter,100,37,50
lista,SLL con cola,AddAfter,100,38,49
lista,SLL con cola,AddAfter,100,39,51
lista,SLL con cola,AddAfter,100,40,50
lista,SLL con cola,AddAfter,100,41,52
lista,SLL con cola,AddAfter,100,42,51
lista,SLL con cola,AddAfter,100,43,51
lista,SLL con cola,AddAfter,100,44,50
lista,SLL con cola,AddAfter,100,45,50
lista,SLL con cola,AddAfter,100,46,48
lista,SLL con cola,AddAfter,100,47,52
lista,SLL con cola,AddAfter,100,48,49
lista,SLL con cola,AddAfter,100,49,48
lista,SLL con cola,Empty,100,0,50
lista,SLL con cola,Empty,100,1,52
lista,SLL con cola,Empty,100,2,52
lista,SLL con cola,Empty,100,3,53
lista,SLL con cola,Empty,100,4,53
lista,SLL con cola,Empty,100,5,52
lista,SLL con cola,Empty,100,6,52
lista,SLL con cola,Empty,100,7,52
lista,SLL con cola,Empty,100,8,51
lista,SLL con cola,Empty,100,9,54
lista,SLL con cola,Empty,100,10,53
lista,SLL con cola,Empty,100,11,52
lista,SLL con cola,Empty,100,12,52
lista,SLL con cola,Empty,100,13,52
lista,SLL con cola,Empty,100,14,51
lista,SLL con cola,Empty,100,15,53
lista,SLL con cola,Empty,100,16,53
lista,SLL con cola,Empty,100,17,53
lista,SLL con cola,Empty,100,18,53
lista,SLL con cola,Empty,100,19,52
lista,SLL con cola,Empty,100,20,53
lista,SLL con cola,Empty,100,21,53
lista,SLL con cola,Empty,100,22,53
lista,SLL con cola,Empty,100,23,52
lista,SLL con cola,Empty,100,24,52
lista,SLL con cola,Empty,100,25,52
lista,SLL con cola,Empty,100,26,53
lista,SLL con cola,Empty,100,27,53
lista,SLL con cola,Empty,100,28,52
lista,SLL con cola,Empty,100,29,52
lista,SLL con cola,Empty,100,30,52
lista,SLL con cola,Empty,100,31,53
lista,SLL con cola,Empty,100,32,53
lista,SLL con cola,Empty,100,33,53
lista,SLL con cola,Empty,100,34,52
lista,SLL con cola,Empty,100,35,52
lista,SLL con cola,Empty,100,36,52
lista,SLL con cola,Empty,100,37,52
lista,SLL con cola,Empty,100,38,52
lista,SLL con cola,Empty,100,39,53
lista,SLL con cola,Empty,100,40,52
lista,SLL con cola,Empty,100,41,52
lista,SLL con cola,Empty,100,42,52
lista,SLL con cola,Empty,100,43,51
lista,SLL con cola,Empty,100,44,52
lista,SLL con cola,Empty,100,45,53
lista,SLL con cola,Empty,100,46,52
lista,SLL con cola,Empty,100,47,52
lista,SLL con cola,Empty,100,48,52
lista,SLL con cola,Empty,100,49,51
lista,SLL con cola,Size,100,0,54
lista,SLL con cola,Size,100,1,53
lista,SLL con cola,Size,100,2,54
lista,SLL con cola,Size,100,3,54
lista,SLL con cola,Size,100,4,52
lista,SLL con cola,Size,100,5,52
lista,SLL con cola,Size,100,6,52
lista,SLL con cola,Size,100,7,53
lista,SLL con cola,Size,100,8,53
lista,SLL con cola,Size,100,9,52
lista,SLL con cola,Size,100,10,55
lista,SLL con cola,Size,100,11,53
lista,SLL con cola,Size,100,12,52
lista,SLL con cola,Size,100,13,53
lista,SLL con cola,Size,100,14,53
lista,SLL con cola,Size,100,15,53
lista,SLL con cola,Size,100,16,54
lista,SLL con cola,Size,100,17,53
lista,SLL con cola,Size,100,18,53
lista,SLL con cola,Size,100,19,52
lista,SLL con cola,Size,100,20,53
lista,SLL con cola,Size,100,21,53
lista,SLL con cola,Size,100,22,53
lista,SLL con cola,Size,100,23,54
lista,SLL con cola,Size,100,24,54
lista,SLL con cola,Size,100,25,54
lista,SLL con cola,Size,100,26,53
lista,SLL con cola,Size,100,27,51
lista,SLL con cola,Size,100,28,53
lista,SLL con cola,Size,100,29,53
lista,SLL con cola,Size,100,30,54
lista,SLL con cola,Size,100,31,54
lista,SLL con cola,Size,100,32,52
lista,SLL con cola,Size,100,33,53
lista,SLL con cola,Size,100,34,52
lista,SLL con cola,Size,100,35,52
lista,SLL con cola,Size,100,36,53
lista,SLL con cola,Size,100,37,54
lista,SLL con cola,Size,100,38,54
lista,SLL con cola,Size,100,39,53
lista,SLL con cola,Size,100,40,52
lista,SLL con cola,Size,100,41,53
lista,SLL con cola,Size,100,42,53
lista,SLL con cola,Size,100,43,53
lista,SLL con cola,Size,100,44,54
lista,SLL con cola,Size,100,45,54
lista,SLL con cola,Size,100,46,52
lista,SLL con cola,Size,100,47,53
lista,SLL con cola,Size,100,48,52
lista,SLL con cola,Size,100,49,52
lista,DLL sin cola,PushFront,100,0,45
lista,DLL sin cola,PushFront,100,1,44
lista,DLL sin cola,PushFront,100,2,46
lista,DLL sin cola,PushFront,100,3,43
lista,DLL sin cola,PushFront,100,4,44
lista,DLL sin cola,PushFront,100,5,45
lista,DLL sin cola,PushFront,100,6,47
lista,DLL sin cola,PushFront,100,7,52
lista,DLL sin cola,PushFront,100,8,45
lista,DLL sin cola,PushFront,100,9,45
lista,DLL sin cola,PushFront,100,10,45
lista,DLL sin cola,PushFront,100,11,44
lista,DLL sin cola,PushFront,100,12,44
lista,DLL sin cola,PushFront,100,13,45
lista,DLL sin cola,PushFront,100,14,46
lista,DLL sin cola,PushFront,100,15,46
lista,DLL sin cola,PushFront,100,16,43
lista,DLL sin cola,PushFront,100,17,45
lista,DLL sin cola,PushFront,100,18,45
lista,DLL sin cola,PushFront,100,19,45
lista,DLL sin cola,PushFront,100,20,44
lista,DLL sin cola,PushFront,100,21,44
lista,DLL sin cola,PushFront,100,22,47
lista,DLL sin cola,PushFront,100,23,46
lista,DLL sin cola,PushFront,100,24,43
lista,DLL sin cola,PushFront,100,25,43
lista,DLL sin cola,PushFront,100,26,45
lista,DLL sin cola,PushFront,100,27,45
lista,DLL sin cola,PushFront,100,28,45
lista,DLL sin cola,PushFront,100,29,44
lista,DLL sin cola,PushFront,100,30,46
lista,DLL sin cola,PushFront,100,31,264
lista,DLL sin cola,PushFront,100,32,43
lista,DLL sin cola,PushFront,100,33,44
lista,DLL sin cola,PushFront,100,34,45
lista,DLL sin cola,PushFront,100,35,45
lista,DLL sin cola,PushFront,100,36,44
lista,DLL sin cola,PushFront,100,37,44
lista,DLL sin cola,PushFront,100,38,45
lista,DLL sin cola,PushFront,100,39,45
lista,DLL sin cola,PushFront,100,40,44
lista,DLL sin cola,PushFront,100,41,45
lista,DLL sin cola,PushFront,100,42,44
lista,DLL sin cola,PushFront,100,43,44
lista,DLL sin cola,PushFront,100,44,44
lista,DLL sin cola,PushFront,100,45,45
lista,DLL sin cola,PushFront,100,46,45
lista,DLL sin cola,PushFront,100,47,46
lista,DLL sin cola,PushFront,100,48,44
lista,DLL sin cola,PushFront,100,49,45
lista,DLL sin cola,PushBack,100,0,217
lista,DLL sin cola,PushBack,100,1,250
lista,DLL sin cola,PushBack,100,2,212
lista,DLL sin cola,PushBack,100,3,214
lista,DLL sin cola,PushBack,100,4,211
lista,DLL sin cola,PushBack,100,5,212
lista,DLL sin cola,PushBack,100,6,212
lista,DLL sin cola,PushBack,100,7,211
lista,DLL sin cola,PushBack,100,8,213
lista,DLL sin cola,PushBack,100,9,212
lista,DLL sin cola,PushBack,100,10,213
lista,DLL sin cola,PushBack,100,11,212
lista,DLL sin cola,PushBack,100,12,213
lista,DLL sin cola,PushBack,100,13,213
lista,DLL sin cola,PushBack,100,14,215
lista,DLL sin cola,PushBack,100,15,212
lista,DLL sin cola,PushBack,100,16,213
lista,DLL sin cola,PushBack,100,17,211
lista,DLL sin cola,PushBack,100,18,211
lista,DLL sin cola,PushBack,100,19,212
lista,DLL sin cola,PushBack,100,20,212
lista,DLL sin cola,PushBack,100,21,213
lista,DLL sin cola,PushBack,100,22,213
lista,DLL sin cola,PushBack,100,23,212
lista,DLL sin cola,PushBack,100,24,210
lista,DLL sin cola,PushBack,100,25,212
lista,DLL sin cola,PushBack,100,26,212
lista,DLL sin cola,PushBack,100,27,211
lista,DLL sin cola,PushBack,100,28,213
lista,DLL sin cola,PushBack,100,29,213
lista,DLL sin cola,PushBack,100,30,212
lista,DLL sin cola,PushBack,100,31,211
lista,DLL sin cola,PushBack,100,32,212
lista,DLL sin cola,PushBack,100,33,210
lista,DLL sin cola,PushBack,100,34,212
lista,DLL sin cola,PushBack,100,35,212
lista,DLL sin cola,PushBack,100,36,212
lista,DLL sin cola,PushBack,100,37,211
lista,DLL sin cola,PushBack,100,38,212
lista,DLL sin cola,PushBack,100,39,212
lista,DLL sin cola,PushBack,100,40,213
lista,DLL sin cola,PushBack,100,41,212
lista,DLL sin cola,PushBack,100,42,212
lista,DLL sin cola,PushBack,100,43,211
lista,DLL sin cola,PushBack,100,44,213
lista,DLL sin cola,PushBack,100,45,211
lista,DLL sin cola,PushBack,100,46,213
lista,DLL sin cola,PushBack,100,47,212
lista,DLL sin cola,PushBack,100,48,211
lista,DLL sin cola,PushBack,100,49,212
lista,DLL sin cola,PopFront,100,0,48
lista,DLL sin cola,PopFront,100,1,50
lista,DLL sin cola,PopFront,100,2,48
lista,DLL sin cola,PopFront,100,3,47
lista,DLL sin cola,PopFront,100,4,47
lista,DLL sin cola,PopFront,100,5,47
lista,DLL sin cola,PopFront,100,6,46
lista,DLL sin cola,PopFront,100,7,47
lista,DLL sin cola,PopFront,100,8,47
lista,DLL sin cola,PopFront,100,9,46
lista,DLL sin cola,PopFront,100,10,46
lista,DLL sin cola,PopFront,100,11,46
lista,DLL sin cola,PopFront,100,12,48
lista,DLL sin cola,PopFront,100,13,47
lista,DLL sin cola,PopFront,100,14,47
lista,DLL sin cola,PopFront,100,15,47
lista,DLL sin cola,PopFront,100,16,46
lista,DLL sin cola,PopFront,100,17,46
lista,DLL sin cola,PopFront,100,18,46
lista,DLL sin cola,PopFront,100,19,47
lista,DLL sin cola,PopFront,100,20,46
lista,DLL sin cola,PopFront,100,21,45
lista,DLL sin cola,PopFront,100,22,48
lista,DLL sin cola,PopFront,100,23,47
lista,DLL sin cola,PopFront,100,24,47
lista,DLL sin cola,PopFront,100,25,46
lista,DLL sin cola,PopFront,100,26,46
lista,DLL sin cola,PopFront,100,27,47
lista,DLL sin cola,PopFront,100,28,47
lista,DLL sin cola,PopFront,100,29,46
lista,DLL sin cola,PopFront,100,30,47
lista,DLL sin cola,PopFront,100,31,47
lista,DLL sin cola,PopFront,100,32,47
lista,DLL sin cola,PopFront,100,33,46
lista,DLL sin cola,PopFront,100,34,45
lista,DLL sin cola,PopFront,100,35,46
lista,DLL sin cola,PopFront,100,36,46
lista,DLL sin cola,PopFront,100,37,46
lista,DLL sin cola,PopFront,100,38,46
lista,DLL sin cola,PopFront,100,39,46
lista,DLL sin cola,PopFront,100,40,47
lista,DLL sin cola,PopFront,100,41,46
lista,DLL sin cola,PopFront,100,42,45
lista,DLL sin cola,PopFront,100,43,46
lista,DLL sin cola,PopFront,100,44,46
lista,DLL sin cola,PopFront,100,45,46
lista,DLL sin cola,PopFront,100,46,45
lista,DLL sin cola,PopFront,100,47,46
lista,DLL sin cola,PopFront,100,48,46
lista,DLL sin cola,PopFront,100,49,46
lista,DLL sin cola,PopBack,100,0,215
lista,DLL sin cola,PopBack,100,1,257
lista,DLL sin cola,PopBack,100,2,217
lista,DLL sin cola,PopBack,100,3,217
lista,DLL sin cola,PopBack,100,4,214
lista,DLL sin cola,PopBack,100,5,214
lista,DLL sin cola,PopBack,100,6,216
lista,DLL sin cola,PopBack,100,7,216
lista,DLL sin cola,PopBack,100,8,215
lista,DLL sin cola,PopBack,100,9,216
lista,DLL sin cola,PopBack,100,10,216
lista,DLL sin cola,PopBack,100,11,215
lista,DLL sin cola,PopBack,100,12,215
lista,DLL sin cola,PopBack,100,13,216
lista,DLL sin cola,PopBack,100,14,214
lista,DLL sin cola,PopBack,100,15,216
lista,DLL sin cola,PopBack,100,16,215
lista,DLL sin cola,PopBack,100,17,218
lista,DLL sin cola,PopBack,100,18,216
lista,DLL sin cola,PopBack,100,19,216
lista,DLL sin cola,PopBack,100,20,215
lista,DLL sin cola,PopBack,100,21,216
lista,DLL sin cola,PopBack,100,22,215
lista,DLL sin cola,PopBack,100,23,215
lista,DLL sin cola,PopBack,100,24,216
lista,DLL sin cola,PopBack,100,25,217
lista,DLL sin cola,PopBack,100,26,216
lista,DLL sin cola,PopBack,100,27,216
lista,DLL sin cola,PopBack,100,28,216
lista,DLL sin cola,PopBack,100,29,216
lista,DLL sin cola,PopBack,100,30,216
lista,DLL sin cola,PopBack,100,31,215
lista,DLL sin cola,PopBack,100,32,217
lista,DLL sin cola,PopBack,100,33,216
lista,DLL sin cola,PopBack,100,34,216
lista,DLL sin cola,PopBack,100,35,216
lista,DLL sin cola,PopBack,100,36,216
lista,DLL sin cola,PopBack,100,37,214
lista,DLL sin cola,PopBack,100,38,216
lista,DLL sin cola,PopBack,100,39,215
lista,DLL sin cola,PopBack,100,40,216
lista,DLL sin cola,PopBack,100,41,216
lista,DLL sin cola,PopBack,100,42,216
lista,DLL sin cola,PopBack,100,43,216
lista,DLL sin cola,PopBack,100,44,214
lista,DLL sin cola,PopBack,100,45,215
lista,DLL sin cola,PopBack,100,46,216
lista,DLL sin cola,PopBack,100,47,215
lista,DLL sin cola,PopBack,100,48,216
lista,DLL sin cola,PopBack,100,49,216
lista,DLL sin cola,TopFront,100,0,51
lista,DLL sin cola,TopFront,100,1,53
lista,DLL sin cola,TopFront,100,2,52
lista,DLL sin cola,TopFront,100,3,51
lista,DLL sin cola,TopFront,100,4,52
lista,DLL sin cola,TopFront,100,5,51
lista,DLL sin cola,TopFront,100,6,53
lista,DLL sin cola,TopFront,100,7,52
lista,DLL sin cola,TopFront,100,8,52
lista,DLL sin cola,TopFront,100,9,52
lista,DLL sin cola,TopFront,100,10,51
lista,DLL sin cola,TopFront,100,11,52
lista,DLL sin cola,TopFront,100,12,51
lista,DLL sin cola,TopFront,100,13,51
lista,DLL sin cola,TopFront,100,14,52
lista,DLL sin cola,TopFront,100,15,52
lista,DLL sin cola,TopFront,100,16,52
lista,DLL sin cola,TopFront,100,17,51
lista,DLL sin cola,TopFront,100,18,52
lista,DLL sin cola,TopFront,100,19,52
lista,DLL sin cola,TopFront,100,20,52
lista,DLL sin cola,TopFront,100,21,52
lista,DLL sin cola,TopFront,100,22,52
lista,DLL sin cola,TopFront,100,23,52
lista,DLL sin cola,TopFront,100,24,51
lista,DLL sin cola,TopFront,100,25,52
lista,DLL sin cola,TopFront,100,26,51
lista,DLL sin cola,TopFront,100,27,51
lista,DLL sin cola,TopFront,100,28,52
lista,DLL sin cola,TopFront,100,29,52
lista,DLL sin cola,TopFront,100,30,51
lista,DLL sin cola,TopFront,100,31,51
lista,DLL sin cola,TopFront,100,32,51
lista,DLL sin cola,TopFront,100,33,53
lista,DLL sin cola,TopFront,100,34,53
lista,DLL sin cola,TopFront,100,35,51
lista,DLL sin cola,TopFront,100,36,51
lista,DLL sin cola,TopFront,100,37,52
lista,DLL sin cola,TopFront,100,38,53
lista,DLL sin cola,TopFront,100,39,52
lista,DLL sin cola,TopFront,100,40,51
lista,DLL sin cola,TopFront,100,41,51
lista,DLL sin cola,TopFront,100,42,52
lista,DLL sin cola,TopFront,100,43,52
lista,DLL sin cola,TopFront,100,44,51
lista,DLL sin cola,TopFront,100,45,51
lista,DLL sin cola,TopFront,100,46,52
lista,DLL sin cola,TopFront,100,47,52
lista,DLL sin cola,TopFront,100,48,52
lista,DLL sin cola,TopFront,100,49,52
lista,DLL sin cola,TopBack,100,0,217
lista,DLL sin cola,TopBack,100,1,250
lista,DLL sin cola,TopBack,100,2,218
lista,DLL sin cola,TopBack,100,3,217
lista,DLL sin cola,TopBack,100,4,217
lista,DLL sin cola,TopBack,100,5,217
lista,DLL sin cola,TopBack,100,6,217
lista,DLL sin cola,TopBack,100,7,218
lista,DLL sin cola,TopBack,100,8,216
lista,DLL sin cola,TopBack,100,9,217
lista,DLL sin cola,TopBack,100,10,217
lista,DLL sin cola,TopBack,100,11,217
lista,DLL sin cola,TopBack,100,12,218
lista,DLL sin cola,TopBack,100,13,218
lista,DLL sin cola,TopBack,100,14,217
lista,DLL sin cola,TopBack,100,15,217
lista,DLL sin cola,TopBack,100,16,217
lista,DLL sin cola,TopBack,100,17,219
lista,DLL sin cola,TopBack,100,18,218
lista,DLL sin cola,TopBack,100,19,218
lista,DLL sin cola,TopBack,100,20,217
lista,DLL sin cola,TopBack,100,21,217
lista,DLL sin cola,TopBack,100,22,217
lista,DLL sin cola,TopBack,100,23,217
lista,DLL sin cola,TopBack,100,24,217
lista,DLL sin cola,TopBack,100,25,216
lista,DLL sin cola,TopBack,100,26,218
lista,DLL sin cola,TopBack,100,27,216
lista,DLL sin cola,TopBack,100,28,217
lista,DLL sin cola,TopBack,100,29,217
lista,DLL sin cola,TopBack,100,30,216
lista,DLL sin cola,TopBack,100,31,217
lista,DLL sin cola,TopBack,100,32,217
lista,DLL sin cola,TopBack,100,33,217
lista,DLL sin cola,TopBack,100,34,218
lista,DLL sin cola,TopBack,100,35,217
lista,DLL sin cola,TopBack,100,36,217
lista,DLL sin cola,TopBack,100,37,217
lista,DLL sin cola,TopBack,100,38,218
lista,DLL sin cola,TopBack,100,39,218
lista,DLL sin cola,TopBack,100,40,217
lista,DLL sin cola,TopBack,100,41,217
lista,DLL sin cola,TopBack,100,42,216
lista,DLL sin cola,TopBack,100,43,217
lista,DLL sin cola,TopBack,100,44,216
lista,DLL sin cola,TopBack,100,45,217
lista,DLL sin cola,TopBack,100,46,217
lista,DLL sin cola,TopBack,100,47,217
lista,DLL sin cola,TopBack,100,48,217
lista,DLL sin cola,TopBack,100,49,217
lista,DLL sin cola,Find,100,0,330
lista,DLL sin cola,Find,100,1,355
lista,DLL sin cola,Find,100,2,328
lista,DLL sin cola,Find,100,3,330
lista,DLL sin cola,Find,100,4,330
lista,DLL sin cola,Find,100,5,329
lista,DLL sin cola,Find,100,6,330
lista,DLL sin cola,Find,100,7,331
lista,DLL sin cola,Find,100,8,328
lista,DLL sin cola,Find,100,9,330
lista,DLL sin cola,Find,100,10,329
lista,DLL sin cola,Find,100,11,329
lista,DLL sin cola,Find,100,12,328
lista,DLL sin cola,Find,100,13,328
lista,DLL sin cola,Find,100,14,327
lista,DLL sin cola,Find,100,15,328
lista,DLL sin cola,Find,100,16,330
lista,DLL sin cola,Find,100,17,328
lista,DLL sin cola,Find,100,18,330
lista,DLL sin cola,Find,100,19,328
lista,DLL sin cola,Find,100,20,330
lista,DLL sin cola,Find,100,21,328
lista,DLL sin cola,Find,100,22,327
lista,DLL sin cola,Find,100,23,329
lista,DLL sin cola,Find,100,24,330
lista,DLL sin cola,Find,100,25,326
lista,DLL sin cola,Find,100,26,329
lista,DLL sin cola,Find,100,27,327
lista,DLL sin cola,Find,100,28,326
lista,DLL sin cola,Find,100,29,327
lista,DLL sin cola,Find,100,30,333
lista,DLL sin cola,Find,100,31,330
lista,DLL sin cola,Find,100,32,332
lista,DLL sin cola,Find,100,33,328
lista,DLL sin cola,Find,100,34,329
lista,DLL sin cola,Find,100,35,330
lista,DLL sin cola,Find,100,36,331
lista,DLL sin cola,Find,100,37,328
lista,DLL sin cola,Find,100,38,329
lista,DLL sin cola,Find,100,39,327
lista,DLL sin cola,Find,100,40,332
lista,DLL sin cola,Find,100,41,330
lista,DLL sin cola,Find,100,42,329
lista,DLL sin cola,Find,100,43,330
lista,DLL sin cola,Find,100,44,331
lista,DLL sin cola,Find,100,45,329
lista,DLL sin cola,Find,100,46,329
lista,DLL sin cola,Find,100,47,330
lista,DLL sin cola,Find,100,48,333
lista,DLL sin cola,Find,100,49,334
lista,DLL sin cola,Erase,100,0,342
lista,DLL sin cola,Erase,100,1,344
lista,DLL sin cola,Erase,100,2,342
lista,DLL sin cola,Erase,100,3,341
lista,DLL sin cola,Erase,100,4,341
lista,DLL sin cola,Erase,100,5,345
lista,DLL sin cola,Erase,100,6,347
lista,DLL sin cola,Erase,100,7,342
lista,DLL sin cola,Erase,100,8,346
lista,DLL sin cola,Erase,100,9,342
lista,DLL sin cola,Erase,100,10,344
lista,DLL sin cola,Erase,100,11,344
lista,DLL sin cola,Erase,100,12,343
lista,DLL sin cola,Erase,100,13,341
lista,DLL sin cola,Erase,100,14,344
lista,DLL sin cola,Erase,100,15,341
lista,DLL sin cola,Erase,100,16,343
lista,DLL sin cola,Erase,100,17,344
lista,DLL sin cola,Erase,100,18,340
lista,DLL sin cola,Erase,100,19,343
lista,DLL sin cola,Erase,100,20,341
lista,DLL sin cola,Erase,100,21,340
lista,DLL sin cola,Erase,100,22,343
lista,DLL sin cola,Erase,100,23,341
lista,DLL sin cola,Erase,100,24,342
lista,DLL sin cola,Erase,100,25,341
lista,DLL sin cola,Erase,100,26,344
lista,DLL sin cola,Erase,100,27,342
lista,DLL sin cola,Erase,100,28,341
lista,DLL sin cola,Erase,100,29,340
lista,DLL sin cola,Erase,100,30,341
lista,DLL sin cola,Erase,100,31,343
lista,DLL sin cola,Erase,100,32,339
lista,DLL sin cola,Erase,100,33,342
lista,DLL sin cola,Erase,100,34,343
lista,DLL sin cola,Erase,100,35,344
lista,DLL sin cola,Erase,100,36,342
lista,DLL sin cola,Erase,100,37,344
lista,DLL sin cola,Erase,100,38,341
lista,DLL sin cola,Erase,100,39,343
lista,DLL sin cola,Erase,100,40,342
lista,DLL sin cola,Erase,100,41,345
lista,DLL sin cola,Erase,100,42,343
lista,DLL sin cola,Erase,100,43,342
lista,DLL sin cola,Erase,100,44,341
lista,DLL sin cola,Erase,100,45,343
lista,DLL sin cola,Erase,100,46,346
lista,DLL sin cola,Erase,100,47,343
lista,DLL sin cola,Erase,100,48,344
lista,DLL sin cola,Erase,100,49,344
lista,DLL sin cola,AddBefore,100,0,47
lista,DLL sin cola,AddBefore,100,1,46
lista,DLL sin cola,AddBefore,100,2,49
lista,DLL sin cola,AddBefore,100,3,48
lista,DLL sin cola,AddBefore,100,4,58
lista,DLL sin cola,AddBefore,100,5,48
lista,DLL sin cola,AddBefore,100,6,68
lista,DLL sin cola,AddBefore,100,7,47
lista,DLL sin cola,AddBefore,100,8,47
lista,DLL sin cola,AddBefore,100,9,48
lista,DLL sin cola,AddBefore,100,10,48
lista,DLL sin cola,AddBefore,100,11,49
lista,DLL sin cola,AddBefore,100,12,49
lista,DLL sin cola,AddBefore,100,13,48
lista,DLL sin cola,AddBefore,100,14,47
lista,DLL sin cola,AddBefore,100,15,48
lista,DLL sin cola,AddBefore,100,16,47
lista,DLL sin cola,AddBefore,100,17,48
lista,DLL sin cola,AddBefore,100,18,48
lista,DLL sin cola,AddBefore,100,19,49
lista,DLL sin cola,AddBefore,100,20,47
lista,DLL sin cola,AddBefore,100,21,50
lista,DLL sin cola,AddBefore,100,22,48
lista,DLL sin cola,AddBefore,100,23,48
lista,DLL sin cola,AddBefore,100,24,48
lista,DLL sin cola,AddBefore,100,25,48
lista,DLL sin cola,AddBefore,100,26,47
lista,DLL sin cola,AddBefore,100,27,49
lista,DLL sin cola,AddBefore,100,28,48
lista,DLL sin cola,AddBefore,100,29,47
lista,DLL sin cola,AddBefore,100,30,49
lista,DLL sin cola,AddBefore,100,31,49
lista,DLL sin cola,AddBefore,100,32,48
lista,DLL sin cola,AddBefore,100,33,50
lista,DLL sin cola,AddBefore,100,34,51
lista,DLL sin cola,AddBefore,100,35,49
lista,DLL sin cola,AddBefore,100,36,47
lista,DLL sin cola,AddBefore,100,37,48
lista,DLL sin cola,AddBefore,100,38,48
lista,DLL sin cola,AddBefore,100,39,48
lista,DLL sin cola,AddBefore,100,40,48
lista,DLL sin cola,AddBefore,100,41,47
lista,DLL sin cola,AddBefore,100,42,48
lista,DLL sin cola,AddBefore,100,43,49
lista,DLL sin cola,AddBefore,100,44,47
lista,DLL sin cola,AddBefore,100,45,48
lista,DLL sin cola,AddBefore,100,46,48
lista,DLL sin cola,AddBefore,100,47,48
lista,DLL sin cola,AddBefore,100,48,48
lista,DLL sin cola,AddBefore,100,49,48
lista,DLL sin cola,AddAfter,100,0,46
lista,DLL sin cola,AddAfter,100,1,46
lista,DLL sin cola,AddAfter,100,2,47
lista,DLL sin cola,AddAfter,100,3,46
lista,DLL sin cola,AddAfter,100,4,48
lista,DLL sin cola,AddAfter,100,5,72
lista,DLL sin cola,AddAfter,100,6,48
lista,DLL sin cola,AddAfter,100,7,68
lista,DLL sin cola,AddAfter,100,8,47
lista,DLL sin cola,AddAfter,100,9,48
lista,DLL sin cola,AddAfter,100,10,53
lista,DLL sin cola,AddAfter,100,11,49
lista,DLL sin cola,AddAfter,100,12,47
lista,DLL sin cola,AddAfter,100,13,48
lista,DLL sin cola,AddAfter,100,14,47
lista,DLL sin cola,AddAfter,100,15,46
lista,DLL sin cola,AddAfter,100,16,49
lista,DLL sin cola,AddAfter,100,17,47
lista,DLL sin cola,AddAfter,100,18,152
lista,DLL sin cola,AddAfter,100,19,47
lista,DLL sin cola,AddAfter,100,20,47
lista,DLL sin cola,AddAfter,100,21,47
lista,DLL sin cola,AddAfter,100,22,47
lista,DLL sin cola,AddAfter,100,23,47
lista,DLL sin cola,AddAfter,100,24,47
lista,DLL sin cola,AddAfter,100,25,48
lista,DLL sin cola,AddAfter,100,26,46
lista,DLL sin cola,AddAfter,100,27,47
lista,DLL sin cola,AddAfter,100,28,49
lista,DLL sin cola,AddAfter,100,29,48
lista,DLL sin cola,AddAfter,100,30,47
lista,DLL sin cola,AddAfter,100,31,47
lista,DLL sin cola,AddAfter,100,32,47
lista,DLL sin cola,AddAfter,100,33,47
lista,DLL sin cola,AddAfter,100,34,48
lista,DLL sin cola,AddAfter,100,35,47
lista,DLL sin cola,AddAfter,100,36,47
lista,DLL sin cola,AddAfter,100,37,48
lista,DLL sin cola,AddAfter,100,38,49
lista,DLL sin cola,AddAfter,100,39,46
lista,DLL sin cola,AddAfter,100,40,47
lista,DLL sin cola,AddAfter,100,41,46
lista,DLL sin cola,AddAfter,100,42,46
lista,DLL sin cola,AddAfter,100,43,48
lista,DLL sin cola,AddAfter,100,44,47
lista,DLL sin cola,AddAfter,100,45,48
lista,DLL sin cola,AddAfter,100,46,48
lista,DLL sin cola,AddAfter,100,47,50
lista,DLL sin cola,AddAfter,100,48,48
lista,DLL sin cola,AddAfter,100,49,47
lista,DLL sin cola,Empty,100,0,51
lista,DLL sin cola,Empty,100,1,52
lista,DLL sin cola,Empty,100,2,52
lista,DLL sin cola,Empty,100,3,52
lista,DLL sin cola,Empty,100,4,52
lista,DLL sin cola,Empty,100,5,52
lista,DLL sin cola,Empty,100,6,53
lista,DLL sin cola,Empty,100,7,52
lista,DLL sin cola,Empty,100,8,52
lista,DLL sin cola,Empty,100,9,53
lista,DLL sin cola,Empty,100,10,51
lista,DLL sin cola,Empty,100,11,52
lista,DLL sin cola,Empty,100,12,52
lista,DLL sin cola,Empty,100,13,53
lista,DLL sin cola,Empty,100,14,51
lista,DLL sin cola,Empty,100,15,52
lista,DLL sin cola,Empty,100,16,51
lista,DLL sin cola,Empty,100,17,52
lista,DLL sin cola,Empty,100,18,52
lista,DLL sin cola,Empty,100,19,53
lista,DLL sin cola,Empty,100,20,52
lista,DLL sin cola,Empty,100,21,52
lista,DLL sin cola,Empty,100,22,52
lista,DLL sin cola,Empty,100,23,53
lista,DLL sin cola,Empty,100,24,52
lista,DLL sin cola,Empty,100,25,52
lista,DLL sin cola,Empty,100,26,52
lista,DLL sin cola,Empty,100,27,52
lista,DLL sin cola,Empty,100,28,52
lista,DLL sin cola,Empty,100,29,53
lista,DLL sin cola,Empty,100,30,52
lista,DLL sin cola,Empty,100,31,52
lista,DLL sin cola,Empty,100,32,51
lista,DLL sin cola,Empty,100,33,53
lista,DLL sin cola,Empty,100,34,52
lista,DLL sin cola,Empty,100,35,53
lista,DLL sin cola,Empty,100,36,52
lista,DLL sin cola,Empty,100,37,51
lista,DLL sin cola,Empty,100,38,51
lista,DLL sin cola,Empty,100,39,52
lista,DLL sin cola,Empty,100,40,52
lista,DLL sin cola,Empty,100,41,53
lista,DLL sin cola,Empty,100,42,51
lista,DLL sin cola,Empty,100,43,51
lista,DLL sin cola,Empty,100,44,52
lista,DLL sin cola,Empty,100,45,53
lista,DLL sin cola,Empty,100,46,53
lista,DLL sin cola,Empty,100,47,52
lista,DLL sin cola,Empty,100,48,51
lista,DLL sin cola,Empty,100,49,52
lista,DLL sin cola,Size,100,0,54
lista,DLL sin cola,Size,100,1,74
lista,DLL sin cola,Size,100,2,54
lista,DLL sin cola,Size,100,3,55
lista,DLL sin cola,Size,100,4,54
lista,DLL sin cola,Size,100,5,53
lista,DLL sin cola,Size,100,6,53
lista,DLL sin cola,Size,100,7,55
lista,DLL sin cola,Size,100,8,54
lista,DLL sin cola,Size,100,9,53
lista,DLL sin cola,Size,100,10,54
lista,DLL sin cola,Size,100,11,54
lista,DLL sin cola,Size,100,12,53
lista,DLL sin cola,Size,100,13,56
lista,DLL sin cola,Size,100,14,53
lista,DLL sin cola,Size,100,15,53
lista,DLL sin cola,Size,100,16,53
lista,DLL sin cola,Size,100,17,52
lista,DLL sin cola,Size,100,18,53
lista,DLL sin cola,Size,100,19,54
lista,DLL sin cola,Size,100,20,53
lista,DLL sin cola,Size,100,21,53
lista,DLL sin cola,Size,100,22,52
lista,DLL sin cola,Size,100,23,53
lista,DLL sin cola,Size,100,24,52
lista,DLL sin cola,Size,100,25,53
lista,DLL sin cola,Size,100,26,54
lista,DLL sin cola,Size,100,27,53
lista,DLL sin cola,Size,100,28,53
lista,DLL sin cola,Size,100,29,53
lista,DLL sin cola,Size,100,30,53
lista,DLL sin cola,Size,100,31,53
lista,DLL sin cola,Size,100,32,54
lista,DLL sin cola,Size,100,33,53
lista,DLL sin cola,Size,100,34,54
lista,DLL sin cola,Size,100,35,53
lista,DLL sin cola,Size,100,36,53
lista,DLL sin cola,Size,100,37,53
lista,DLL sin cola,Size,100,38,53
lista,DLL sin cola,Size,100,39,55
lista,DLL sin cola,Size,100,40,54
lista,DLL sin cola,Size,100,41,54
lista,DLL sin cola,Size,100,42,54
lista,DLL sin cola,Size,100,43,53
lista,DLL sin cola,Size,100,44,53
lista,DLL sin cola,Size,100,45,53
lista,DLL sin cola,Size,100,46,53
lista,DLL sin cola,Size,100,47,52
lista,DLL sin cola,Size,100,48,53
lista,DLL sin cola,Size,100,49,54
lista,DLL con cola,PushFront,100,0,44
lista,DLL con cola,PushFront,100,1,44
lista,DLL con cola,PushFront,100,2,44
lista,DLL con cola,PushFront,100,3,43
lista,DLL con cola,PushFront,100,4,42
lista,DLL con cola,PushFront,100,5,44
lista,DLL con cola,PushFront,100,6,47
lista,DLL con cola,PushFront,100,7,46
lista,DLL con cola,PushFront,100,8,46
lista,DLL con cola,PushFront,100,9,45
lista,DLL con cola,PushFront,100,10,45
lista,DLL con cola,PushFront,100,11,45
lista,DLL con cola,PushFront,100,12,45
lista,DLL con cola,PushFront,100,13,45
lista,DLL con cola,PushFront,100,14,48
lista,DLL con cola,PushFront,100,15,47
lista,DLL con cola,PushFront,100,16,45
lista,DLL con cola,PushFront,100,17,45
lista,DLL con cola,PushFront,100,18,45
lista,DLL con cola,PushFront,100,19,45
lista,DLL con cola,PushFront,100,20,45
lista,DLL con cola,PushFront,100,21,44
lista,DLL con cola,PushFront,100,22,48
lista,DLL con cola,PushFront,100,23,46
lista,DLL con cola,PushFront,100,24,44
lista,DLL con cola,PushFront,100,25,44
lista,DLL con cola,PushFront,100,26,43
lista,DLL con cola,PushFront,100,27,45
lista,DLL con cola,PushFront,100,28,44
lista,DLL con cola,PushFront,100,29,44
lista,DLL con cola,PushFront,100,30,46
lista,DLL con cola,PushFront,100,31,47
lista,DLL con cola,PushFront,100,32,45
lista,DLL con cola,PushFront,100,33,44
lista,DLL con cola,PushFront,100,34,45
lista,DLL con cola,PushFront,100,35,45
lista,DLL con cola,PushFront,100,36,45
lista,DLL con cola,PushFront,100,37,45
lista,DLL con cola,PushFront,100,38,47
lista,DLL con cola,PushFront,100,39,47
lista,DLL con cola,PushFront,100,40,45
lista,DLL con cola,PushFront,100,41,45
lista,DLL con cola,PushFront,100,42,45
lista,DLL con cola,PushFront,100,43,45
lista,DLL con cola,PushFront,100,44,45
lista,DLL con cola,PushFront,100,45,45
lista,DLL con cola,PushFront,100,46,47
lista,DLL con cola,PushFront,100,47,47
lista,DLL con cola,PushFront,100,48,44
lista,DLL con cola,PushFront,100,49,44
lista,DLL con cola,PushBack,100,0,46
lista,DLL con cola,PushBack,100,1,47
lista,DLL con cola,PushBack,100,2,47
lista,DLL con cola,PushBack,100,3,48
lista,DLL con cola,PushBack,100,4,46
lista,DLL con cola,PushBack,100,5,46
lista,DLL con cola,PushBack,100,6,46
lista,DLL con cola,PushBack,100,7,48
lista,DLL con cola,PushBack,100,8,48
lista,DLL con cola,PushBack,100,9,47
lista,DLL con cola,PushBack,100,10,46
lista,DLL con cola,PushBack,100,11,46
lista,DLL con cola,PushBack,100,12,45
lista,DLL con cola,PushBack,100,13,46
lista,DLL con cola,PushBack,100,14,47
lista,DLL con cola,PushBack,100,15,47
lista,DLL con cola,PushBack,100,16,47
lista,DLL con cola,PushBack,100,17,47
lista,DLL con cola,PushBack,100,18,46
lista,DLL con cola,PushBack,100,19,46
lista,DLL con cola,PushBack,100,20,47
lista,DLL con cola,PushBack,100,21,47
lista,DLL con cola,PushBack,100,22,47
lista,DLL con cola,PushBack,100,23,47
lista,DLL con cola,PushBack,100,24,47
lista,DLL con cola,PushBack,100,25,48
lista,DLL con cola,PushBack,100,26,47
lista,DLL con cola,PushBack,100,27,47
lista,DLL con cola,PushBack,100,28,47
lista,DLL con cola,PushBack,100,29,47
lista,DLL con cola,PushBack,100,30,47
lista,DLL con cola,PushBack,100,31,47
lista,DLL con cola,PushBack,100,32,47
lista,DLL con cola,PushBack,100,33,46
lista,DLL con cola,PushBack,100,34,46
lista,DLL con cola,PushBack,100,35,46
lista,DLL con cola,PushBack,100,36,48
lista,DLL con cola,PushBack,100,37,47
lista,DLL con cola,PushBack,100,38,47
lista,DLL con cola,PushBack,100,39,48
lista,DLL con cola,PushBack,100,40,46
lista,DLL con cola,PushBack,100,41,46
lista,DLL con cola,PushBack,100,42,47
lista,DLL con cola,PushBack,100,43,46
lista,DLL con cola,PushBack,100,44,48
lista,DLL con cola,PushBack,100,45,47
lista,DLL con cola,PushBack,100,46,47
lista,DLL con cola,PushBack,100,47,47
lista,DLL con cola,PushBack,100,48,47
lista,DLL con cola,PushBack,100,49,47
lista,DLL con cola,PopFront,100,0,49
lista,DLL con cola,PopFront,100,1,48
lista,DLL con cola,PopFront,100,2,49
lista,DLL con cola,PopFront,100,3,48
lista,DLL con cola,PopFront,100,4,47
lista,DLL con cola,PopFront,100,5,48
lista,DLL con cola,PopFront,100,6,49
lista,DLL con cola,PopFront,100,7,51
lista,DLL con cola,PopFront,100,8,50
lista,DLL con cola,PopFront,100,9,50
lista,DLL con cola,PopFront,100,10,50
lista,DLL con cola,PopFront,100,11,50
lista,DLL con cola,PopFront,100,12,50
lista,DLL con cola,PopFront,100,13,52
lista,DLL con cola,PopFront,100,14,50
lista,DLL con cola,PopFront,100,15,49
lista,DLL con cola,PopFront,100,16,51
lista,DLL con cola,PopFront,100,17,49
lista,DLL con cola,PopFront,100,18,49
lista,DLL con cola,PopFront,100,19,50
lista,DLL con cola,PopFront,100,20,48
lista,DLL con cola,PopFront,100,21,49
lista,DLL con cola,PopFront,100,22,52
lista,DLL con cola,PopFront,100,23,50
lista,DLL con cola,PopFront,100,24,52
lista,DLL con cola,PopFront,100,25,49
lista,DLL con cola,PopFront,100,26,49
lista,DLL con cola,PopFront,100,27,48
lista,DLL con cola,PopFront,100,28,48
lista,DLL con cola,PopFront,100,29,48
lista,DLL con cola,PopFront,100,30,48
lista,DLL con cola,PopFront,100,31,49
lista,DLL con cola,PopFront,100,32,48
lista,DLL con cola,PopFront,100,33,51
lista,DLL con cola,PopFront,100,34,50
lista,DLL con cola,PopFront,100,35,50
lista,DLL con cola,PopFront,100,36,50
lista,DLL con cola,PopFront,100,37,49
lista,DLL con cola,PopFront,100,38,51
lista,DLL con cola,PopFront,100,39,48
lista,DLL con cola,PopFront,100,40,48
lista,DLL con cola,PopFront,100,41,49
lista,DLL con cola,PopFront,100,42,50
lista,DLL con cola,PopFront,100,43,50
lista,DLL con cola,PopFront,100,44,50
lista,DLL con cola,PopFront,100,45,50
lista,DLL con cola,PopFront,100,46,50
lista,DLL con cola,PopFront,100,47,49
lista,DLL con cola,PopFront,100,48,51
lista,DLL con cola,PopFront,100,49,48
lista,DLL con cola,PopBack,100,0,49
lista,DLL con cola,PopBack,100,1,49
lista,DLL con cola,PopBack,100,2,49
lista,DLL con cola,PopBack,100,3,50
lista,DLL con cola,PopBack,100,4,50
lista,DLL con cola,PopBack,100,5,49
lista,DLL con cola,PopBack,100,6,49
lista,DLL con cola,PopBack,100,7,49
lista,DLL con cola,PopBack,100,8,50
lista,DLL con cola,PopBack,100,9,50
lista,DLL con cola,PopBack,100,10,50
lista,DLL con cola,PopBack,100,11,49
lista,DLL con cola,PopBack,100,12,49
lista,DLL con cola,PopBack,100,13,50
lista,DLL con cola,PopBack,100,14,50
lista,DLL con cola,PopBack,100,15,49
lista,DLL con cola,PopBack,100,16,49
lista,DLL con cola,PopBack,100,17,49
lista,DLL con cola,PopBack,100,18,49
lista,DLL con cola,PopBack,100,19,49
lista,DLL con cola,PopBack,100,20,48
lista,DLL con cola,PopBack,100,21,49
lista,DLL con cola,PopBack,100,22,51
lista,DLL con cola,PopBack,100,23,49
lista,DLL con cola,PopBack,100,24,48
lista,DLL con cola,PopBack,100,25,48
lista,DLL con cola,PopBack,100,26,47
lista,DLL con cola,PopBack,100,27,48
lista,DLL con cola,PopBack,100,28,48
lista,DLL con cola,PopBack,100,29,49
lista,DLL con cola,PopBack,100,30,48
lista,DLL con cola,PopBack,100,31,48
lista,DLL con cola,PopBack,100,32,47
lista,DLL con cola,PopBack,100,33,48
lista,DLL con cola,PopBack,100,34,48
lista,DLL con cola,PopBack,100,35,48
lista,DLL con cola,PopBack,100,36,48
lista,DLL con cola,PopBack,100,37,49
lista,DLL con cola,PopBack,100,38,49
lista,DLL con cola,PopBack,100,39,54
lista,DLL con cola,PopBack,100,40,50
lista,DLL con cola,PopBack,100,41,49
lista,DLL con cola,PopBack,100,42,49
lista,DLL con cola,PopBack,100,43,49
lista,DLL con cola,PopBack,100,44,49
lista,DLL con cola,PopBack,100,45,49
lista,DLL con cola,PopBack,100,46,49
lista,DLL con cola,PopBack,100,47,49
lista,DLL con cola,PopBack,100,48,50
lista,DLL con cola,PopBack,100,49,49
lista,DLL con cola,TopFront,100,0,52
lista,DLL con cola,TopFront,100,1,73
lista,DLL con cola,TopFront,100,2,52
lista,DLL con cola,TopFront,100,3,51
lista,DLL con cola,TopFront,100,4,51
lista,DLL con cola,TopFront,100,5,52
lista,DLL con cola,TopFront,100,6,54
lista,DLL con cola,TopFront,100,7,53
lista,DLL con cola,TopFront,100,8,52
lista,DLL con cola,TopFront,100,9,52
lista,DLL con cola,TopFront,100,10,51
lista,DLL con cola,TopFront,100,11,51
lista,DLL con cola,TopFront,100,12,52
lista,DLL con cola,TopFront,100,13,52
lista,DLL con cola,TopFront,100,14,52
lista,DLL con cola,TopFront,100,15,53
lista,DLL con cola,TopFront,100,16,52
lista,DLL con cola,TopFront,100,17,51
lista,DLL con cola,TopFront,100,18,52
lista,DLL con cola,TopFront,100,19,52
lista,DLL con cola,TopFront,100,20,52
lista,DLL con cola,TopFront,100,21,53
lista,DLL con cola,TopFront,100,22,51
lista,DLL con cola,TopFront,100,23,52
lista,DLL con cola,TopFront,100,24,52
lista,DLL con cola,TopFront,100,25,51
lista,DLL con cola,TopFront,100,26,53
lista,DLL con cola,TopFront,100,27,53
lista,DLL con cola,TopFront,100,28,51
lista,DLL con cola,TopFront,100,29,52
lista,DLL con cola,TopFront,100,30,52
lista,DLL con cola,TopFront,100,31,53
lista,DLL con cola,TopFront,100,32,52
lista,DLL con cola,TopFront,100,33,52
lista,DLL con cola,TopFront,100,34,51
lista,DLL con cola,TopFront,100,35,52
lista,DLL con cola,TopFront,100,36,52
lista,DLL con cola,TopFront,100,37,53
lista,DLL con cola,TopFront,100,38,52
lista,DLL con cola,TopFront,100,39,51
lista,DLL con cola,TopFront,100,40,52
lista,DLL con cola,TopFront,100,41,53
lista,DLL con cola,TopFront,100,42,52
lista,DLL con cola,TopFront,100,43,52
lista,DLL con cola,TopFront,100,44,51
lista,DLL con cola,TopFront,100,45,52
lista,DLL con cola,TopFront,100,46,53
lista,DLL con cola,TopFront,100,47,52
lista,DLL con cola,TopFront,100,48,52
lista,DLL con cola,TopFront,100,49,52
lista,DLL con cola,TopBack,100,0,52
lista,DLL con cola,TopBack,100,1,72
lista,DLL con cola,TopBack,100,2,52
lista,DLL con cola,TopBack,100,3,52
lista,DLL con cola,TopBack,100,4,53
lista,DLL con cola,TopBack,100,5,52
lista,DLL con cola,TopBack,100,6,52
lista,DLL con cola,TopBack,100,7,51
lista,DLL con cola,TopBack,100,8,52
lista,DLL con cola,TopBack,100,9,52
lista,DLL con cola,TopBack,100,10,52
lista,DLL con cola,TopBack,100,11,52
lista,DLL con cola,TopBack,100,12,52
lista,DLL con cola,TopBack,100,13,51
lista,DLL con cola,TopBack,100,14,52
lista,DLL con cola,TopBack,100,15,52
lista,DLL con cola,TopBack,100,16,52
lista,DLL con cola,TopBack,100,17,53
lista,DLL con cola,TopBack,100,18,52
lista,DLL con cola,TopBack,100,19,51
lista,DLL con cola,TopBack,100,20,51
lista,DLL con cola,TopBack,100,21,53
lista,DLL con cola,TopBack,100,22,53
lista,DLL con cola,TopBack,100,23,52
lista,DLL con cola,TopBack,100,24,52
lista,DLL con cola,TopBack,100,25,52
lista,DLL con cola,TopBack,100,26,51
lista,DLL con cola,TopBack,100,27,53
lista,DLL con cola,TopBack,100,28,53
lista,DLL con cola,TopBack,100,29,51
lista,DLL con cola,TopBack,100,30,51
lista,DLL con cola,TopBack,100,31,52
lista,DLL con cola,TopBack,100,32,51
lista,DLL con cola,TopBack,100,33,53
lista,DLL con cola,TopBack,100,34,52
lista,DLL con cola,TopBack,100,35,52
lista,DLL con cola,TopBack,100,36,52
lista,DLL con cola,TopBack,100,37,52
lista,DLL con cola,TopBack,100,38,51
lista,DLL con cola,TopBack,100,39,53
lista,DLL con cola,TopBack,100,40,52
lista,DLL con cola,TopBack,100,41,52
lista,DLL con cola,TopBack,100,42,52
lista,DLL con cola,TopBack,100,43,52
lista,DLL con cola,TopBack,100,44,52
lista,DLL con cola,TopBack,100,45,53
lista,DLL con cola,TopBack,100,46,52
lista,DLL con cola,TopBack,100,47,51
lista,DLL con cola,TopBack,100,48,53
lista,DLL con cola,TopBack,100,49,51
lista,DLL con cola,Find,100,0,334
lista,DLL con cola,Find,100,1,356
lista,DLL con cola,Find,100,2,330
lista,DLL con cola,Find,100,3,327
lista,DLL con cola,Find,100,4,331
lista,DLL con cola,Find,100,5,327
lista,DLL con cola,Find,100,6,330
lista,DLL con cola,Find,100,7,328
lista,DLL con cola,Find,100,8,327
lista,DLL con cola,Find,100,9,329
lista,DLL con cola,Find,100,10,327
lista,DLL con cola,Find,100,11,327
lista,DLL con cola,Find,100,12,331
lista,DLL con cola,Find,100,13,330
lista,DLL con cola,Find,100,14,331
lista,DLL con cola,Find,100,15,329
lista,DLL con cola,Find,100,16,329
lista,DLL con cola,Find,100,17,328
lista,DLL con cola,Find,100,18,327
lista,DLL con cola,Find,100,19,328
lista,DLL con cola,Find,100,20,332
lista,DLL con cola,Find,100,21,329
lista,DLL con cola,Find,100,22,328
lista,DLL con cola,Find,100,23,329
lista,DLL con cola,Find,100,24,329
lista,DLL con cola,Find,100,25,327
lista,DLL con cola,Find,100,26,328
lista,DLL con cola,Find,100,27,326
lista,DLL con cola,Find,100,28,328
lista,DLL con cola,Find,100,29,326
lista,DLL con cola,Find,100,30,328
lista,DLL con cola,Find,100,31,330
lista,DLL con cola,Find,100,32,328
lista,DLL con cola,Find,100,33,325
lista,DLL con cola,Find,100,34,327
lista,DLL con cola,Find,100,35,396
lista,DLL con cola,Find,100,36,330
lista,DLL con cola,Find,100,37,330
lista,DLL con cola,Find,100,38,329
lista,DLL con cola,Find,100,39,328
lista,DLL con cola,Find,100,40,331
lista,DLL con cola,Find,100,41,327
lista,DLL con cola,Find,100,42,330
lista,DLL con cola,Find,100,43,330
lista,DLL con cola,Find,100,44,328
lista,DLL con cola,Find,100,45,326
lista,DLL con cola,Find,100,46,329
lista,DLL con cola,Find,100,47,329
lista,DLL con cola,Find,100,48,331
lista,DLL con cola,Find,100,49,324
lista,DLL con cola,Erase,100,0,403
lista,DLL con cola,Erase,100,1,399
lista,DLL con cola,Erase,100,2,402
lista,DLL con cola,Erase,100,3,402
lista,DLL con cola,Erase,100,4,400
lista,DLL con cola,Erase,100,5,401
lista,DLL con cola,Erase,100,6,400
lista,DLL con cola,Erase,100,7,401
lista,DLL con cola,Erase,100,8,401
lista,DLL con cola,Erase,100,9,436
lista,DLL con cola,Erase,100,10,403
lista,DLL con cola,Erase,100,11,397
lista,DLL con cola,Erase,100,12,403
lista,DLL con cola,Erase,100,13,400
lista,DLL con cola,Erase,100,14,400
lista,DLL con cola,Erase,100,15,396
lista,DLL con cola,Erase,100,16,402
lista,DLL con cola,Erase,100,17,398
lista,DLL con cola,Erase,100,18,397
lista,DLL con cola,Erase,100,19,397
lista,DLL con cola,Erase,100,20,398
lista,DLL con cola,Erase,100,21,395
lista,DLL con cola,Erase,100,22,399
lista,DLL con cola,Erase,100,23,400
lista,DLL con cola,Erase,100,24,398
lista,DLL con cola,Erase,100,25,398
lista,DLL con cola,Erase,100,26,396
lista,DLL con cola,Erase,100,27,399
lista,DLL con cola,Erase,100,28,398
lista,DLL con cola,Erase,100,29,398
lista,DLL con cola,Erase,100,30,399
lista,DLL con cola,Erase,100,31,398
lista,DLL con cola,Erase,100,32,396
lista,DLL con cola,Erase,100,33,396
lista,DLL con cola,Erase,100,34,401
lista,DLL con cola,Erase,100,35,403
lista,DLL con cola,Erase,100,36,400
lista,DLL con cola,Erase,100,37,401
lista,DLL con cola,Erase,100,38,397
lista,DLL con cola,Erase,100,39,398
lista,DLL con cola,Erase,100,40,398
lista,DLL con cola,Erase,100,41,396
lista,DLL con cola,Erase,100,42,403
lista,DLL con cola,Erase,100,43,404
lista,DLL con cola,Erase,100,44,404
lista,DLL con cola,Erase,100,45,399
lista,DLL con cola,Erase,100,46,398
lista,DLL con cola,Erase,100,47,399
lista,DLL con cola,Erase,100,48,397
lista,DLL con cola,Erase,100,49,400
lista,DLL con cola,AddBefore,100,0,102
lista,DLL con cola,AddBefore,100,1,99
lista,DLL con cola,AddBefore,100,2,101
lista,DLL con cola,AddBefore,100,3,100
lista,DLL con cola,AddBefore,100,4,102
lista,DLL con cola,AddBefore,100,5,100
lista,DLL con cola,AddBefore,100,6,98
lista,DLL con cola,AddBefore,100,7,98
lista,DLL con cola,AddBefore,100,8,96
lista,DLL con cola,AddBefore,100,9,97
lista,DLL con cola,AddBefore,100,10,98
lista,DLL con cola,AddBefore,100,11,98
lista,DLL con cola,AddBefore,100,12,95
lista,DLL con cola,AddBefore,100,13,96
lista,DLL con cola,AddBefore,100,14,96
lista,DLL con cola,AddBefore,100,15,98
lista,DLL con cola,AddBefore,100,16,98
lista,DLL con cola,AddBefore,100,17,99
lista,DLL con cola,AddBefore,100,18,97
lista,DLL con cola,AddBefore,100,19,97
lista,DLL con cola,AddBefore,100,20,98
lista,DLL con cola,AddBefore,100,21,98
lista,DLL con cola,AddBefore,100,22,98
lista,DLL con cola,AddBefore,100,23,96
lista,DLL con cola,AddBefore,100,24,98
lista,DLL con cola,AddBefore,100,25,95
lista,DLL con cola,AddBefore,100,26,222
lista,DLL con cola,AddBefore,100,27,98
lista,DLL con cola,AddBefore,100,28,97
lista,DLL con cola,AddBefore,100,29,99
lista,DLL con cola,AddBefore,100,30,96
lista,DLL con cola,AddBefore,100,31,97
lista,DLL con cola,AddBefore,100,32,98
lista,DLL con cola,AddBefore,100,33,97
lista,DLL con cola,AddBefore,100,34,98
lista,DLL con cola,AddBefore,100,35,97
lista,DLL con cola,AddBefore,100,36,97
lista,DLL con cola,AddBefore,100,37,99
lista,DLL con cola,AddBefore,100,38,95
lista,DLL con cola,AddBefore,100,39,99
lista,DLL con cola,AddBefore,100,40,96
lista,DLL con cola,AddBefore,100,41,95
lista,DLL con cola,AddBefore,100,42,99
lista,DLL con cola,AddBefore,100,43,97
lista,DLL con cola,AddBefore,100,44,98
lista,DLL con cola,AddBefore,100,45,99
lista,DLL con cola,AddBefore,100,46,97
lista,DLL con cola,AddBefore,100,47,96
lista,DLL con cola,AddBefore,100,48,97
lista,DLL con cola,AddBefore,100,49,98
lista,DLL con cola,AddAfter,100,0,121
lista,DLL con cola,AddAfter,100,1,121
lista,DLL con cola,AddAfter,100,2,119
lista,DLL con cola,AddAfter,100,3,119
lista,DLL con cola,AddAfter,100,4,118
lista,DLL con cola,AddAfter,100,5,116
lista,DLL con cola,AddAfter,100,6,120
lista,DLL con cola,AddAfter,100,7,119
lista,DLL con cola,AddAfter,100,8,118
lista,DLL con cola,AddAfter,100,9,117
lista,DLL con cola,AddAfter,100,10,138
lista,DLL con cola,AddAfter,100,11,117
lista,DLL con cola,AddAfter,100,12,116
lista,DLL con cola,AddAfter,100,13,116
lista,DLL con cola,AddAfter,100,14,118
lista,DLL con cola,AddAfter,100,15,119
lista,DLL con cola,AddAfter,100,16,116
lista,DLL con cola,AddAfter,100,17,117
lista,DLL con cola,AddAfter,100,18,117
lista,DLL con cola,AddAfter,100,19,118
lista,DLL con cola,AddAfter,100,20,116
lista,DLL con cola,AddAfter,100,21,119
lista,DLL con cola,AddAfter,100,22,117
lista,DLL con cola,AddAfter,100,23,119
lista,DLL con cola,AddAfter,100,24,116
lista,DLL con cola,AddAfter,100,25,120
lista,DLL con cola,AddAfter,100,26,118
lista,DLL con cola,AddAfter,100,27,119
lista,DLL con cola,AddAfter,100,28,118
lista,DLL con cola,AddAfter,100,29,118
lista,DLL con cola,AddAfter,100,30,116
lista,DLL con cola,AddAfter,100,31,115
lista,DLL con cola,AddAfter,100,32,117
lista,DLL con cola,AddAfter,100,33,117
lista,DLL con cola,AddAfter,100,34,116
lista,DLL con cola,AddAfter,100,35,119
lista,DLL con cola,AddAfter,100,36,120
lista,DLL con cola,AddAfter,100,37,117
lista,DLL con cola,AddAfter,100,38,117
lista,DLL con cola,AddAfter,100,39,117
lista,DLL con cola,AddAfter,100,40,118
lista,DLL con cola,AddAfter,100,41,118
lista,DLL con cola,AddAfter,100,42,117
lista,DLL con cola,AddAfter,100,43,117
lista,DLL con cola,AddAfter,100,44,115
lista,DLL con cola,AddAfter,100,45,118
lista,DLL con cola,AddAfter,100,46,118
lista,DLL con cola,AddAfter,100,47,117
lista,DLL con cola,AddAfter,100,48,119
lista,DLL con cola,AddAfter,100,49,117
lista,DLL con cola,Empty,100,0,77
lista,DLL con cola,Empty,100,1,96
lista,DLL con cola,Empty,100,2,77
lista,DLL con cola,Empty,100,3,75
lista,DLL con cola,Empty,100,4,76
lista,DLL con cola,Empty,100,5,75
lista,DLL con cola,Empty,100,6,76
lista,DLL con cola,Empty,100,7,76
lista,DLL con cola,Empty,100,8,76
lista,DLL con cola,Empty,100,9,76
lista,DLL con cola,Empty,100,10,76
lista,DLL con cola,Empty,100,11,76
lista,DLL con cola,Empty,100,12,76
lista,DLL con cola,Empty,100,13,77
lista,DLL con cola,Empty,100,14,77
lista,DLL con cola,Empty,100,15,76
lista,DLL con cola,Empty,100,16,76
lista,DLL con cola,Empty,100,17,75
lista,DLL con cola,Empty,100,18,76
lista,DLL con cola,Empty,100,19,77
lista,DLL con cola,Empty,100,20,76
lista,DLL con cola,Empty,100,21,75
lista,DLL con cola,Empty,100,22,77
lista,DLL con cola,Empty,100,23,76
lista,DLL con cola,Empty,100,24,76
lista,DLL con cola,Empty,100,25,77
lista,DLL con cola,Empty,100,26,76
lista,DLL con cola,Empty,100,27,75
lista,DLL con cola,Empty,100,28,76
lista,DLL con cola,Empty,100,29,76
lista,DLL con cola,Empty,100,30,77
lista,DLL con cola,Empty,100,31,76
lista,DLL con cola,Empty,100,32,77
lista,DLL con cola,Empty,100,33,76
lista,DLL con cola,Empty,100,34,77
lista,DLL con cola,Empty,100,35,76
lista,DLL con cola,Empty,100,36,76
lista,DLL con cola,Empty,100,37,74
lista,DLL con cola,Empty,100,38,76
lista,DLL con cola,Empty,100,39,76
lista,DLL con cola,Empty,100,40,77
lista,DLL con cola,Empty,100,41,76
lista,DLL con cola,Empty,100,42,77
lista,DLL con cola,Empty,100,43,76
lista,DLL con cola,Empty,100,44,76
lista,DLL con cola,Empty,100,45,75
lista,DLL con cola,Empty,100,46,75
lista,DLL con cola,Empty,100,47,76
lista,DLL con cola,Empty,100,48,76
lista,DLL con cola,Empty,100,49,76
lista,DLL con cola,Size,100,0,53
lista,DLL con cola,Size,100,1,70
lista,DLL con cola,Size,100,2,54
lista,DLL con cola,Size,100,3,53
lista,DLL con cola,Size,100,4,52
lista,DLL con cola,Size,100,5,53
lista,DLL con cola,Size,100,6,52
lista,DLL con cola,Size,100,7,53
lista,DLL con cola,Size,100,8,53
lista,DLL con cola,Size,100,9,54
lista,DLL con cola,Size,100,10,53
lista,DLL con cola,Size,100,11,53
lista,DLL con cola,Size,100,12,52
lista,DLL con cola,Size,100,13,53
lista,DLL con cola,Size,100,14,53
lista,DLL con cola,Size,100,15,53
lista,DLL con cola,Size,100,16,54
lista,DLL con cola,Size,100,17,54
lista,DLL con cola,Size,100,18,54
lista,DLL con cola,Size,100,19,53
lista,DLL con cola,Size,100,20,52
lista,DLL con cola,Size,100,21,53
lista,DLL con cola,Size,100,22,52
lista,DLL con cola,Size,100,23,54
lista,DLL con cola,Size,100,24,53
lista,DLL con cola,Size,100,25,53
lista,DLL con cola,Size,100,26,53
lista,DLL con cola,Size,100,27,53
lista,DLL con cola,Size,100,28,52
lista,DLL con cola,Size,100,29,53
lista,DLL con cola,Size,100,30,51
lista,DLL con cola,Size,100,31,55
lista,DLL con cola,Size,100,32,54
lista,DLL con cola,Size,100,33,53
lista,DLL con cola,Size,100,34,52
lista,DLL con cola,Size,100,35,53
lista,DLL con cola,Size,100,36,52
lista,DLL con cola,Size,100,37,52
lista,DLL con cola,Size,100,38,53
lista,DLL con cola,Size,100,39,54
lista,DLL con cola,Size,100,40,53
lista,DLL con cola,Size,100,41,53
lista,DLL con cola,Size,100,42,52
lista,DLL con cola,Size,100,43,52
lista,DLL con cola,Size,100,44,52
lista,DLL con cola,Size,100,45,54
lista,DLL con cola,Size,100,46,54
lista,DLL con cola,Size,100,47,54
lista,DLL con cola,Size,100,48,53
lista,DLL con cola,Size,100,49,52
pilacola,ArrayStack,Push,100,0,42
pilacola,ArrayStack,Push,100,1,42
pilacola,ArrayStack,Push,100,2,43
pilacola,ArrayStack,Push,100,3,43
pilacola,ArrayStack,Push,100,4,43
pilacola,ArrayStack,Push,100,5,42
pilacola,ArrayStack,Push,100,6,43
pilacola,ArrayStack,Push,100,7,44
pilacola,ArrayStack,Push,100,8,43
pilacola,ArrayStack,Push,100,9,43
pilacola,ArrayStack,Push,100,10,42
pilacola,ArrayStack,Push,100,11,43
pilacola,ArrayStack,Push,100,12,43
pilacola,ArrayStack,Push,100,13,42
pilacola,ArrayStack,Push,100,14,43
pilacola,ArrayStack,Push,100,15,42
pilacola,ArrayStack,Push,100,16,43
pilacola,ArrayStack,Push,100,17,43
pilacola,ArrayStack,Push,100,18,42
pilacola,ArrayStack,Push,100,19,43
pilacola,ArrayStack,Push,100,20,43
pilacola,ArrayStack,Push,100,21,42
pilacola,ArrayStack,Push,100,22,43
pilacola,ArrayStack,Push,100,23,42
pilacola,ArrayStack,Push,100,24,43
pilacola,ArrayStack,Push,100,25,43
pilacola,ArrayStack,Push,100,26,42
pilacola,ArrayStack,Push,100,27,42
pilacola,ArrayStack,Push,100,28,42
pilacola,ArrayStack,Push,100,29,43
pilacola,ArrayStack,Push,100,30,42
pilacola,ArrayStack,Push,100,31,43
pilacola,ArrayStack,Push,100,32,42
pilacola,ArrayStack,Push,100,33,43
pilacola,ArrayStack,Push,100,34,41
pilacola,ArrayStack,Push,100,35,43
pilacola,ArrayStack,Push,100,36,42
pilacola,ArrayStack,Push,100,37,43
pilacola,ArrayStack,Push,100,38,42
pilacola,ArrayStack,Push,100,39,42
pilacola,ArrayStack,Push,100,40,43
pilacola,ArrayStack,Push,100,41,43
pilacola,ArrayStack,Push,100,42,41
pilacola,ArrayStack,Push,100,43,42
pilacola,ArrayStack,Push,100,44,43
pilacola,ArrayStack,Push,100,45,42
pilacola,ArrayStack,Push,100,46,43
pilacola,ArrayStack,Push,100,47,43
pilacola,ArrayStack,Push,100,48,42
pilacola,ArrayStack,Push,100,49,43
pilacola,ArrayStack,Pop,100,0,95
pilacola,ArrayStack,Pop,100,1,95
pilacola,ArrayStack,Pop,100,2,95
pilacola,ArrayStack,Pop,100,3,95
pilacola,ArrayStack,Pop,100,4,95
pilacola,ArrayStack,Pop,100,5,95
pilacola,ArrayStack,Pop,100,6,96
pilacola,ArrayStack,Pop,100,7,95
pilacola,ArrayStack,Pop,100,8,94
pilacola,ArrayStack,Pop,100,9,94
pilacola,ArrayStack,Pop,100,10,93
pilacola,ArrayStack,Pop,100,11,95
pilacola,ArrayStack,Pop,100,12,93
pilacola,ArrayStack,Pop,100,13,93
pilacola,ArrayStack,Pop,100,14,94
pilacola,ArrayStack,Pop,100,15,92
pilacola,ArrayStack,Pop,100,16,91
pilacola,ArrayStack,Pop,100,17,92
pilacola,ArrayStack,Pop,100,18,91
pilacola,ArrayStack,Pop,100,19,91
pilacola,ArrayStack,Pop,100,20,91
pilacola,ArrayStack,Pop,100,21,94
pilacola,ArrayStack,Pop,100,22,92
pilacola,ArrayStack,Pop,100,23,93
pilacola,ArrayStack,Pop,100,24,92
pilacola,ArrayStack,Pop,100,25,92
pilacola,ArrayStack,Pop,100,26,93
pilacola,ArrayStack,Pop,100,27,94
pilacola,ArrayStack,Pop,100,28,91
pilacola,ArrayStack,Pop,100,29,93
pilacola,ArrayStack,Pop,100,30,94
pilacola,ArrayStack,Pop,100,31,91
pilacola,ArrayStack,Pop,100,32,93
pilacola,ArrayStack,Pop,100,33,92
pilacola,ArrayStack,Pop,100,34,93
pilacola,ArrayStack,Pop,100,35,92
pilacola,ArrayStack,Pop,100,36,93
pilacola,ArrayStack,Pop,100,37,94
pilacola,ArrayStack,Pop,100,38,92
pilacola,ArrayStack,Pop,100,39,92
pilacola,ArrayStack,Pop,100,40,92
pilacola,ArrayStack,Pop,100,41,93
pilacola,ArrayStack,Pop,100,42,93
pilacola,ArrayStack,Pop,100,43,93
pilacola,ArrayStack,Pop,100,44,91
pilacola,ArrayStack,Pop,100,45,93
pilacola,ArrayStack,Pop,100,46,91
pilacola,ArrayStack,Pop,100,47,93
pilacola,ArrayStack,Pop,100,48,93
pilacola,ArrayStack,Pop,100,49,93
pilacola,ArrayStack,Peek,100,0,163
pilacola,ArrayStack,Peek,100,1,171
pilacola,ArrayStack,Peek,100,2,168
pilacola,ArrayStack,Peek,100,3,160
pilacola,ArrayStack,Peek,100,4,160
pilacola,ArrayStack,Peek,100,5,160
pilacola,ArrayStack,Peek,100,6,161
pilacola,ArrayStack,Peek,100,7,161
pilacola,ArrayStack,Peek,100,8,160
pilacola,ArrayStack,Peek,100,9,161
pilacola,ArrayStack,Peek,100,10,160
pilacola,ArrayStack,Peek,100,11,160
pilacola,ArrayStack,Peek,100,12,164
pilacola,ArrayStack,Peek,100,13,160
pilacola,ArrayStack,Peek,100,14,161
pilacola,ArrayStack,Peek,100,15,161
pilacola,ArrayStack,Peek,100,16,162
pilacola,ArrayStack,Peek,100,17,163
pilacola,ArrayStack,Peek,100,18,164
pilacola,ArrayStack,Peek,100,19,161
pilacola,ArrayStack,Peek,100,20,160
pilacola,ArrayStack,Peek,100,21,161
pilacola,ArrayStack,Peek,100,22,161
pilacola,ArrayStack,Peek,100,23,160
pilacola,ArrayStack,Peek,100,24,161
pilacola,ArrayStack,Peek,100,25,160
pilacola,ArrayStack,Peek,100,26,160
pilacola,ArrayStack,Peek,100,27,161
pilacola,ArrayStack,Peek,100,28,162
pilacola,ArrayStack,Peek,100,29,160
pilacola,ArrayStack,Peek,100,30,161
pilacola,ArrayStack,Peek,100,31,161
pilacola,ArrayStack,Peek,100,32,160
pilacola,ArrayStack,Peek,100,33,162
pilacola,ArrayStack,Peek,100,34,160
pilacola,ArrayStack,Peek,100,35,160
pilacola,ArrayStack,Peek,100,36,160
pilacola,ArrayStack,Peek,100,37,165
pilacola,ArrayStack,Peek,100,38,162
pilacola,ArrayStack,Peek,100,39,163
pilacola,ArrayStack,Peek,100,40,160
pilacola,ArrayStack,Peek,100,41,161
pilacola,ArrayStack,Peek,100,42,160
pilacola,ArrayStack,Peek,100,43,163
pilacola,ArrayStack,Peek,100,44,159
pilacola,ArrayStack,Peek,100,45,162
pilacola,ArrayStack,Peek,100,46,161
pilacola,ArrayStack,Peek,100,47,160
pilacola,ArrayStack,Peek,100,48,162
pilacola,ArrayStack,Peek,100,49,163
pilacola,ArrayStack,IsEmpty,100,0,141
pilacola,ArrayStack,IsEmpty,100,1,141
pilacola,ArrayStack,IsEmpty,100,2,141
pilacola,ArrayStack,IsEmpty,100,3,140
pilacola,ArrayStack,IsEmpty,100,4,138
pilacola,ArrayStack,IsEmpty,100,5,141
pilacola,ArrayStack,IsEmpty,100,6,140
pilacola,ArrayStack,IsEmpty,100,7,141
pilacola,ArrayStack,IsEmpty,100,8,142
pilacola,ArrayStack,IsEmpty,100,9,141
pilacola,ArrayStack,IsEmpty,100,10,141
pilacola,ArrayStack,IsEmpty,100,11,141
pilacola,ArrayStack,IsEmpty,100,12,142
pilacola,ArrayStack,IsEmpty,100,13,142
pilacola,ArrayStack,IsEmpty,100,14,141
pilacola,ArrayStack,IsEmpty,100,15,141
pilacola,ArrayStack,IsEmpty,100,16,142
pilacola,ArrayStack,IsEmpty,100,17,141
pilacola,ArrayStack,IsEmpty,100,18,140
pilacola,ArrayStack,IsEmpty,100,19,141
pilacola,ArrayStack,IsEmpty,100,20,141
pilacola,ArrayStack,IsEmpty,100,21,140
pilacola,ArrayStack,IsEmpty,100,22,141
pilacola,ArrayStack,IsEmpty,100,23,141
pilacola,ArrayStack,IsEmpty,100,24,141
pilacola,ArrayStack,IsEmpty,100,25,141
pilacola,ArrayStack,IsEmpty,100,26,141
pilacola,ArrayStack,IsEmpty,100,27,141
pilacola,ArrayStack,IsEmpty,100,28,141
pilacola,ArrayStack,IsEmpty,100,29,141
pilacola,ArrayStack,IsEmpty,100,30,140
pilacola,ArrayStack,IsEmpty,100,31,142
pilacola,ArrayStack,IsEmpty,100,32,141
pilacola,ArrayStack,IsEmpty,100,33,142
pilacola,ArrayStack,IsEmpty,100,34,142
pilacola,ArrayStack,IsEmpty,100,35,143
pilacola,ArrayStack,IsEmpty,100,36,140
pilacola,ArrayStack,IsEmpty,100,37,140
pilacola,ArrayStack,IsEmpty,100,38,141
pilacola,ArrayStack,IsEmpty,100,39,140
pilacola,ArrayStack,IsEmpty,100,40,141
pilacola,ArrayStack,IsEmpty,100,41,141
pilacola,ArrayStack,IsEmpty,100,42,142
pilacola,ArrayStack,IsEmpty,100,43,141
pilacola,ArrayStack,IsEmpty,100,44,140
pilacola,ArrayStack,IsEmpty,100,45,140
pilacola,ArrayStack,IsEmpty,100,46,139
pilacola,ArrayStack,IsEmpty,100,47,141
pilacola,ArrayStack,IsEmpty,100,48,141
pilacola,ArrayStack,IsEmpty,100,49,141
pilacola,ArrayStack,Size,100,0,144
pilacola,ArrayStack,Size,100,1,140
pilacola,ArrayStack,Size,100,2,140
pilacola,ArrayStack,Size,100,3,141
pilacola,ArrayStack,Size,100,4,142
pilacola,ArrayStack,Size,100,5,141
pilacola,ArrayStack,Size,100,6,142
pilacola,ArrayStack,Size,100,7,140
pilacola,ArrayStack,Size,100,8,142
pilacola,ArrayStack,Size,100,9,140
pilacola,ArrayStack,Size,100,10,141
pilacola,ArrayStack,Size,100,11,140
pilacola,ArrayStack,Size,100,12,141
pilacola,ArrayStack,Size,100,13,140
pilacola,ArrayStack,Size,100,14,141
pilacola,ArrayStack,Size,100,15,140
pilacola,ArrayStack,Size,100,16,139
pilacola,ArrayStack,Size,100,17,143
pilacola,ArrayStack,Size,100,18,141
pilacola,ArrayStack,Size,100,19,140
pilacola,ArrayStack,Size,100,20,140
pilacola,ArrayStack,Size,100,21,141
pilacola,ArrayStack,Size,100,22,140
pilacola,ArrayStack,Size,100,23,141
pilacola,ArrayStack,Size,100,24,140
pilacola,ArrayStack,Size,100,25,141
pilacola,ArrayStack,Size,100,26,141
pilacola,ArrayStack,Size,100,27,142
pilacola,ArrayStack,Size,100,28,141
pilacola,ArrayStack,Size,100,29,141
pilacola,ArrayStack,Size,100,30,141
pilacola,ArrayStack,Size,100,31,141
pilacola,ArrayStack,Size,100,32,141
pilacola,ArrayStack,Size,100,33,142
pilacola,ArrayStack,Size,100,34,142
pilacola,ArrayStack,Size,100,35,141
pilacola,ArrayStack,Size,100,36,141
pilacola,ArrayStack,Size,100,37,141
pilacola,ArrayStack,Size,100,38,141
pilacola,ArrayStack,Size,100,39,141
pilacola,ArrayStack,Size,100,40,141
pilacola,ArrayStack,Size,100,41,141
pilacola,ArrayStack,Size,100,42,141
pilacola,ArrayStack,Size,100,43,141
pilacola,ArrayStack,Size,100,44,141
pilacola,ArrayStack,Size,100,45,142
pilacola,ArrayStack,Size,100,46,141
pilacola,ArrayStack,Size,100,47,140
pilacola,ArrayStack,Size,100,48,142
pilacola,ArrayStack,Size,100,49,141
pilacola,ArrayStack,Delete,100,0,608
pilacola,ArrayStack,Delete,100,1,578
pilacola,ArrayStack,Delete,100,2,577
pilacola,ArrayStack,Delete,100,3,579
pilacola,ArrayStack,Delete,100,4,578
pilacola,ArrayStack,Delete,100,5,580
pilacola,ArrayStack,Delete,100,6,1237
pilacola,ArrayStack,Delete,100,7,673
pilacola,ArrayStack,Delete,100,8,595
pilacola,ArrayStack,Delete,100,9,647
pilacola,ArrayStack,Delete,100,10,600
pilacola,ArrayStack,Delete,100,11,673
pilacola,ArrayStack,Delete,100,12,634
pilacola,ArrayStack,Delete,100,13,622
pilacola,ArrayStack,Delete,100,14,589
pilacola,ArrayStack,Delete,100,15,583
pilacola,ArrayStack,Delete,100,16,578
pilacola,ArrayStack,Delete,100,17,572
pilacola,ArrayStack,Delete,100,18,583
pilacola,ArrayStack,Delete,100,19,734
pilacola,ArrayStack,Delete,100,20,765
pilacola,ArrayStack,Delete,100,21,582
pilacola,ArrayStack,Delete,100,22,577
pilacola,ArrayStack,Delete,100,23,577
pilacola,ArrayStack,Delete,100,24,572
pilacola,ArrayStack,Delete,100,25,577
pilacola,ArrayStack,Delete,100,26,573
pilacola,ArrayStack,Delete,100,27,704
pilacola,ArrayStack,Delete,100,28,574
pilacola,ArrayStack,Delete,100,29,582
pilacola,ArrayStack,Delete,100,30,574
pilacola,ArrayStack,Delete,100,31,575
pilacola,ArrayStack,Delete,100,32,15392
pilacola,ArrayStack,Delete,100,33,968
pilacola,ArrayStack,Delete,100,34,804
pilacola,ArrayStack,Delete,100,35,850
pilacola,ArrayStack,Delete,100,36,710
pilacola,ArrayStack,Delete,100,37,702
pilacola,ArrayStack,Delete,100,38,673
pilacola,ArrayStack,Delete,100,39,586
pilacola,ArrayStack,Delete,100,40,686
pilacola,ArrayStack,Delete,100,41,721
pilacola,ArrayStack,Delete,100,42,581
pilacola,ArrayStack,Delete,100,43,696
pilacola,ArrayStack,Delete,100,44,753
pilacola,ArrayStack,Delete,100,45,590
pilacola,ArrayStack,Delete,100,46,575
pilacola,ArrayStack,Delete,100,47,782
pilacola,ArrayStack,Delete,100,48,574
pilacola,ArrayStack,Delete,100,49,586
pilacola,ArrayQueue,Enqueue,100,0,43
pilacola,ArrayQueue,Enqueue,100,1,44
pilacola,ArrayQueue,Enqueue,100,2,43
pilacola,ArrayQueue,Enqueue,100,3,43
pilacola,ArrayQueue,Enqueue,100,4,43
pilacola,ArrayQueue,Enqueue,100,5,43
pilacola,ArrayQueue,Enqueue,100,6,43
pilacola,ArrayQueue,Enqueue,100,7,41
pilacola,ArrayQueue,Enqueue,100,8,42
pilacola,ArrayQueue,Enqueue,100,9,42
pilacola,ArrayQueue,Enqueue,100,10,43
pilacola,ArrayQueue,Enqueue,100,11,43
pilacola,ArrayQueue,Enqueue,100,12,43
pilacola,ArrayQueue,Enqueue,100,13,42
pilacola,ArrayQueue,Enqueue,100,14,42
pilacola,ArrayQueue,Enqueue,100,15,41
pilacola,ArrayQueue,Enqueue,100,16,42
pilacola,ArrayQueue,Enqueue,100,17,42
pilacola,ArrayQueue,Enqueue,100,18,43
pilacola,ArrayQueue,Enqueue,100,19,43
pilacola,ArrayQueue,Enqueue,100,20,42
pilacola,ArrayQueue,Enqueue,100,21,42
pilacola,ArrayQueue,Enqueue,100,22,42
pilacola,ArrayQueue,Enqueue,100,23,58
pilacola,ArrayQueue,Enqueue,100,24,42
pilacola,ArrayQueue,Enqueue,100,25,42
pilacola,ArrayQueue,Enqueue,100,26,42
pilacola,ArrayQueue,Enqueue,100,27,42
pilacola,ArrayQueue,Enqueue,100,28,42
pilacola,ArrayQueue,Enqueue,100,29,43
pilacola,ArrayQueue,Enqueue,100,30,42
pilacola,ArrayQueue,Enqueue,100,31,42
pilacola,ArrayQueue,Enqueue,100,32,41
pilacola,ArrayQueue,Enqueue,100,33,41
pilacola,ArrayQueue,Enqueue,100,34,42
pilacola,ArrayQueue,Enqueue,100,35,41
pilacola,ArrayQueue,Enqueue,100,36,43
pilacola,ArrayQueue,Enqueue,100,37,41
pilacola,ArrayQueue,Enqueue,100,38,43
pilacola,ArrayQueue,Enqueue,100,39,43
pilacola,ArrayQueue,Enqueue,100,40,43
pilacola,ArrayQueue,Enqueue,100,41,42
pilacola,ArrayQueue,Enqueue,100,42,42
pilacola,ArrayQueue,Enqueue,100,43,42
pilacola,ArrayQueue,Enqueue,100,44,42
pilacola,ArrayQueue,Enqueue,100,45,42
pilacola,ArrayQueue,Enqueue,100,46,42
pilacola,ArrayQueue,Enqueue,100,47,40
pilacola,ArrayQueue,Enqueue,100,48,42
pilacola,ArrayQueue,Enqueue,100,49,42
pilacola,ArrayQueue,Dequeue,100,0,44
pilacola,ArrayQueue,Dequeue,100,1,45
pilacola,ArrayQueue,Dequeue,100,2,45
pilacola,ArrayQueue,Dequeue,100,3,46
pilacola,ArrayQueue,Dequeue,100,4,46
pilacola,ArrayQueue,Dequeue,100,5,45
pilacola,ArrayQueue,Dequeue,100,6,46
pilacola,ArrayQueue,Dequeue,100,7,45
pilacola,ArrayQueue,Dequeue,100,8,45
pilacola,ArrayQueue,Dequeue,100,9,44
pilacola,ArrayQueue,Dequeue,100,10,45
pilacola,ArrayQueue,Dequeue,100,11,44
pilacola,ArrayQueue,Dequeue,100,12,45
pilacola,ArrayQueue,Dequeue,100,13,44
pilacola,ArrayQueue,Dequeue,100,14,46
pilacola,ArrayQueue,Dequeue,100,15,45
pilacola,ArrayQueue,Dequeue,100,16,46
pilacola,ArrayQueue,Dequeue,100,17,46
pilacola,ArrayQueue,Dequeue,100,18,45
pilacola,ArrayQueue,Dequeue,100,19,46
pilacola,ArrayQueue,Dequeue,100,20,46
pilacola,ArrayQueue,Dequeue,100,21,46
pilacola,ArrayQueue,Dequeue,100,22,46
pilacola,ArrayQueue,Dequeue,100,23,46
pilacola,ArrayQueue,Dequeue,100,24,44
pilacola,ArrayQueue,Dequeue,100,25,45
pilacola,ArrayQueue,Dequeue,100,26,46
pilacola,ArrayQueue,Dequeue,100,27,46
pilacola,ArrayQueue,Dequeue,100,28,45
pilacola,ArrayQueue,Dequeue,100,29,45
pilacola,ArrayQueue,Dequeue,100,30,45
pilacola,ArrayQueue,Dequeue,100,31,45
pilacola,ArrayQueue,Dequeue,100,32,45
pilacola,ArrayQueue,Dequeue,100,33,45
pilacola,ArrayQueue,Dequeue,100,34,46
pilacola,ArrayQueue,Dequeue,100,35,45
pilacola,ArrayQueue,Dequeue,100,36,45
pilacola,ArrayQueue,Dequeue,100,37,45
pilacola,ArrayQueue,Dequeue,100,38,165
pilacola,ArrayQueue,Dequeue,100,39,45
pilacola,ArrayQueue,Dequeue,100,40,47
pilacola,ArrayQueue,Dequeue,100,41,45
pilacola,ArrayQueue,Dequeue,100,42,45
pilacola,ArrayQueue,Dequeue,100,43,44
pilacola,ArrayQueue,Dequeue,100,44,46
pilacola,ArrayQueue,Dequeue,100,45,46
pilacola,ArrayQueue,Dequeue,100,46,45
pilacola,ArrayQueue,Dequeue,100,47,46
pilacola,ArrayQueue,Dequeue,100,48,45
pilacola,ArrayQueue,Dequeue,100,49,45
pilacola,ArrayQueue,Front,100,0,50
pilacola,ArrayQueue,Front,100,1,52
pilacola,ArrayQueue,Front,100,2,52
pilacola,ArrayQueue,Front,100,3,51
pilacola,ArrayQueue,Front,100,4,52
pilacola,ArrayQueue,Front,100,5,51
pilacola,ArrayQueue,Front,100,6,52
pilacola,ArrayQueue,Front,100,7,53
pilacola,ArrayQueue,Front,100,8,52
pilacola,ArrayQueue,Front,100,9,51
pilacola,ArrayQueue,Front,100,10,52
pilacola,ArrayQueue,Front,100,11,52
pilacola,ArrayQueue,Front,100,12,51
pilacola,ArrayQueue,Front,100,13,49
pilacola,ArrayQueue,Front,100,14,51
pilacola,ArrayQueue,Front,100,15,52
pilacola,ArrayQueue,Front,100,16,53
pilacola,ArrayQueue,Front,100,17,51
pilacola,ArrayQueue,Front,100,18,52
pilacola,ArrayQueue,Front,100,19,51
pilacola,ArrayQueue,Front,100,20,51
pilacola,ArrayQueue,Front,100,21,51
pilacola,ArrayQueue,Front,100,22,51
pilacola,ArrayQueue,Front,100,23,51
pilacola,ArrayQueue,Front,100,24,52
pilacola,ArrayQueue,Front,100,25,52
pilacola,ArrayQueue,Front,100,26,52
pilacola,ArrayQueue,Front,100,27,51
pilacola,ArrayQueue,Front,100,28,50
pilacola,ArrayQueue,Front,100,29,52
pilacola,ArrayQueue,Front,100,30,52
pilacola,ArrayQueue,Front,100,31,51
pilacola,ArrayQueue,Front,100,32,51
pilacola,ArrayQueue,Front,100,33,51
pilacola,ArrayQueue,Front,100,34,51
pilacola,ArrayQueue,Front,100,35,51
pilacola,ArrayQueue,Front,100,36,50
pilacola,ArrayQueue,Front,100,37,52
pilacola,ArrayQueue,Front,100,38,53
pilacola,ArrayQueue,Front,100,39,52
pilacola,ArrayQueue,Front,100,40,51
pilacola,ArrayQueue,Front,100,41,51
pilacola,ArrayQueue,Front,100,42,52
pilacola,ArrayQueue,Front,100,43,51
pilacola,ArrayQueue,Front,100,44,52
pilacola,ArrayQueue,Front,100,45,52
pilacola,ArrayQueue,Front,100,46,51
pilacola,ArrayQueue,Front,100,47,51
pilacola,ArrayQueue,Front,100,48,53
pilacola,ArrayQueue,Front,100,49,52
pilacola,ArrayQueue,IsEmpty,100,0,145
pilacola,ArrayQueue,IsEmpty,100,1,157
pilacola,ArrayQueue,IsEmpty,100,2,141
pilacola,ArrayQueue,IsEmpty,100,3,140
pilacola,ArrayQueue,IsEmpty,100,4,140
pilacola,ArrayQueue,IsEmpty,100,5,141
pilacola,ArrayQueue,IsEmpty,100,6,141
pilacola,ArrayQueue,IsEmpty,100,7,141
pilacola,ArrayQueue,IsEmpty,100,8,141
pilacola,ArrayQueue,IsEmpty,100,9,141
pilacola,ArrayQueue,IsEmpty,100,10,141
pilacola,ArrayQueue,IsEmpty,100,11,141
pilacola,ArrayQueue,IsEmpty,100,12,141
pilacola,ArrayQueue,IsEmpty,100,13,140
pilacola,ArrayQueue,IsEmpty,100,14,141
pilacola,ArrayQueue,IsEmpty,100,15,142
pilacola,ArrayQueue,IsEmpty,100,16,140
pilacola,ArrayQueue,IsEmpty,100,17,141
pilacola,ArrayQueue,IsEmpty,100,18,141
pilacola,ArrayQueue,IsEmpty,100,19,141
pilacola,ArrayQueue,IsEmpty,100,20,142
pilacola,ArrayQueue,IsEmpty,100,21,142
pilacola,ArrayQueue,IsEmpty,100,22,141
pilacola,ArrayQueue,IsEmpty,100,23,143
pilacola,ArrayQueue,IsEmpty,100,24,141
pilacola,ArrayQueue,IsEmpty,100,25,142
pilacola,ArrayQueue,IsEmpty,100,26,142
pilacola,ArrayQueue,IsEmpty,100,27,140
pilacola,ArrayQueue,IsEmpty,100,28,141
pilacola,ArrayQueue,IsEmpty,100,29,141
pilacola,ArrayQueue,IsEmpty,100,30,143
pilacola,ArrayQueue,IsEmpty,100,31,141
pilacola,ArrayQueue,IsEmpty,100,32,140
pilacola,ArrayQueue,IsEmpty,100,33,141
pilacola,ArrayQueue,IsEmpty,100,34,142
pilacola,ArrayQueue,IsEmpty,100,35,141
pilacola,ArrayQueue,IsEmpty,100,36,141
pilacola,ArrayQueue,IsEmpty,100,37,141
pilacola,ArrayQueue,IsEmpty,100,38,141
pilacola,ArrayQueue,IsEmpty,100,39,140
pilacola,ArrayQueue,IsEmpty,100,40,140
pilacola,ArrayQueue,IsEmpty,100,41,142
pilacola,ArrayQueue,IsEmpty,100,42,140
pilacola,ArrayQueue,IsEmpty,100,43,141
pilacola,ArrayQueue,IsEmpty,100,44,141
pilacola,ArrayQueue,IsEmpty,100,45,142
pilacola,ArrayQueue,IsEmpty,100,46,141
pilacola,ArrayQueue,IsEmpty,100,47,141
pilacola,ArrayQueue,IsEmpty,100,48,140
pilacola,ArrayQueue,IsEmpty,100,49,141
pilacola,ArrayQueue,Size,100,0,152
pilacola,ArrayQueue,Size,100,1,210
pilacola,ArrayQueue,Size,100,2,163
pilacola,ArrayQueue,Size,100,3,151
pilacola,ArrayQueue,Size,100,4,150
pilacola,ArrayQueue,Size,100,5,150
pilacola,ArrayQueue,Size,100,6,151
pilacola,ArrayQueue,Size,100,7,151
pilacola,ArrayQueue,Size,100,8,150
pilacola,ArrayQueue,Size,100,9,150
pilacola,ArrayQueue,Size,100,10,151
pilacola,ArrayQueue,Size,100,11,145
pilacola,ArrayQueue,Size,100,12,146
pilacola,ArrayQueue,Size,100,13,146
pilacola,ArrayQueue,Size,100,14,145
pilacola,ArrayQueue,Size,100,15,145
pilacola,ArrayQueue,Size,100,16,144
pilacola,ArrayQueue,Size,100,17,144
pilacola,ArrayQueue,Size,100,18,145
pilacola,ArrayQueue,Size,100,19,142
pilacola,ArrayQueue,Size,100,20,142
pilacola,ArrayQueue,Size,100,21,144
pilacola,ArrayQueue,Size,100,22,142
pilacola,ArrayQueue,Size,100,23,144
pilacola,ArrayQueue,Size,100,24,143
pilacola,ArrayQueue,Size,100,25,143
pilacola,ArrayQueue,Size,100,26,143
pilacola,ArrayQueue,Size,100,27,144
pilacola,ArrayQueue,Size,100,28,142
pilacola,ArrayQueue,Size,100,29,144
pilacola,ArrayQueue,Size,100,30,144
pilacola,ArrayQueue,Size,100,31,143
pilacola,ArrayQueue,Size,100,32,143
pilacola,ArrayQueue,Size,100,33,143
pilacola,ArrayQueue,Size,100,34,143
pilacola,ArrayQueue,Size,100,35,143
pilacola,ArrayQueue,Size,100,36,144
pilacola,ArrayQueue,Size,100,37,143
pilacola,ArrayQueue,Size,100,38,143
pilacola,ArrayQueue,Size,100,39,144
pilacola,ArrayQueue,Size,100,40,142
pilacola,ArrayQueue,Size,100,41,143
pilacola,ArrayQueue,Size,100,42,143
pilacola,ArrayQueue,Size,100,43,143
pilacola,ArrayQueue,Size,100,44,146
pilacola,ArrayQueue,Size,100,45,143
pilacola,ArrayQueue,Size,100,46,143
pilacola,ArrayQueue,Size,100,47,144
pilacola,ArrayQueue,Size,100,48,144
pilacola,ArrayQueue,Size,100,49,142
pilacola,ArrayQueue,Delete,100,0,591
pilacola,ArrayQueue,Delete,100,1,608
pilacola,ArrayQueue,Delete,100,2,597
pilacola,ArrayQueue,Delete,100,3,596
pilacola,ArrayQueue,Delete,100,4,594
pilacola,ArrayQueue,Delete,100,5,598
pilacola,ArrayQueue,Delete,100,6,597
pilacola,ArrayQueue,Delete,100,7,594
pilacola,ArrayQueue,Delete,100,8,597
pilacola,ArrayQueue,Delete,100,9,595
pilacola,ArrayQueue,Delete,100,10,595
pilacola,ArrayQueue,Delete,100,11,597
pilacola,ArrayQueue,Delete,100,12,591
pilacola,ArrayQueue,Delete,100,13,597
pilacola,ArrayQueue,Delete,100,14,595
pilacola,ArrayQueue,Delete,100,15,597
pilacola,ArrayQueue,Delete,100,16,592
pilacola,ArrayQueue,Delete,100,17,909
pilacola,ArrayQueue,Delete,100,18,491
pilacola,ArrayQueue,Delete,100,19,495
pilacola,ArrayQueue,Delete,100,20,491
pilacola,ArrayQueue,Delete,100,21,490
pilacola,ArrayQueue,Delete,100,22,491
pilacola,ArrayQueue,Delete,100,23,495
pilacola,ArrayQueue,Delete,100,24,496
pilacola,ArrayQueue,Delete,100,25,493
pilacola,ArrayQueue,Delete,100,26,493
pilacola,ArrayQueue,Delete,100,27,493
pilacola,ArrayQueue,Delete,100,28,491
pilacola,ArrayQueue,Delete,100,29,492
pilacola,ArrayQueue,Delete,100,30,490
pilacola,ArrayQueue,Delete,100,31,488
pilacola,ArrayQueue,Delete,100,32,493
pilacola,ArrayQueue,Delete,100,33,493
pilacola,ArrayQueue,Delete,100,34,490
pilacola,ArrayQueue,Delete,100,35,491
pilacola,ArrayQueue,Delete,100,36,492
pilacola,ArrayQueue,Delete,100,37,489
pilacola,ArrayQueue,Delete,100,38,490
pilacola,ArrayQueue,Delete,100,39,493
pilacola,ArrayQueue,Delete,100,40,493
pilacola,ArrayQueue,Delete,100,41,491
pilacola,ArrayQueue,Delete,100,42,490
pilacola,ArrayQueue,Delete,100,43,494
pilacola,ArrayQueue,Delete,100,44,495
pilacola,ArrayQueue,Delete,100,45,490
pilacola,ArrayQueue,Delete,100,46,491
pilacola,ArrayQueue,Delete,100,47,490
pilacola,ArrayQueue,Delete,100,48,489
pilacola,ArrayQueue,Delete,100,49,4646
crecimiento,Duplicar (x2),Push total,100,0,894
crecimiento,Duplicar (x2),Push total,100,1,556
crecimiento,Duplicar (x2),Push total,100,2,557
crecimiento,Duplicar (x2),Push total,100,3,730
crecimiento,Duplicar (x2),Push total,100,4,727
crecimiento,Duplicar (x2),Push total,100,5,468
crecimiento,Duplicar (x2),Push total,100,6,483
crecimiento,Duplicar (x2),Push total,100,7,1206
crecimiento,Duplicar (x2),Push total,100,8,509
crecimiento,Duplicar (x2),Push total,100,9,459
crecimiento,Duplicar (x2),Enqueue total,100,0,478
crecimiento,Duplicar (x2),Enqueue total,100,1,523
crecimiento,Duplicar (x2),Enqueue total,100,2,1179
crecimiento,Duplicar (x2),Enqueue total,100,3,494
crecimiento,Duplicar (x2),Enqueue total,100,4,472
crecimiento,Duplicar (x2),Enqueue total,100,5,921
crecimiento,Duplicar (x2),Enqueue total,100,6,746
crecimiento,Duplicar (x2),Enqueue total,100,7,449
crecimiento,Duplicar (x2),Enqueue total,100,8,542
crecimiento,Duplicar (x2),Enqueue total,100,9,929
crecimiento,Incremento fijo (+1000),Push total,100,0,1185
crecimiento,Incremento fijo (+1000),Push total,100,1,1015
crecimiento,Incremento fijo (+1000),Push total,100,2,965
crecimiento,Incremento fijo (+1000),Push total,100,3,1143
crecimiento,Incremento fijo (+1000),Push total,100,4,1062
crecimiento,Incremento fijo (+1000),Push total,100,5,1145
crecimiento,Incremento fijo (+1000),Push total,100,6,1026
crecimiento,Incremento fijo (+1000),Push total,100,7,1361
crecimiento,Incremento fijo (+1000),Push total,100,8,945
crecimiento,Incremento fijo (+1000),Push total,100,9,901
crecimiento,Duplicar (x2),Push con redimension,100,0,256
crecimiento,Duplicar (x2),Push con redimension,100,1,266
crecimiento,Duplicar (x2),Push con redimension,100,2,247
crecimiento,Duplicar (x2),Push con redimension,100,3,233
crecimiento,Duplicar (x2),Push con redimension,100,4,242
crecimiento,Duplicar (x2),Push con redimension,100,5,547
crecimiento,Duplicar (x2),Push con redimension,100,6,215
crecimiento,Duplicar (x2),Push con redimension,100,7,221
crecimiento,Duplicar (x2),Push con redimension,100,8,409
crecimiento,Duplicar (x2),Push con redimension,100,9,216
lista,SLL sin cola,PushFront,1000,0,88
lista,SLL sin cola,PushFront,1000,1,96
lista,SLL sin cola,PushFront,1000,2,87
lista,SLL sin cola,PushFront,1000,3,92
lista,SLL sin cola,PushFront,1000,4,90
lista,SLL sin cola,PushFront,1000,5,90
lista,SLL sin cola,PushFront,1000,6,187
lista,SLL sin cola,PushFront,1000,7,91
lista,SLL sin cola,PushFront,1000,8,91
lista,SLL sin cola,PushFront,1000,9,89
lista,SLL sin cola,PushFront,1000,10,89
lista,SLL sin cola,PushFront,1000,11,89
lista,SLL sin cola,PushFront,1000,12,90
lista,SLL sin cola,PushFront,1000,13,90
lista,SLL sin cola,PushFront,1000,14,370
lista,SLL sin cola,PushFront,1000,15,117
lista,SLL sin cola,PushFront,1000,16,92
lista,SLL sin cola,PushFront,1000,17,88
lista,SLL sin cola,PushFront,1000,18,92
lista,SLL sin cola,PushFront,1000,19,90
lista,SLL sin cola,PushFront,1000,20,88
lista,SLL sin cola,PushFront,1000,21,91
lista,SLL sin cola,PushFront,1000,22,157
lista,SLL sin cola,PushFront,1000,23,91
lista,SLL sin cola,PushFront,1000,24,91
lista,SLL sin cola,PushFront,1000,25,93
lista,SLL sin cola,PushFront,1000,26,89
lista,SLL sin cola,PushFront,1000,27,92
lista,SLL sin cola,PushFront,1000,28,91
lista,SLL sin cola,PushFront,1000,29,88
lista,SLL sin cola,PushFront,1000,30,142
lista,SLL sin cola,PushFront,1000,31,88
lista,SLL sin cola,PushFront,1000,32,89
lista,SLL sin cola,PushFront,1000,33,88
lista,SLL sin cola,PushFront,1000,34,88
lista,SLL sin cola,PushFront,1000,35,88
lista,SLL sin cola,PushFront,1000,36,88
lista,SLL sin cola,PushFront,1000,37,89
lista,SLL sin cola,PushFront,1000,38,142
lista,SLL sin cola,PushFront,1000,39,88
lista,SLL sin cola,PushFront,1000,40,89
lista,SLL sin cola,PushFront,1000,41,88
lista,SLL sin cola,PushFront,1000,42,89
lista,SLL sin cola,PushFront,1000,43,89
lista,SLL sin cola,PushFront,1000,44,89
lista,SLL sin cola,PushFront,1000,45,88
lista,SLL sin cola,PushFront,1000,46,303
lista,SLL sin cola,PushFront,1000,47,87
lista,SLL sin cola,PushFront,1000,48,88
lista,SLL sin cola,PushFront,1000,49,88
lista,SLL sin cola,PushBack,1000,0,1783
lista,SLL sin cola,PushBack,1000,1,1783
lista,SLL sin cola,PushBack,1000,2,1783
lista,SLL sin cola,PushBack,1000,3,1782
lista,SLL sin cola,PushBack,1000,4,1782
lista,SLL sin cola,PushBack,1000,5,1782
lista,SLL sin cola,PushBack,1000,6,1782
lista,SLL sin cola,PushBack,1000,7,1785
lista,SLL sin cola,PushBack,1000,8,1780
lista,SLL sin cola,PushBack,1000,9,1783
lista,SLL sin cola,PushBack,1000,10,1781
lista,SLL sin cola,PushBack,1000,11,2033
lista,SLL sin cola,PushBack,1000,12,1881
lista,SLL sin cola,PushBack,1000,13,1988
lista,SLL sin cola,PushBack,1000,14,1798
lista,SLL sin cola,PushBack,1000,15,1782
lista,SLL sin cola,PushBack,1000,16,1781
lista,SLL sin cola,PushBack,1000,17,1780
lista,SLL sin cola,PushBack,1000,18,1781
lista,SLL sin cola,PushBack,1000,19,1783
lista,SLL sin cola,PushBack,1000,20,1786
lista,SLL sin cola,PushBack,1000,21,1782
lista,SLL sin cola,PushBack,1000,22,1785
lista,SLL sin cola,PushBack,1000,23,1783
lista,SLL sin cola,PushBack,1000,24,1783
lista,SLL sin cola,PushBack,1000,25,1783
lista,SLL sin cola,PushBack,1000,26,1782
lista,SLL sin cola,PushBack,1000,27,1784
lista,SLL sin cola,PushBack,1000,28,1783
lista,SLL sin cola,PushBack,1000,29,1786
lista,SLL sin cola,PushBack,1000,30,1783
lista,SLL sin cola,PushBack,1000,31,1785
lista,SLL sin cola,PushBack,1000,32,1782
lista,SLL sin cola,PushBack,1000,33,1780
lista,SLL sin cola,PushBack,1000,34,1784
lista,SLL sin cola,PushBack,1000,35,1781
lista,SLL sin cola,PushBack,1000,36,1782
lista,SLL sin cola,PushBack,1000,37,1784
lista,SLL sin cola,PushBack,1000,38,1781
lista,SLL sin cola,PushBack,1000,39,1783
lista,SLL sin cola,PushBack,1000,40,1782
lista,SLL sin cola,PushBack,1000,41,1784
lista,SLL sin cola,PushBack,1000,42,1781
lista,SLL sin cola,PushBack,1000,43,1784
lista,SLL sin cola,PushBack,1000,44,1781
lista,SLL sin cola,PushBack,1000,45,1781
lista,SLL sin cola,PushBack,1000,46,1783
lista,SLL sin cola,PushBack,1000,47,1783
lista,SLL sin cola,PushBack,1000,48,1785
lista,SLL sin cola,PushBack,1000,49,1781
lista,SLL sin cola,PopFront,1000,0,47
lista,SLL sin cola,PopFront,1000,1,45
lista,SLL sin cola,PopFront,1000,2,45
lista,SLL sin cola,PopFront,1000,3,45
lista,SLL sin cola,PopFront,1000,4,47
lista,SLL sin cola,PopFront,1000,5,45
lista,SLL sin cola,PopFront,1000,6,45
lista,SLL sin cola,PopFront,1000,7,45
lista,SLL sin cola,PopFront,1000,8,46
lista,SLL sin cola,PopFront,1000,9,47
lista,SLL sin cola,PopFront,1000,10,44
lista,SLL sin cola,PopFront,1000,11,47
lista,SLL sin cola,PopFront,1000,12,47
lista,SLL sin cola,PopFront,1000,13,46
lista,SLL sin cola,PopFront,1000,14,45
lista,SLL sin cola,PopFront,1000,15,46
lista,SLL sin cola,PopFront,1000,16,46
lista,SLL sin cola,PopFront,1000,17,45
lista,SLL sin cola,PopFront,1000,18,47
lista,SLL sin cola,PopFront,1000,19,46
lista,SLL sin cola,PopFront,1000,20,45
lista,SLL sin cola,PopFront,1000,21,46
lista,SLL sin cola,PopFront,1000,22,45
lista,SLL sin cola,PopFront,1000,23,46
lista,SLL sin cola,PopFront,1000,24,45
lista,SLL sin cola,PopFront,1000,25,46
lista,SLL sin cola,PopFront,1000,26,47
lista,SLL sin cola,PopFront,1000,27,45
lista,SLL sin cola,PopFront,1000,28,46
lista,SLL sin cola,PopFront,1000,29,46
lista,SLL sin cola,PopFront,1000,30,45
lista,SLL sin cola,PopFront,1000,31,46
lista,SLL sin cola,PopFront,1000,32,46
lista,SLL sin cola,PopFront,1000,33,46
lista,SLL sin cola,PopFront,1000,34,45
lista,SLL sin cola,PopFront,1000,35,47
lista,SLL sin cola,PopFront,1000,36,45
lista,SLL sin cola,PopFront,1000,37,46
lista,SLL sin cola,PopFront,1000,38,46
lista,SLL sin cola,PopFront,1000,39,46
lista,SLL sin cola,PopFront,1000,40,46
lista,SLL sin cola,PopFront,1000,41,45
lista,SLL sin cola,PopFront,1000,42,46
lista,SLL sin cola,PopFront,1000,43,47
lista,SLL sin cola,PopFront,1000,44,45
lista,SLL sin cola,PopFront,1000,45,46
lista,SLL sin cola,PopFront,1000,46,46
lista,SLL sin cola,PopFront,1000,47,46
lista,SLL sin cola,PopFront,1000,48,45
lista,SLL sin cola,PopFront,1000,49,47
lista,SLL sin cola,PopBack,1000,0,2117
lista,SLL sin cola,PopBack,1000,1,2117
lista,SLL sin cola,PopBack,1000,2,2116
lista,SLL sin cola,PopBack,1000,3,2112
lista,SLL sin cola,PopBack,1000,4,2116
lista,SLL sin cola,PopBack,1000,5,2117
lista,SLL sin cola,PopBack,1000,6,2116
lista,SLL sin cola,PopBack,1000,7,2118
lista,SLL sin cola,PopBack,1000,8,2115
lista,SLL sin cola,PopBack,1000,9,2120
lista,SLL sin cola,PopBack,1000,10,2117
lista,SLL sin cola,PopBack,1000,11,2118
lista,SLL sin cola,PopBack,1000,12,2116
lista,SLL sin cola,PopBack,1000,13,2115
lista,SLL sin cola,PopBack,1000,14,2117
lista,SLL sin cola,PopBack,1000,15,2117
lista,SLL sin cola,PopBack,1000,16,2117
lista,SLL sin cola,PopBack,1000,17,2116
lista,SLL sin cola,PopBack,1000,18,2117
lista,SLL sin cola,PopBack,1000,19,2120
lista,SLL sin cola,PopBack,1000,20,2118
lista,SLL sin cola,PopBack,1000,21,2116
lista,SLL sin cola,PopBack,1000,22,2118
lista,SLL sin cola,PopBack,1000,23,2118
lista,SLL sin cola,PopBack,1000,24,2116
lista,SLL sin cola,PopBack,1000,25,2119
lista,SLL sin cola,PopBack,1000,26,2117
lista,SLL sin cola,PopBack,1000,27,2117
lista,SLL sin cola,PopBack,1000,28,2116
lista,SLL sin cola,PopBack,1000,29,2117
lista,SLL sin cola,PopBack,1000,30,2119
lista,SLL sin cola,PopBack,1000,31,2117
lista,SLL sin cola,PopBack,1000,32,2117
lista,SLL sin cola,PopBack,1000,33,2121
lista,SLL sin cola,PopBack,1000,34,2116
lista,SLL sin cola,PopBack,1000,35,2116
lista,SLL sin cola,PopBack,1000,36,2118
lista,SLL sin cola,PopBack,1000,37,2117
lista,SLL sin cola,PopBack,1000,38,2118
lista,SLL sin cola,PopBack,1000,39,2115
lista,SLL sin cola,PopBack,1000,40,2116
lista,SLL sin cola,PopBack,1000,41,2116
lista,SLL sin cola,PopBack,1000,42,2116
lista,SLL sin cola,PopBack,1000,43,2117
lista,SLL sin cola,PopBack,1000,44,2114
lista,SLL sin cola,PopBack,1000,45,2117
lista,SLL sin cola,PopBack,1000,46,2117
lista,SLL sin cola,PopBack,1000,47,2117
lista,SLL sin cola,PopBack,1000,48,2117
lista,SLL sin cola,PopBack,1000,49,2116
lista,SLL sin cola,TopFront,1000,0,53
lista,SLL sin cola,TopFront,1000,1,51
lista,SLL sin cola,TopFront,1000,2,52
lista,SLL sin cola,TopFront,1000,3,52
lista,SLL sin cola,TopFront,1000,4,53
lista,SLL sin cola,TopFront,1000,5,51
lista,SLL sin cola,TopFront,1000,6,52
lista,SLL sin cola,TopFront,1000,7,52
lista,SLL sin cola,TopFront,1000,8,52
lista,SLL sin cola,TopFront,1000,9,54
lista,SLL sin cola,TopFront,1000,10,53
lista,SLL sin cola,TopFront,1000,11,52
lista,SLL sin cola,TopFront,1000,12,52
lista,SLL sin cola,TopFront,1000,13,52
lista,SLL sin cola,TopFront,1000,14,52
lista,SLL sin cola,TopFront,1000,15,53
lista,SLL sin cola,TopFront,1000,16,52
lista,SLL sin cola,TopFront,1000,17,51
lista,SLL sin cola,TopFront,1000,18,52
lista,SLL sin cola,TopFront,1000,19,52
lista,SLL sin cola,TopFront,1000,20,52
lista,SLL sin cola,TopFront,1000,21,53
lista,SLL sin cola,TopFront,1000,22,52
lista,SLL sin cola,TopFront,1000,23,52
lista,SLL sin cola,TopFront,1000,24,52
lista,SLL sin cola,TopFront,1000,25,53
lista,SLL sin cola,TopFront,1000,26,53
lista,SLL sin cola,TopFront,1000,27,54
lista,SLL sin cola,TopFront,1000,28,52
lista,SLL sin cola,TopFront,1000,29,51
lista,SLL sin cola,TopFront,1000,30,52
lista,SLL sin cola,TopFront,1000,31,53
lista,SLL sin cola,TopFront,1000,32,53
lista,SLL sin cola,TopFront,1000,33,52
lista,SLL sin cola,TopFront,1000,34,51
lista,SLL sin cola,TopFront,1000,35,52
lista,SLL sin cola,TopFront,1000,36,52
lista,SLL sin cola,TopFront,1000,37,51
lista,SLL sin cola,TopFront,1000,38,52
lista,SLL sin cola,TopFront,1000,39,52
lista,SLL sin cola,TopFront,1000,40,52
lista,SLL sin cola,TopFront,1000,41,51
lista,SLL sin cola,TopFront,1000,42,53
lista,SLL sin cola,TopFront,1000,43,53
lista,SLL sin cola,TopFront,1000,44,51
lista,SLL sin cola,TopFront,1000,45,52
lista,SLL sin cola,TopFront,1000,46,52
lista,SLL sin cola,TopFront,1000,47,54
lista,SLL sin cola,TopFront,1000,48,53
lista,SLL sin cola,TopFront,1000,49,54
lista,SLL sin cola,TopBack,1000,0,1826
lista,SLL sin cola,TopBack,1000,1,1854
lista,SLL sin cola,TopBack,1000,2,1802
lista,SLL sin cola,TopBack,1000,3,1797
lista,SLL sin cola,TopBack,1000,4,1797
lista,SLL sin cola,TopBack,1000,5,1869
lista,SLL sin cola,TopBack,1000,6,1803
lista,SLL sin cola,TopBack,1000,7,1834
lista,SLL sin cola,TopBack,1000,8,1862
lista,SLL sin cola,TopBack,1000,9,2068
lista,SLL sin cola,TopBack,1000,10,1996
lista,SLL sin cola,TopBack,1000,11,1853
lista,SLL sin cola,TopBack,1000,12,1825
lista,SLL sin cola,TopBack,1000,13,1853
lista,SLL sin cola,TopBack,1000,14,1856
lista,SLL sin cola,TopBack,1000,15,1839
lista,SLL sin cola,TopBack,1000,16,1854
lista,SLL sin cola,TopBack,1000,17,1857
lista,SLL sin cola,TopBack,1000,18,1849
lista,SLL sin cola,TopBack,1000,19,1842
lista,SLL sin cola,TopBack,1000,20,2017
lista,SLL sin cola,TopBack,1000,21,1775
lista,SLL sin cola,TopBack,1000,22,1775
lista,SLL sin cola,TopBack,1000,23,1774
lista,SLL sin cola,TopBack,1000,24,1776
lista,SLL sin cola,TopBack,1000,25,1777
lista,SLL sin cola,TopBack,1000,26,1776
lista,SLL sin cola,TopBack,1000,27,1777
lista,SLL sin cola,TopBack,1000,28,1777
lista,SLL sin cola,TopBack,1000,29,1775
lista,SLL sin cola,TopBack,1000,30,1775
lista,SLL sin cola,TopBack,1000,31,1774
lista,SLL sin cola,TopBack,1000,32,1774
lista,SLL sin cola,TopBack,1000,33,1775
lista,SLL sin cola,TopBack,1000,34,1774
lista,SLL sin cola,TopBack,1000,35,1773
lista,SLL sin cola,TopBack,1000,36,1774
lista,SLL sin cola,TopBack,1000,37,1775
lista,SLL sin cola,TopBack,1000,38,1773
lista,SLL sin cola,TopBack,1000,39,1774
lista,SLL sin cola,TopBack,1000,40,1774
lista,SLL sin cola,TopBack,1000,41,6237
lista,SLL sin cola,TopBack,1000,42,1773
lista,SLL sin cola,TopBack,1000,43,1774
lista,SLL sin cola,TopBack,1000,44,1775
lista,SLL sin cola,TopBack,1000,45,1775
lista,SLL sin cola,TopBack,1000,46,1775
lista,SLL sin cola,TopBack,1000,47,1774
lista,SLL sin cola,TopBack,1000,48,1775
lista,SLL sin cola,TopBack,1000,49,1775
lista,SLL sin cola,Find,1000,0,2976
lista,SLL sin cola,Find,1000,1,2979
lista,SLL sin cola,Find,1000,2,2950
lista,SLL sin cola,Find,1000,3,2940
lista,SLL sin cola,Find,1000,4,2966
lista,SLL sin cola,Find,1000,5,2948
lista,SLL sin cola,Find,1000,6,2982
lista,SLL sin cola,Find,1000,7,2935
lista,SLL sin cola,Find,1000,8,2943
lista,SLL sin cola,Find,1000,9,2938
lista,SLL sin cola,Find,1000,10,2943
lista,SLL sin cola,Find,1000,11,2967
lista,SLL sin cola,Find,1000,12,2934
lista,SLL sin cola,Find,1000,13,2952
lista,SLL sin cola,Find,1000,14,2945
lista,SLL sin cola,Find,1000,15,2966
lista,SLL sin cola,Find,1000,16,2950
lista,SLL sin cola,Find,1000,17,2948
lista,SLL sin cola,Find,1000,18,2956
lista,SLL sin cola,Find,1000,19,2972
lista,SLL sin cola,Find,1000,20,2945
lista,SLL sin cola,Find,1000,21,2949
lista,SLL sin cola,Find,1000,22,2940
lista,SLL sin cola,Find,1000,23,2972
lista,SLL sin cola,Find,1000,24,2948
lista,SLL sin cola,Find,1000,25,2939
lista,SLL sin cola,Find,1000,26,2936
lista,SLL sin cola,Find,1000,27,2969
lista,SLL sin cola,Find,1000,28,2931
lista,SLL sin cola,Find,1000,29,2941
lista,SLL sin cola,Find,1000,30,2948
lista,SLL sin cola,Find,1000,31,2943
lista,SLL sin cola,Find,1000,32,2979
lista,SLL sin cola,Find,1000,33,2938
lista,SLL sin cola,Find,1000,34,2937
lista,SLL sin cola,Find,1000,35,2948
lista,SLL sin cola,Find,1000,36,2972
lista,SLL sin cola,Find,1000,37,2941
lista,SLL sin cola,Find,1000,38,2952
lista,SLL sin cola,Find,1000,39,2934
lista,SLL sin cola,Find,1000,40,2966
lista,SLL sin cola,Find,1000,41,2941
lista,SLL sin cola,Find,1000,42,2940
lista,SLL sin cola,Find,1000,43,2943
lista,SLL sin cola,Find,1000,44,2970
lista,SLL sin cola,Find,1000,45,2953
lista,SLL sin cola,Find,1000,46,2946
lista,SLL sin cola,Find,1000,47,2941
lista,SLL sin cola,Find,1000,48,2966
lista,SLL sin cola,Find,1000,49,2948
lista,SLL sin cola,Erase,1000,0,3190
lista,SLL sin cola,Erase,1000,1,3184
lista,SLL sin cola,Erase,1000,2,3181
lista,SLL sin cola,Erase,1000,3,3180
lista,SLL sin cola,Erase,1000,4,3184
lista,SLL sin cola,Erase,1000,5,3180
lista,SLL sin cola,Erase,1000,6,3178
lista,SLL sin cola,Erase,1000,7,3177
lista,SLL sin cola,Erase,1000,8,3175
lista,SLL sin cola,Erase,1000,9,3178
lista,SLL sin cola,Erase,1000,10,3175
lista,SLL sin cola,Erase,1000,11,3180
lista,SLL sin cola,Erase,1000,12,3177
lista,SLL sin cola,Erase,1000,13,3177
lista,SLL sin cola,Erase,1000,14,3176
lista,SLL sin cola,Erase,1000,15,3177
lista,SLL sin cola,Erase,1000,16,3174
lista,SLL sin cola,Erase,1000,17,3176
lista,SLL sin cola,Erase,1000,18,3181
lista,SLL sin cola,Erase,1000,19,3184
lista,SLL sin cola,Erase,1000,20,3181
lista,SLL sin cola,Erase,1000,21,3183
lista,SLL sin cola,Erase,1000,22,3180
lista,SLL sin cola,Erase,1000,23,3180
lista,SLL sin cola,Erase,1000,24,3180
lista,SLL sin cola,Erase,1000,25,3180
lista,SLL sin cola,Erase,1000,26,3179
lista,SLL sin cola,Erase,1000,27,3178
lista,SLL sin cola,Erase,1000,28,3179
lista,SLL sin cola,Erase,1000,29,6857
lista,SLL sin cola,Erase,1000,30,2648
lista,SLL sin cola,Erase,1000,31,3154
lista,SLL sin cola,Erase,1000,32,3164
lista,SLL sin cola,Erase,1000,33,3156
lista,SLL sin cola,Erase,1000,34,3159
lista,SLL sin cola,Erase,1000,35,3163
lista,SLL sin cola,Erase,1000,36,3163
lista,SLL sin cola,Erase,1000,37,3163
lista,SLL sin cola,Erase,1000,38,3163
lista,SLL sin cola,Erase,1000,39,3164
lista,SLL sin cola,Erase,1000,40,3159
lista,SLL sin cola,Erase,1000,41,3161
lista,SLL sin cola,Erase,1000,42,3160
lista,SLL sin cola,Erase,1000,43,3160
lista,SLL sin cola,Erase,1000,44,38618
lista,SLL sin cola,Erase,1000,45,3307
lista,SLL sin cola,Erase,1000,46,3197
lista,SLL sin cola,Erase,1000,47,3201
lista,SLL sin cola,Erase,1000,48,3201
lista,SLL sin cola,Erase,1000,49,3163
lista,SLL sin cola,AddBefore,1000,0,2499
lista,SLL sin cola,AddBefore,1000,1,2554
lista,SLL sin cola,AddBefore,1000,2,2536
lista,SLL sin cola,AddBefore,1000,3,2536
lista,SLL sin cola,AddBefore,1000,4,2487
lista,SLL sin cola,AddBefore,1000,5,2529
lista,SLL sin cola,AddBefore,1000,6,2494
lista,SLL sin cola,AddBefore,1000,7,2520
lista,SLL sin cola,AddBefore,1000,8,2491
lista,SLL sin cola,AddBefore,1000,9,2530
lista,SLL sin cola,AddBefore,1000,10,2686
lista,SLL sin cola,AddBefore,1000,11,2578
lista,SLL sin cola,AddBefore,1000,12,2512
lista,SLL sin cola,AddBefore,1000,13,2536
lista,SLL sin cola,AddBefore,1000,14,2545
lista,SLL sin cola,AddBefore,1000,15,2509
lista,SLL sin cola,AddBefore,1000,16,2494
lista,SLL sin cola,AddBefore,1000,17,2498
lista,SLL sin cola,AddBefore,1000,18,2527
lista,SLL sin cola,AddBefore,1000,19,2501
lista,SLL sin cola,AddBefore,1000,20,2533
lista,SLL sin cola,AddBefore,1000,21,2513
lista,SLL sin cola,AddBefore,1000,22,2523
lista,SLL sin cola,AddBefore,1000,23,2500
lista,SLL sin cola,AddBefore,1000,24,2524
lista,SLL sin cola,AddBefore,1000,25,2497
lista,SLL sin cola,AddBefore,1000,26,2526
lista,SLL sin cola,AddBefore,1000,27,2497
lista,SLL sin cola,AddBefore,1000,28,2530
lista,SLL sin cola,AddBefore,1000,29,2502
lista,SLL sin cola,AddBefore,1000,30,2522
lista,SLL sin cola,AddBefore,1000,31,2503
lista,SLL sin cola,AddBefore,1000,32,2537
lista,SLL sin cola,AddBefore,1000,33,2556
lista,SLL sin cola,AddBefore,1000,34,2527
lista,SLL sin cola,AddBefore,1000,35,2499
lista,SLL sin cola,AddBefore,1000,36,2521
lista,SLL sin cola,AddBefore,1000,37,2519
lista,SLL sin cola,AddBefore,1000,38,2525
lista,SLL sin cola,AddBefore,1000,39,2498
lista,SLL sin cola,AddBefore,1000,40,2528
lista,SLL sin cola,AddBefore,1000,41,2512
lista,SLL sin cola,AddBefore,1000,42,2557
lista,SLL sin cola,AddBefore,1000,43,2560
lista,SLL sin cola,AddBefore,1000,44,2579
lista,SLL sin cola,AddBefore,1000,45,2513
lista,SLL sin cola,AddBefore,1000,46,2506
lista,SLL sin cola,AddBefore,1000,47,2506
lista,SLL sin cola,AddBefore,1000,48,3443
lista,SLL sin cola,AddBefore,1000,49,2515
lista,SLL sin cola,AddAfter,1000,0,107
lista,SLL sin cola,AddAfter,1000,1,97
lista,SLL sin cola,AddAfter,1000,2,98
lista,SLL sin cola,AddAfter,1000,3,97
lista,SLL sin cola,AddAfter,1000,4,96
lista,SLL sin cola,AddAfter,1000,5,66
lista,SLL sin cola,AddAfter,1000,6,95
lista,SLL sin cola,AddAfter,1000,7,65
lista,SLL sin cola,AddAfter,1000,8,83
lista,SLL sin cola,AddAfter,1000,9,106
lista,SLL sin cola,AddAfter,1000,10,118
lista,SLL sin cola,AddAfter,1000,11,109
lista,SLL sin cola,AddAfter,1000,12,138
lista,SLL sin cola,AddAfter,1000,13,87
lista,SLL sin cola,AddAfter,1000,14,155
lista,SLL sin cola,AddAfter,1000,15,146
lista,SLL sin cola,AddAfter,1000,16,135
lista,SLL sin cola,AddAfter,1000,17,101
lista,SLL sin cola,AddAfter,1000,18,129
lista,SLL sin cola,AddAfter,1000,19,96
lista,SLL sin cola,AddAfter,1000,20,87
lista,SLL sin cola,AddAfter,1000,21,80
lista,SLL sin cola,AddAfter,1000,22,85
lista,SLL sin cola,AddAfter,1000,23,79
lista,SLL sin cola,AddAfter,1000,24,97
lista,SLL sin cola,AddAfter,1000,25,75
lista,SLL sin cola,AddAfter,1000,26,99
lista,SLL sin cola,AddAfter,1000,27,77
lista,SLL sin cola,AddAfter,1000,28,97
lista,SLL sin cola,AddAfter,1000,29,76
lista,SLL sin cola,AddAfter,1000,30,97
lista,SLL sin cola,AddAfter,1000,31,76
lista,SLL sin cola,AddAfter,1000,32,98
lista,SLL sin cola,AddAfter,1000,33,76
lista,SLL sin cola,AddAfter,1000,34,96
lista,SLL sin cola,AddAfter,1000,35,76
lista,SLL sin cola,AddAfter,1000,36,97
lista,SLL sin cola,AddAfter,1000,37,76
lista,SLL sin cola,AddAfter,1000,38,97
lista,SLL sin cola,AddAfter,1000,39,77
lista,SLL sin cola,AddAfter,1000,40,97
lista,SLL sin cola,AddAfter,1000,41,79
lista,SLL sin cola,AddAfter,1000,42,97
lista,SLL sin cola,AddAfter,1000,43,75
lista,SLL sin cola,AddAfter,1000,44,97
lista,SLL sin cola,AddAfter,1000,45,76
lista,SLL sin cola,AddAfter,1000,46,98
lista,SLL sin cola,AddAfter,1000,47,66
lista,SLL sin cola,AddAfter,1000,48,99
lista,SLL sin cola,AddAfter,1000,49,63
lista,SLL sin cola,Empty,1000,0,52
lista,SLL sin cola,Empty,1000,1,52
lista,SLL sin cola,Empty,1000,2,51
lista,SLL sin cola,Empty,1000,3,53
lista,SLL sin cola,Empty,1000,4,53
lista,SLL sin cola,Empty,1000,5,52
lista,SLL sin cola,Empty,1000,6,52
lista,SLL sin cola,Empty,1000,7,52
lista,SLL sin cola,Empty,1000,8,51
lista,SLL sin cola,Empty,1000,9,53
lista,SLL sin cola,Empty,1000,10,52
lista,SLL sin cola,Empty,1000,11,52
lista,SLL sin cola,Empty,1000,12,51
lista,SLL sin cola,Empty,1000,13,52
lista,SLL sin cola,Empty,1000,14,53
lista,SLL sin cola,Empty,1000,15,53
lista,SLL sin cola,Empty,1000,16,52
lista,SLL sin cola,Empty,1000,17,52
lista,SLL sin cola,Empty,1000,18,52
lista,SLL sin cola,Empty,1000,19,53
lista,SLL sin cola,Empty,1000,20,53
lista,SLL sin cola,Empty,1000,21,53
lista,SLL sin cola,Empty,1000,22,52
lista,SLL sin cola,Empty,1000,23,52
lista,SLL sin cola,Empty,1000,24,52
lista,SLL sin cola,Empty,1000,25,53
lista,SLL sin cola,Empty,1000,26,53
lista,SLL sin cola,Empty,1000,27,52
lista,SLL sin cola,Empty,1000,28,52
lista,SLL sin cola,Empty,1000,29,52
lista,SLL sin cola,Empty,1000,30,53
lista,SLL sin cola,Empty,1000,31,53
lista,SLL sin cola,Empty,1000,32,51
lista,SLL sin cola,Empty,1000,33,53
lista,SLL sin cola,Empty,1000,34,52
lista,SLL sin cola,Empty,1000,35,52
lista,SLL sin cola,Empty,1000,36,52
lista,SLL sin cola,Empty,1000,37,53
lista,SLL sin cola,Empty,1000,38,52
lista,SLL sin cola,Empty,1000,39,51
lista,SLL sin cola,Empty,1000,40,52
lista,SLL sin cola,Empty,1000,41,52
lista,SLL sin cola,Empty,1000,42,53
lista,SLL sin cola,Empty,1000,43,53
lista,SLL sin cola,Empty,1000,44,52
lista,SLL sin cola,Empty,1000,45,52
lista,SLL sin cola,Empty,1000,46,52
lista,SLL sin cola,Empty,1000,47,52
lista,SLL sin cola,Empty,1000,48,53
lista,SLL sin cola,Empty,1000,49,51
lista,SLL sin cola,Size,1000,0,56
lista,SLL sin cola,Size,1000,1,56
lista,SLL sin cola,Size,1000,2,56
lista,SLL sin cola,Size,1000,3,56
lista,SLL sin cola,Size,1000,4,56
lista,SLL sin cola,Size,1000,5,57
lista,SLL sin cola,Size,1000,6,57
lista,SLL sin cola,Size,1000,7,57
lista,SLL sin cola,Size,1000,8,57
lista,SLL sin cola,Size,1000,9,56
lista,SLL sin cola,Size,1000,10,56
lista,SLL sin cola,Size,1000,11,57
lista,SLL sin cola,Size,1000,12,56
lista,SLL sin cola,Size,1000,13,57
lista,SLL sin cola,Size,1000,14,55
lista,SLL sin cola,Size,1000,15,56
lista,SLL sin cola,Size,1000,16,56
lista,SLL sin cola,Size,1000,17,56
lista,SLL sin cola,Size,1000,18,55
lista,SLL sin cola,Size,1000,19,57
lista,SLL sin cola,Size,1000,20,56
lista,SLL sin cola,Size,1000,21,56
lista,SLL sin cola,Size,1000,22,57
lista,SLL sin cola,Size,1000,23,61
lista,SLL sin cola,Size,1000,24,57
lista,SLL sin cola,Size,1000,25,56
lista,SLL sin cola,Size,1000,26,57
lista,SLL sin cola,Size,1000,27,56
lista,SLL sin cola,Size,1000,28,55
lista,SLL sin cola,Size,1000,29,56
lista,SLL sin cola,Size,1000,30,58
lista,SLL sin cola,Size,1000,31,62
lista,SLL sin cola,Size,1000,32,57
lista,SLL sin cola,Size,1000,33,56
lista,SLL sin cola,Size,1000,34,56
lista,SLL sin cola,Size,1000,35,61
lista,SLL sin cola,Size,1000,36,57
lista,SLL sin cola,Size,1000,37,57
lista,SLL sin cola,Size,1000,38,56
lista,SLL sin cola,Size,1000,39,62
lista,SLL sin cola,Size,1000,40,56
lista,SLL sin cola,Size,1000,41,57
lista,SLL sin cola,Size,1000,42,56
lista,SLL sin cola,Size,1000,43,62
lista,SLL sin cola,Size,1000,44,57
lista,SLL sin cola,Size,1000,45,57
lista,SLL sin cola,Size,1000,46,56
lista,SLL sin cola,Size,1000,47,61
lista,SLL sin cola,Size,1000,48,56
lista,SLL sin cola,Size,1000,49,57
lista,SLL con cola,PushFront,1000,0,43
lista,SLL con cola,PushFront,1000,1,46
lista,SLL con cola,PushFront,1000,2,52
lista,SLL con cola,PushFront,1000,3,44
lista,SLL con cola,PushFront,1000,4,44
lista,SLL con cola,PushFront,1000,5,44
lista,SLL con cola,PushFront,1000,6,44
lista,SLL con cola,PushFront,1000,7,76
lista,SLL con cola,PushFront,1000,8,46
lista,SLL con cola,PushFront,1000,9,45
lista,SLL con cola,PushFront,1000,10,44
lista,SLL con cola,PushFront,1000,11,44
lista,SLL con cola,PushFront,1000,12,44
lista,SLL con cola,PushFront,1000,13,45
lista,SLL con cola,PushFront,1000,14,44
lista,SLL con cola,PushFront,1000,15,44
lista,SLL con cola,PushFront,1000,16,44
lista,SLL con cola,PushFront,1000,17,44
lista,SLL con cola,PushFront,1000,18,45
lista,SLL con cola,PushFront,1000,19,44
lista,SLL con cola,PushFront,1000,20,44
lista,SLL con cola,PushFront,1000,21,45
lista,SLL con cola,PushFront,1000,22,44
lista,SLL con cola,PushFront,1000,23,48
lista,SLL con cola,PushFront,1000,24,44
lista,SLL con cola,PushFront,1000,25,45
lista,SLL con cola,PushFront,1000,26,43
lista,SLL con cola,PushFront,1000,27,45
lista,SLL con cola,PushFront,1000,28,44
lista,SLL con cola,PushFront,1000,29,44
lista,SLL con cola,PushFront,1000,30,44
lista,SLL con cola,PushFront,1000,31,173
lista,SLL con cola,PushFront,1000,32,45
lista,SLL con cola,PushFront,1000,33,44
lista,SLL con cola,PushFront,1000,34,43
lista,SLL con cola,PushFront,1000,35,45
lista,SLL con cola,PushFront,1000,36,44
lista,SLL con cola,PushFront,1000,37,45
lista,SLL con cola,PushFront,1000,38,44
lista,SLL con cola,PushFront,1000,39,49
lista,SLL con cola,PushFront,1000,40,44
lista,SLL con cola,PushFront,1000,41,44
lista,SLL con cola,PushFront,1000,42,45
lista,SLL con cola,PushFront,1000,43,44
lista,SLL con cola,PushFront,1000,44,43
lista,SLL con cola,PushFront,1000,45,43
lista,SLL con cola,PushFront,1000,46,45
lista,SLL con cola,PushFront,1000,47,89
lista,SLL con cola,PushFront,1000,48,44
lista,SLL con cola,PushFront,1000,49,45
lista,SLL con cola,PushBack,1000,0,46
lista,SLL con cola,PushBack,1000,1,46
lista,SLL con cola,PushBack,1000,2,46
lista,SLL con cola,PushBack,1000,3,44
lista,SLL con cola,PushBack,1000,4,46
lista,SLL con cola,PushBack,1000,5,46
lista,SLL con cola,PushBack,1000,6,46
lista,SLL con cola,PushBack,1000,7,46
lista,SLL con cola,PushBack,1000,8,45
lista,SLL con cola,PushBack,1000,9,47
lista,SLL con cola,PushBack,1000,10,47
lista,SLL con cola,PushBack,1000,11,46
lista,SLL con cola,PushBack,1000,12,47
lista,SLL con cola,PushBack,1000,13,47
lista,SLL con cola,PushBack,1000,14,47
lista,SLL con cola,PushBack,1000,15,45
lista,SLL con cola,PushBack,1000,16,46
lista,SLL con cola,PushBack,1000,17,46
lista,SLL con cola,PushBack,1000,18,46
lista,SLL con cola,PushBack,1000,19,46
lista,SLL con cola,PushBack,1000,20,45
lista,SLL con cola,PushBack,1000,21,46
lista,SLL con cola,PushBack,1000,22,47
lista,SLL con cola,PushBack,1000,23,47
lista,SLL con cola,PushBack,1000,24,47
lista,SLL con cola,PushBack,1000,25,47
lista,SLL con cola,PushBack,1000,26,46
lista,SLL con cola,PushBack,1000,27,46
lista,SLL con cola,PushBack,1000,28,46
lista,SLL con cola,PushBack,1000,29,46
lista,SLL con cola,PushBack,1000,30,45
lista,SLL con cola,PushBack,1000,31,46
lista,SLL con cola,PushBack,1000,32,45
lista,SLL con cola,PushBack,1000,33,45
lista,SLL con cola,PushBack,1000,34,45
lista,SLL con cola,PushBack,1000,35,47
lista,SLL con cola,PushBack,1000,36,46
lista,SLL con cola,PushBack,1000,37,47
lista,SLL con cola,PushBack,1000,38,46
lista,SLL con cola,PushBack,1000,39,45
lista,SLL con cola,PushBack,1000,40,45
lista,SLL con cola,PushBack,1000,41,46
lista,SLL con cola,PushBack,1000,42,45
lista,SLL con cola,PushBack,1000,43,47
lista,SLL con cola,PushBack,1000,44,45
lista,SLL con cola,PushBack,1000,45,46
lista,SLL con cola,PushBack,1000,46,167
lista,SLL con cola,PushBack,1000,47,47
lista,SLL con cola,PushBack,1000,48,46
lista,SLL con cola,PushBack,1000,49,45
lista,SLL con cola,PopFront,1000,0,48
lista,SLL con cola,PopFront,1000,1,46
lista,SLL con cola,PopFront,1000,2,47
lista,SLL con cola,PopFront,1000,3,48
lista,SLL con cola,PopFront,1000,4,46
lista,SLL con cola,PopFront,1000,5,46
lista,SLL con cola,PopFront,1000,6,46
lista,SLL con cola,PopFront,1000,7,47
lista,SLL con cola,PopFront,1000,8,46
lista,SLL con cola,PopFront,1000,9,46
lista,SLL con cola,PopFront,1000,10,45
lista,SLL con cola,PopFront,1000,11,46
lista,SLL con cola,PopFront,1000,12,45
lista,SLL con cola,PopFront,1000,13,45
lista,SLL con cola,PopFront,1000,14,47
lista,SLL con cola,PopFront,1000,15,46
lista,SLL con cola,PopFront,1000,16,46
lista,SLL con cola,PopFront,1000,17,45
lista,SLL con cola,PopFront,1000,18,47
lista,SLL con cola,PopFront,1000,19,46
lista,SLL con cola,PopFront,1000,20,46
lista,SLL con cola,PopFront,1000,21,46
lista,SLL con cola,PopFront,1000,22,45
lista,SLL con cola,PopFront,1000,23,46
lista,SLL con cola,PopFront,1000,24,47
lista,SLL con cola,PopFront,1000,25,46
lista,SLL con cola,PopFront,1000,26,45
lista,SLL con cola,PopFront,1000,27,46
lista,SLL con cola,PopFront,1000,28,46
lista,SLL con cola,PopFront,1000,29,46
lista,SLL con cola,PopFront,1000,30,47
lista,SLL con cola,PopFront,1000,31,47
lista,SLL con cola,PopFront,1000,32,46
lista,SLL con cola,PopFront,1000,33,46
lista,SLL con cola,PopFront,1000,34,46
lista,SLL con cola,PopFront,1000,35,45
lista,SLL con cola,PopFront,1000,36,47
lista,SLL con cola,PopFront,1000,37,45
lista,SLL con cola,PopFront,1000,38,45
lista,SLL con cola,PopFront,1000,39,48
lista,SLL con cola,PopFront,1000,40,43
lista,SLL con cola,PopFront,1000,41,47
lista,SLL con cola,PopFront,1000,42,47
lista,SLL con cola,PopFront,1000,43,47
lista,SLL con cola,PopFront,1000,44,45
lista,SLL con cola,PopFront,1000,45,46
lista,SLL con cola,PopFront,1000,46,46
lista,SLL con cola,PopFront,1000,47,46
lista,SLL con cola,PopFront,1000,48,45
lista,SLL con cola,PopFront,1000,49,46
lista,SLL con cola,PopBack,1000,0,1771
lista,SLL con cola,PopBack,1000,1,1771
lista,SLL con cola,PopBack,1000,2,1771
lista,SLL con cola,PopBack,1000,3,1769
lista,SLL con cola,PopBack,1000,4,1770
lista,SLL con cola,PopBack,1000,5,1770
lista,SLL con cola,PopBack,1000,6,1770
lista,SLL con cola,PopBack,1000,7,1770
lista,SLL con cola,PopBack,1000,8,1771
lista,SLL con cola,PopBack,1000,9,1770
lista,SLL con cola,PopBack,1000,10,1772
lista,SLL con cola,PopBack,1000,11,1769
lista,SLL con cola,PopBack,1000,12,1771
lista,SLL con cola,PopBack,1000,13,1771
lista,SLL con cola,PopBack,1000,14,1771
lista,SLL con cola,PopBack,1000,15,1773
lista,SLL con cola,PopBack,1000,16,1773
lista,SLL con cola,PopBack,1000,17,1769
lista,SLL con cola,PopBack,1000,18,1770
lista,SLL con cola,PopBack,1000,19,1769
lista,SLL con cola,PopBack,1000,20,1770
lista,SLL con cola,PopBack,1000,21,1769
lista,SLL con cola,PopBack,1000,22,1772
lista,SLL con cola,PopBack,1000,23,1770
lista,SLL con cola,PopBack,1000,24,1771
lista,SLL con cola,PopBack,1000,25,1769
lista,SLL con cola,PopBack,1000,26,1771
lista,SLL con cola,PopBack,1000,27,1771
lista,SLL con cola,PopBack,1000,28,1770
lista,SLL con cola,PopBack,1000,29,1771
lista,SLL con cola,PopBack,1000,30,1769
lista,SLL con cola,PopBack,1000,31,1770
lista,SLL con cola,PopBack,1000,32,1772
lista,SLL con cola,PopBack,1000,33,1770
lista,SLL con cola,PopBack,1000,34,1770
lista,SLL con cola,PopBack,1000,35,1768
lista,SLL con cola,PopBack,1000,36,1770
lista,SLL con cola,PopBack,1000,37,1769
lista,SLL con cola,PopBack,1000,38,1769
lista,SLL con cola,PopBack,1000,39,4173
lista,SLL con cola,PopBack,1000,40,1824
lista,SLL con cola,PopBack,1000,41,1772
lista,SLL con cola,PopBack,1000,42,1769
lista,SLL con cola,PopBack,1000,43,1772
lista,SLL con cola,PopBack,1000,44,1776
lista,SLL con cola,PopBack,1000,45,1773
lista,SLL con cola,PopBack,1000,46,1770
lista,SLL con cola,PopBack,1000,47,1770
lista,SLL con cola,PopBack,1000,48,1769
lista,SLL con cola,PopBack,1000,49,1771
lista,SLL con cola,TopFront,1000,0,51
lista,SLL con cola,TopFront,1000,1,71
lista,SLL con cola,TopFront,1000,2,52
lista,SLL con cola,TopFront,1000,3,52
lista,SLL con cola,TopFront,1000,4,53
lista,SLL con cola,TopFront,1000,5,53
lista,SLL con cola,TopFront,1000,6,52
lista,SLL con cola,TopFront,1000,7,52
lista,SLL con cola,TopFront,1000,8,52
lista,SLL con cola,TopFront,1000,9,52
lista,SLL con cola,TopFront,1000,10,53
lista,SLL con cola,TopFront,1000,11,53
lista,SLL con cola,TopFront,1000,12,51
lista,SLL con cola,TopFront,1000,13,51
lista,SLL con cola,TopFront,1000,14,52
lista,SLL con cola,TopFront,1000,15,53
lista,SLL con cola,TopFront,1000,16,52
lista,SLL con cola,TopFront,1000,17,51
lista,SLL con cola,TopFront,1000,18,52
lista,SLL con cola,TopFront,1000,19,52
lista,SLL con cola,TopFront,1000,20,52
lista,SLL con cola,TopFront,1000,21,55
lista,SLL con cola,TopFront,1000,22,53
lista,SLL con cola,TopFront,1000,23,55
lista,SLL con cola,TopFront,1000,24,51
lista,SLL con cola,TopFront,1000,25,51
lista,SLL con cola,TopFront,1000,26,53
lista,SLL con cola,TopFront,1000,27,55
lista,SLL con cola,TopFront,1000,28,2916
lista,SLL con cola,TopFront,1000,29,52
lista,SLL con cola,TopFront,1000,30,54
lista,SLL con cola,TopFront,1000,31,50
lista,SLL con cola,TopFront,1000,32,51
lista,SLL con cola,TopFront,1000,33,51
lista,SLL con cola,TopFront,1000,34,53
lista,SLL con cola,TopFront,1000,35,52
lista,SLL con cola,TopFront,1000,36,50
lista,SLL con cola,TopFront,1000,37,52
lista,SLL con cola,TopFront,1000,38,52
lista,SLL con cola,TopFront,1000,39,53
lista,SLL con cola,TopFront,1000,40,53
lista,SLL con cola,TopFront,1000,41,52
lista,SLL con cola,TopFront,1000,42,52
lista,SLL con cola,TopFront,1000,43,53
lista,SLL con cola,TopFront,1000,44,53
lista,SLL con cola,TopFront,1000,45,54
lista,SLL con cola,TopFront,1000,46,53
lista,SLL con cola,TopFront,1000,47,52
lista,SLL con cola,TopFront,1000,48,51
lista,SLL con cola,TopFront,1000,49,52
lista,SLL con cola,TopBack,1000,0,52
lista,SLL con cola,TopBack,1000,1,73
lista,SLL con cola,TopBack,1000,2,52
lista,SLL con cola,TopBack,1000,3,51
lista,SLL con cola,TopBack,1000,4,52
lista,SLL con cola,TopBack,1000,5,51
lista,SLL con cola,TopBack,1000,6,52
lista,SLL con cola,TopBack,1000,7,52
lista,SLL con cola,TopBack,1000,8,52
lista,SLL con cola,TopBack,1000,9,52
lista,SLL con cola,TopBack,1000,10,53
lista,SLL con cola,TopBack,1000,11,52
lista,SLL con cola,TopBack,1000,12,53
lista,SLL con cola,TopBack,1000,13,53
lista,SLL con cola,TopBack,1000,14,53
lista,SLL con cola,TopBack,1000,15,52
lista,SLL con cola,TopBack,1000,16,52
lista,SLL con cola,TopBack,1000,17,52
lista,SLL con cola,TopBack,1000,18,53
lista,SLL con cola,TopBack,1000,19,53
lista,SLL con cola,TopBack,1000,20,52
lista,SLL con cola,TopBack,1000,21,52
lista,SLL con cola,TopBack,1000,22,52
lista,SLL con cola,TopBack,1000,23,52
lista,SLL con cola,TopBack,1000,24,53
lista,SLL con cola,TopBack,1000,25,53
lista,SLL con cola,TopBack,1000,26,52
lista,SLL con cola,TopBack,1000,27,52
lista,SLL con cola,TopBack,1000,28,53
lista,SLL con cola,TopBack,1000,29,51
lista,SLL con cola,TopBack,1000,30,53
lista,SLL con cola,TopBack,1000,31,53
lista,SLL con cola,TopBack,1000,32,52
lista,SLL con cola,TopBack,1000,33,52
lista,SLL con cola,TopBack,1000,34,52
lista,SLL con cola,TopBack,1000,35,52
lista,SLL con cola,TopBack,1000,36,53
lista,SLL con cola,TopBack,1000,37,53
lista,SLL con cola,TopBack,1000,38,52
lista,SLL con cola,TopBack,1000,39,52
lista,SLL con cola,TopBack,1000,40,52
lista,SLL con cola,TopBack,1000,41,52
lista,SLL con cola,TopBack,1000,42,53
lista,SLL con cola,TopBack,1000,43,53
lista,SLL con cola,TopBack,1000,44,54
lista,SLL con cola,TopBack,1000,45,52
lista,SLL con cola,TopBack,1000,46,51
lista,SLL con cola,TopBack,1000,47,51
lista,SLL con cola,TopBack,1000,48,52
lista,SLL con cola,TopBack,1000,49,52
lista,SLL con cola,Find,1000,0,2970
lista,SLL con cola,Find,1000,1,2979
lista,SLL con cola,Find,1000,2,2943
lista,SLL con cola,Find,1000,3,2976
lista,SLL con cola,Find,1000,4,2939
lista,SLL con cola,Find,1000,5,2977
lista,SLL con cola,Find,1000,6,2946
lista,SLL con cola,Find,1000,7,2967
lista,SLL con cola,Find,1000,8,2957
lista,SLL con cola,Find,1000,9,2956
lista,SLL con cola,Find,1000,10,2948
lista,SLL con cola,Find,1000,11,2981
lista,SLL con cola,Find,1000,12,2941
lista,SLL con cola,Find,1000,13,2979
lista,SLL con cola,Find,1000,14,2942
lista,SLL con cola,Find,1000,15,2946
lista,SLL con cola,Find,1000,16,2946
lista,SLL con cola,Find,1000,17,2960
lista,SLL con cola,Find,1000,18,2981
lista,SLL con cola,Find,1000,19,15862
lista,SLL con cola,Find,1000,20,3383
lista,SLL con cola,Find,1000,21,2990
lista,SLL con cola,Find,1000,22,6093
lista,SLL con cola,Find,1000,23,3241
lista,SLL con cola,Find,1000,24,2947
lista,SLL con cola,Find,1000,25,2991
lista,SLL con cola,Find,1000,26,2957
lista,SLL con cola,Find,1000,27,2967
lista,SLL con cola,Find,1000,28,2940
lista,SLL con cola,Find,1000,29,2945
lista,SLL con cola,Find,1000,30,2980
lista,SLL con cola,Find,1000,31,2947
lista,SLL con cola,Find,1000,32,2991
lista,SLL con cola,Find,1000,33,2957
lista,SLL con cola,Find,1000,34,2952
lista,SLL con cola,Find,1000,35,2951
lista,SLL con cola,Find,1000,36,2976
lista,SLL con cola,Find,1000,37,2944
lista,SLL con cola,Find,1000,38,2962
lista,SLL con cola,Find,1000,39,2976
lista,SLL con cola,Find,1000,40,2947
lista,SLL con cola,Find,1000,41,2957
lista,SLL con cola,Find,1000,42,2950
lista,SLL con cola,Find,1000,43,2975
lista,SLL con cola,Find,1000,44,2945
lista,SLL con cola,Find,1000,45,2948
lista,SLL con cola,Find,1000,46,2950
lista,SLL con cola,Find,1000,47,2988
lista,SLL con cola,Find,1000,48,2943
lista,SLL con cola,Find,1000,49,2950
lista,SLL con cola,Erase,1000,0,2585
lista,SLL con cola,Erase,1000,1,2557
lista,SLL con cola,Erase,1000,2,2570
lista,SLL con cola,Erase,1000,3,2587
lista,SLL con cola,Erase,1000,4,2562
lista,SLL con cola,Erase,1000,5,2566
lista,SLL con cola,Erase,1000,6,2552
lista,SLL con cola,Erase,1000,7,2558
lista,SLL con cola,Erase,1000,8,2567
lista,SLL con cola,Erase,1000,9,2555
lista,SLL con cola,Erase,1000,10,2555
lista,SLL con cola,Erase,1000,11,2581
lista,SLL con cola,Erase,1000,12,2568
lista,SLL con cola,Erase,1000,13,2567
lista,SLL con cola,Erase,1000,14,2565
lista,SLL con cola,Erase,1000,15,2567
lista,SLL con cola,Erase,1000,16,2551
lista,SLL con cola,Erase,1000,17,2550
lista,SLL con cola,Erase,1000,18,2545
lista,SLL con cola,Erase,1000,19,2541
lista,SLL con cola,Erase,1000,20,2552
lista,SLL con cola,Erase,1000,21,2546
lista,SLL con cola,Erase,1000,22,2563
lista,SLL con cola,Erase,1000,23,2566
lista,SLL con cola,Erase,1000,24,2552
lista,SLL con cola,Erase,1000,25,2564
lista,SLL con cola,Erase,1000,26,2566
lista,SLL con cola,Erase,1000,27,2559
lista,SLL con cola,Erase,1000,28,2564
lista,SLL con cola,Erase,1000,29,2554
lista,SLL con cola,Erase,1000,30,2597
lista,SLL con cola,Erase,1000,31,2573
lista,SLL con cola,Erase,1000,32,2552
lista,SLL con cola,Erase,1000,33,2545
lista,SLL con cola,Erase,1000,34,2561
lista,SLL con cola,Erase,1000,35,2577
lista,SLL con cola,Erase,1000,36,2552
lista,SLL con cola,Erase,1000,37,2548
lista,SLL con cola,Erase,1000,38,2555
lista,SLL con cola,Erase,1000,39,2556
lista,SLL con cola,Erase,1000,40,2568
lista,SLL con cola,Erase,1000,41,2559
lista,SLL con cola,Erase,1000,42,2555
lista,SLL con cola,Erase,1000,43,2559
lista,SLL con cola,Erase,1000,44,2556
lista,SLL con cola,Erase,1000,45,2544
lista,SLL con cola,Erase,1000,46,2552
lista,SLL con cola,Erase,1000,47,2564
lista,SLL con cola,Erase,1000,48,2551
lista,SLL con cola,Erase,1000,49,2542
lista,SLL con cola,AddBefore,1000,0,2545
lista,SLL con cola,AddBefore,1000,1,2512
lista,SLL con cola,AddBefore,1000,2,2564
lista,SLL con cola,AddBefore,1000,3,2560
lista,SLL con cola,AddBefore,1000,4,2515
lista,SLL con cola,AddBefore,1000,5,2624
lista,SLL con cola,AddBefore,1000,6,2519
lista,SLL con cola,AddBefore,1000,7,2664
lista,SLL con cola,AddBefore,1000,8,2539
lista,SLL con cola,AddBefore,1000,9,2561
lista,SLL con cola,AddBefore,1000,10,2544
lista,SLL con cola,AddBefore,1000,11,2507
lista,SLL con cola,AddBefore,1000,12,2553
lista,SLL con cola,AddBefore,1000,13,2536
lista,SLL con cola,AddBefore,1000,14,2503
lista,SLL con cola,AddBefore,1000,15,3006
lista,SLL con cola,AddBefore,1000,16,2854
lista,SLL con cola,AddBefore,1000,17,3144
lista,SLL con cola,AddBefore,1000,18,3121
lista,SLL con cola,AddBefore,1000,19,2863
lista,SLL con cola,AddBefore,1000,20,3305
lista,SLL con cola,AddBefore,1000,21,2996
lista,SLL con cola,AddBefore,1000,22,3348
lista,SLL con cola,AddBefore,1000,23,2845
lista,SLL con cola,AddBefore,1000,24,3708
lista,SLL con cola,AddBefore,1000,25,3703
lista,SLL con cola,AddBefore,1000,26,2774
lista,SLL con cola,AddBefore,1000,27,3954
lista,SLL con cola,AddBefore,1000,28,6961
lista,SLL con cola,AddBefore,1000,29,2844
lista,SLL con cola,AddBefore,1000,30,2638
lista,SLL con cola,AddBefore,1000,31,2756
lista,SLL con cola,AddBefore,1000,32,2703
lista,SLL con cola,AddBefore,1000,33,2763
lista,SLL con cola,AddBefore,1000,34,2782
lista,SLL con cola,AddBefore,1000,35,2719
lista,SLL con cola,AddBefore,1000,36,2954
lista,SLL con cola,AddBefore,1000,37,2807
lista,SLL con cola,AddBefore,1000,38,2711
lista,SLL con cola,AddBefore,1000,39,21240
lista,SLL con cola,AddBefore,1000,40,2767
lista,SLL con cola,AddBefore,1000,41,2775
lista,SLL con cola,AddBefore,1000,42,2668
lista,SLL con cola,AddBefore,1000,43,2719
lista,SLL con cola,AddBefore,1000,44,2693
lista,SLL con cola,AddBefore,1000,45,2695
lista,SLL con cola,AddBefore,1000,46,2639
lista,SLL con cola,AddBefore,1000,47,3088
lista,SLL con cola,AddBefore,1000,48,2660
lista,SLL con cola,AddBefore,1000,49,2725
lista,SLL con cola,AddAfter,1000,0,114
lista,SLL con cola,AddAfter,1000,1,176
lista,SLL con cola,AddAfter,1000,2,146
lista,SLL con cola,AddAfter,1000,3,103
lista,SLL con cola,AddAfter,1000,4,115
lista,SLL con cola,AddAfter,1000,5,120
lista,SLL con cola,AddAfter,1000,6,136
lista,SLL con cola,AddAfter,1000,7,91
lista,SLL con cola,AddAfter,1000,8,102
lista,SLL con cola,AddAfter,1000,9,135
lista,SLL con cola,AddAfter,1000,10,126
lista,SLL con cola,AddAfter,1000,11,166
lista,SLL con cola,AddAfter,1000,12,119
lista,SLL con cola,AddAfter,1000,13,140
lista,SLL con cola,AddAfter,1000,14,106
lista,SLL con cola,AddAfter,1000,15,125
lista,SLL con cola,AddAfter,1000,16,181
lista,SLL con cola,AddAfter,1000,17,119
lista,SLL con cola,AddAfter,1000,18,109
lista,SLL con cola,AddAfter,1000,19,149
lista,SLL con cola,AddAfter,1000,20,122
lista,SLL con cola,AddAfter,1000,21,109
lista,SLL con cola,AddAfter,1000,22,176
lista,SLL con cola,AddAfter,1000,23,106
lista,SLL con cola,AddAfter,1000,24,132
lista,SLL con cola,AddAfter,1000,25,100
lista,SLL con cola,AddAfter,1000,26,124
lista,SLL con cola,AddAfter,1000,27,113
lista,SLL con cola,AddAfter,1000,28,106
lista,SLL con cola,AddAfter,1000,29,125
lista,SLL con cola,AddAfter,1000,30,137
lista,SLL con cola,AddAfter,1000,31,159
lista,SLL con cola,AddAfter,1000,32,126
lista,SLL con cola,AddAfter,1000,33,141
lista,SLL con cola,AddAfter,1000,34,137
lista,SLL con cola,AddAfter,1000,35,150
lista,SLL con cola,AddAfter,1000,36,132
lista,SLL con cola,AddAfter,1000,37,133
lista,SLL con cola,AddAfter,1000,38,129
lista,SLL con cola,AddAfter,1000,39,138
lista,SLL con cola,AddAfter,1000,40,118
lista,SLL con cola,AddAfter,1000,41,127
lista,SLL con cola,AddAfter,1000,42,156
lista,SLL con cola,AddAfter,1000,43,115
lista,SLL con cola,AddAfter,1000,44,129
lista,SLL con cola,AddAfter,1000,45,87
lista,SLL con cola,AddAfter,1000,46,109
lista,SLL con cola,AddAfter,1000,47,86
lista,SLL con cola,AddAfter,1000,48,62
lista,SLL con cola,AddAfter,1000,49,102
lista,SLL con cola,Empty,1000,0,50
lista,SLL con cola,Empty,1000,1,52
lista,SLL con cola,Empty,1000,2,52
lista,SLL con cola,Empty,1000,3,51
lista,SLL con cola,Empty,1000,4,52
lista,SLL con cola,Empty,1000,5,53
lista,SLL con cola,Empty,1000,6,53
lista,SLL con cola,Empty,1000,7,52
lista,SLL con cola,Empty,1000,8,52
lista,SLL con cola,Empty,1000,9,52
lista,SLL con cola,Empty,1000,10,55
lista,SLL con cola,Empty,1000,11,53
lista,SLL con cola,Empty,1000,12,52
lista,SLL con cola,Empty,1000,13,52
lista,SLL con cola,Empty,1000,14,53
lista,SLL con cola,Empty,1000,15,51
lista,SLL con cola,Empty,1000,16,52
lista,SLL con cola,Empty,1000,17,52
lista,SLL con cola,Empty,1000,18,54
lista,SLL con cola,Empty,1000,19,52
lista,SLL con cola,Empty,1000,20,52
lista,SLL con cola,Empty,1000,21,52
lista,SLL con cola,Empty,1000,22,53
lista,SLL con cola,Empty,1000,23,53
lista,SLL con cola,Empty,1000,24,52
lista,SLL con cola,Empty,1000,25,52
lista,SLL con cola,Empty,1000,26,52
lista,SLL con cola,Empty,1000,27,52
lista,SLL con cola,Empty,1000,28,53
lista,SLL con cola,Empty,1000,29,54
lista,SLL con cola,Empty,1000,30,52
lista,SLL con cola,Empty,1000,31,52
lista,SLL con cola,Empty,1000,32,51
lista,SLL con cola,Empty,1000,33,53
lista,SLL con cola,Empty,1000,34,53
lista,SLL con cola,Empty,1000,35,53
lista,SLL con cola,Empty,1000,36,52
lista,SLL con cola,Empty,1000,37,53
lista,SLL con cola,Empty,1000,38,52
lista,SLL con cola,Empty,1000,39,53
lista,SLL con cola,Empty,1000,40,53
lista,SLL con cola,Empty,1000,41,52
lista,SLL con cola,Empty,1000,42,51
lista,SLL con cola,Empty,1000,43,52
lista,SLL con cola,Empty,1000,44,52
lista,SLL con cola,Empty,1000,45,52
lista,SLL con cola,Empty,1000,46,53
lista,SLL con cola,Empty,1000,47,51
lista,SLL con cola,Empty,1000,48,53
lista,SLL con cola,Empty,1000,49,52
lista,SLL con cola,Size,1000,0,56
lista,SLL con cola,Size,1000,1,56
lista,SLL con cola,Size,1000,2,57
lista,SLL con cola,Size,1000,3,56
lista,SLL con cola,Size,1000,4,57
lista,SLL con cola,Size,1000,5,56
lista,SLL con cola,Size,1000,6,56
lista,SLL con cola,Size,1000,7,58
lista,SLL con cola,Size,1000,8,58
lista,SLL con cola,Size,1000,9,58
lista,SLL con cola,Size,1000,10,58
lista,SLL con cola,Size,1000,11,57
lista,SLL con cola,Size,1000,12,57
lista,SLL con cola,Size,1000,13,56
lista,SLL con cola,Size,1000,14,57
lista,SLL con cola,Size,1000,15,57
lista,SLL con cola,Size,1000,16,56
lista,SLL con cola,Size,1000,17,56
lista,SLL con cola,Size,1000,18,63
lista,SLL con cola,Size,1000,19,56
lista,SLL con cola,Size,1000,20,56
lista,SLL con cola,Size,1000,21,57
lista,SLL con cola,Size,1000,22,57
lista,SLL con cola,Size,1000,23,56
lista,SLL con cola,Size,1000,24,56
lista,SLL con cola,Size,1000,25,58
lista,SLL con cola,Size,1000,26,62
lista,SLL con cola,Size,1000,27,56
lista,SLL con cola,Size,1000,28,56
lista,SLL con cola,Size,1000,29,56
lista,SLL con cola,Size,1000,30,57
lista,SLL con cola,Size,1000,31,57
lista,SLL con cola,Size,1000,32,56
lista,SLL con cola,Size,1000,33,56
lista,SLL con cola,Size,1000,34,63
lista,SLL con cola,Size,1000,35,56
lista,SLL con cola,Size,1000,36,57
lista,SLL con cola,Size,1000,37,56
lista,SLL con cola,Size,1000,38,57
lista,SLL con cola,Size,1000,39,58
lista,SLL con cola,Size,1000,40,58
lista,SLL con cola,Size,1000,41,57
lista,SLL con cola,Size,1000,42,63
lista,SLL con cola,Size,1000,43,56
lista,SLL con cola,Size,1000,44,56
lista,SLL con cola,Size,1000,45,56
lista,SLL con cola,Size,1000,46,57
lista,SLL con cola,Size,1000,47,56
lista,SLL con cola,Size,1000,48,56
lista,SLL con cola,Size,1000,49,56
lista,DLL sin cola,PushFront,1000,0,64
lista,DLL sin cola,PushFront,1000,1,144
lista,DLL sin cola,PushFront,1000,2,51
lista,DLL sin cola,PushFront,1000,3,57
lista,DLL sin cola,PushFront,1000,4,57
lista,DLL sin cola,PushFront,1000,5,57
lista,DLL sin cola,PushFront,1000,6,124
lista,DLL sin cola,PushFront,1000,7,53
lista,DLL sin cola,PushFront,1000,8,48
lista,DLL sin cola,PushFront,1000,9,46
lista,DLL sin cola,PushFront,1000,10,48
lista,DLL sin cola,PushFront,1000,11,48
lista,DLL sin cola,PushFront,1000,12,54
lista,DLL sin cola,PushFront,1000,13,60
lista,DLL sin cola,PushFront,1000,14,113
lista,DLL sin cola,PushFront,1000,15,52
lista,DLL sin cola,PushFront,1000,16,53
lista,DLL sin cola,PushFront,1000,17,44
lista,DLL sin cola,PushFront,1000,18,44
lista,DLL sin cola,PushFront,1000,19,46
lista,DLL sin cola,PushFront,1000,20,45
lista,DLL sin cola,PushFront,1000,21,45
lista,DLL sin cola,PushFront,1000,22,111
lista,DLL sin cola,PushFront,1000,23,45
lista,DLL sin cola,PushFront,1000,24,47
lista,DLL sin cola,PushFront,1000,25,55
lista,DLL sin cola,PushFront,1000,26,51
lista,DLL sin cola,PushFront,1000,27,48
lista,DLL sin cola,PushFront,1000,28,50
lista,DLL sin cola,PushFront,1000,29,55
lista,DLL sin cola,PushFront,1000,30,100
lista,DLL sin cola,PushFront,1000,31,57
lista,DLL sin cola,PushFront,1000,32,49
lista,DLL sin cola,PushFront,1000,33,53
lista,DLL sin cola,PushFront,1000,34,45
lista,DLL sin cola,PushFront,1000,35,50
lista,DLL sin cola,PushFront,1000,36,45
lista,DLL sin cola,PushFront,1000,37,49
lista,DLL sin cola,PushFront,1000,38,391
lista,DLL sin cola,PushFront,1000,39,52
lista,DLL sin cola,PushFront,1000,40,49
lista,DLL sin cola,PushFront,1000,41,52
lista,DLL sin cola,PushFront,1000,42,48
lista,DLL sin cola,PushFront,1000,43,51
lista,DLL sin cola,PushFront,1000,44,52
lista,DLL sin cola,PushFront,1000,45,53
lista,DLL sin cola,PushFront,1000,46,150
lista,DLL sin cola,PushFront,1000,47,45
lista,DLL sin cola,PushFront,1000,48,50
lista,DLL sin cola,PushFront,1000,49,52
lista,DLL sin cola,PushBack,1000,0,1861
lista,DLL sin cola,PushBack,1000,1,1875
lista,DLL sin cola,PushBack,1000,2,1884
lista,DLL sin cola,PushBack,1000,3,1818
lista,DLL sin cola,PushBack,1000,4,1827
lista,DLL sin cola,PushBack,1000,5,2017
lista,DLL sin cola,PushBack,1000,6,1825
lista,DLL sin cola,PushBack,1000,7,1838
lista,DLL sin cola,PushBack,1000,8,1834
lista,DLL sin cola,PushBack,1000,9,1877
lista,DLL sin cola,PushBack,1000,10,1833
lista,DLL sin cola,PushBack,1000,11,1848
lista,DLL sin cola,PushBack,1000,12,1878
lista,DLL sin cola,PushBack,1000,13,1879
lista,DLL sin cola,PushBack,1000,14,1867
lista,DLL sin cola,PushBack,1000,15,1874
lista,DLL sin cola,PushBack,1000,16,1829
lista,DLL sin cola,PushBack,1000,17,1830
lista,DLL sin cola,PushBack,1000,18,1823
lista,DLL sin cola,PushBack,1000,19,1822
lista,DLL sin cola,PushBack,1000,20,1857
lista,DLL sin cola,PushBack,1000,21,1978
lista,DLL sin cola,PushBack,1000,22,25444
lista,DLL sin cola,PushBack,1000,23,1922
lista,DLL sin cola,PushBack,1000,24,1899
lista,DLL sin cola,PushBack,1000,25,1891
lista,DLL sin cola,PushBack,1000,26,1899
lista,DLL sin cola,PushBack,1000,27,1869
lista,DLL sin cola,PushBack,1000,28,1885
lista,DLL sin cola,PushBack,1000,29,1872
lista,DLL sin cola,PushBack,1000,30,1870
lista,DLL sin cola,PushBack,1000,31,1865
lista,DLL sin cola,PushBack,1000,32,1869
lista,DLL sin cola,PushBack,1000,33,1878
lista,DLL sin cola,PushBack,1000,34,1869
lista,DLL sin cola,PushBack,1000,35,1863
lista,DLL sin cola,PushBack,1000,36,1996
lista,DLL sin cola,PushBack,1000,37,1784
lista,DLL sin cola,PushBack,1000,38,1776
lista,DLL sin cola,PushBack,1000,39,1776
lista,DLL sin cola,PushBack,1000,40,1775
lista,DLL sin cola,PushBack,1000,41,1775
lista,DLL sin cola,PushBack,1000,42,1775
lista,DLL sin cola,PushBack,1000,43,1774
lista,DLL sin cola,PushBack,1000,44,1778
lista,DLL sin cola,PushBack,1000,45,1776
lista,DLL sin cola,PushBack,1000,46,1774
lista,DLL sin cola,PushBack,1000,47,1776
lista,DLL sin cola,PushBack,1000,48,1776
lista,DLL sin cola,PushBack,1000,49,1774
lista,DLL sin cola,PopFront,1000,0,68
lista,DLL sin cola,PopFront,1000,1,71
lista,DLL sin cola,PopFront,1000,2,67
lista,DLL sin cola,PopFront,1000,3,70
lista,DLL sin cola,PopFront,1000,4,68
lista,DLL sin cola,PopFront,1000,5,57
lista,DLL sin cola,PopFront,1000,6,52
lista,DLL sin cola,PopFront,1000,7,54
lista,DLL sin cola,PopFront,1000,8,49
lista,DLL sin cola,PopFront,1000,9,71
lista,DLL sin cola,PopFront,1000,10,67
lista,DLL sin cola,PopFront,1000,11,57
lista,DLL sin cola,PopFront,1000,12,65
lista,DLL sin cola,PopFront,1000,13,66
lista,DLL sin cola,PopFront,1000,14,62
lista,DLL sin cola,PopFront,1000,15,61
lista,DLL sin cola,PopFront,1000,16,63
lista,DLL sin cola,PopFront,1000,17,63
lista,DLL sin cola,PopFront,1000,18,50
lista,DLL sin cola,PopFront,1000,19,59
lista,DLL sin cola,PopFront,1000,20,69
lista,DLL sin cola,PopFront,1000,21,58
lista,DLL sin cola,PopFront,1000,22,57
lista,DLL sin cola,PopFront,1000,23,58
lista,DLL sin cola,PopFront,1000,24,51
lista,DLL sin cola,PopFront,1000,25,50
lista,DLL sin cola,PopFront,1000,26,48
lista,DLL sin cola,PopFront,1000,27,54
lista,DLL sin cola,PopFront,1000,28,59
lista,DLL sin cola,PopFront,1000,29,58
lista,DLL sin cola,PopFront,1000,30,58
lista,DLL sin cola,PopFront,1000,31,58
lista,DLL sin cola,PopFront,1000,32,55
lista,DLL sin cola,PopFront,1000,33,60
lista,DLL sin cola,PopFront,1000,34,60
lista,DLL sin cola,PopFront,1000,35,64
lista,DLL sin cola,PopFront,1000,36,63
lista,DLL sin cola,PopFront,1000,37,96
lista,DLL sin cola,PopFront,1000,38,65
lista,DLL sin cola,PopFront,1000,39,54
lista,DLL sin cola,PopFront,1000,40,57
lista,DLL sin cola,PopFront,1000,41,58
lista,DLL sin cola,PopFront,1000,42,57
lista,DLL sin cola,PopFront,1000,43,65
lista,DLL sin cola,PopFront,1000,44,57
lista,DLL sin cola,PopFront,1000,45,55
lista,DLL sin cola,PopFront,1000,46,54
lista,DLL sin cola,PopFront,1000,47,63
lista,DLL sin cola,PopFront,1000,48,64
lista,DLL sin cola,PopFront,1000,49,60
lista,DLL sin cola,PopBack,1000,0,1782
lista,DLL sin cola,PopBack,1000,1,1781
lista,DLL sin cola,PopBack,1000,2,1779
lista,DLL sin cola,PopBack,1000,3,1780
lista,DLL sin cola,PopBack,1000,4,1777
lista,DLL sin cola,PopBack,1000,5,1782
lista,DLL sin cola,PopBack,1000,6,1779
lista,DLL sin cola,PopBack,1000,7,1811
lista,DLL sin cola,PopBack,1000,8,1782
lista,DLL sin cola,PopBack,1000,9,1783
lista,DLL sin cola,PopBack,1000,10,1780
lista,DLL sin cola,PopBack,1000,11,1779
lista,DLL sin cola,PopBack,1000,12,1779
lista,DLL sin cola,PopBack,1000,13,1780
lista,DLL sin cola,PopBack,1000,14,1779
lista,DLL sin cola,PopBack,1000,15,1778
lista,DLL sin cola,PopBack,1000,16,1779
lista,DLL sin cola,PopBack,1000,17,1780
lista,DLL sin cola,PopBack,1000,18,1800
lista,DLL sin cola,PopBack,1000,19,1779
lista,DLL sin cola,PopBack,1000,20,1779
lista,DLL sin cola,PopBack,1000,21,1779
lista,DLL sin cola,PopBack,1000,22,1780
lista,DLL sin cola,PopBack,1000,23,1807
lista,DLL sin cola,PopBack,1000,24,1779
lista,DLL sin cola,PopBack,1000,25,1779
lista,DLL sin cola,PopBack,1000,26,1780
lista,DLL sin cola,PopBack,1000,27,1780
lista,DLL sin cola,PopBack,1000,28,1778
lista,DLL sin cola,PopBack,1000,29,1800
lista,DLL sin cola,PopBack,1000,30,1779
lista,DLL sin cola,PopBack,1000,31,1779
lista,DLL sin cola,PopBack,1000,32,1779
lista,DLL sin cola,PopBack,1000,33,1780
lista,DLL sin cola,PopBack,1000,34,1793
lista,DLL sin cola,PopBack,1000,35,1780
lista,DLL sin cola,PopBack,1000,36,1780
lista,DLL sin cola,PopBack,1000,37,1779
lista,DLL sin cola,PopBack,1000,38,1779
lista,DLL sin cola,PopBack,1000,39,1779
lista,DLL sin cola,PopBack,1000,40,1800
lista,DLL sin cola,PopBack,1000,41,1781
lista,DLL sin cola,PopBack,1000,42,1778
lista,DLL sin cola,PopBack,1000,43,1780
lista,DLL sin cola,PopBack,1000,44,1779
lista,DLL sin cola,PopBack,1000,45,1779
lista,DLL sin cola,PopBack,1000,46,1791
lista,DLL sin cola,PopBack,1000,47,1782
lista,DLL sin cola,PopBack,1000,48,1779
lista,DLL sin cola,PopBack,1000,49,1780
lista,DLL sin cola,TopFront,1000,0,51
lista,DLL sin cola,TopFront,1000,1,51
lista,DLL sin cola,TopFront,1000,2,50
lista,DLL sin cola,TopFront,1000,3,52
lista,DLL sin cola,TopFront,1000,4,52
lista,DLL sin cola,TopFront,1000,5,51
lista,DLL sin cola,TopFront,1000,6,51
lista,DLL sin cola,TopFront,1000,7,52
lista,DLL sin cola,TopFront,1000,8,51
lista,DLL sin cola,TopFront,1000,9,49
lista,DLL sin cola,TopFront,1000,10,52
lista,DLL sin cola,TopFront,1000,11,53
lista,DLL sin cola,TopFront,1000,12,51
lista,DLL sin cola,TopFront,1000,13,49
lista,DLL sin cola,TopFront,1000,14,50
lista,DLL sin cola,TopFront,1000,15,51
lista,DLL sin cola,TopFront,1000,16,51
lista,DLL sin cola,TopFront,1000,17,50
lista,DLL sin cola,TopFront,1000,18,50
lista,DLL sin cola,TopFront,1000,19,51
lista,DLL sin cola,TopFront,1000,20,50
lista,DLL sin cola,TopFront,1000,21,50
lista,DLL sin cola,TopFront,1000,22,51
lista,DLL sin cola,TopFront,1000,23,51
lista,DLL sin cola,TopFront,1000,24,50
lista,DLL sin cola,TopFront,1000,25,51
lista,DLL sin cola,TopFront,1000,26,51
lista,DLL sin cola,TopFront,1000,27,52
lista,DLL sin cola,TopFront,1000,28,51
lista,DLL sin cola,TopFront,1000,29,50
lista,DLL sin cola,TopFront,1000,30,52
lista,DLL sin cola,TopFront,1000,31,52
lista,DLL sin cola,TopFront,1000,32,51
lista,DLL sin cola,TopFront,1000,33,50
lista,DLL sin cola,TopFront,1000,34,51
lista,DLL sin cola,TopFront,1000,35,53
lista,DLL sin cola,TopFront,1000,36,50
lista,DLL sin cola,TopFront,1000,37,50
lista,DLL sin cola,TopFront,1000,38,51
lista,DLL sin cola,TopFront,1000,39,51
lista,DLL sin cola,TopFront,1000,40,51
lista,DLL sin cola,TopFront,1000,41,50
lista,DLL sin cola,TopFront,1000,42,52
lista,DLL sin cola,TopFront,1000,43,50
lista,DLL sin cola,TopFront,1000,44,50
lista,DLL sin cola,TopFront,1000,45,51
lista,DLL sin cola,TopFront,1000,46,52
lista,DLL sin cola,TopFront,1000,47,51
lista,DLL sin cola,TopFront,1000,48,51
lista,DLL sin cola,TopFront,1000,49,52
lista,DLL sin cola,TopBack,1000,0,1775
lista,DLL sin cola,TopBack,1000,1,1799
lista,DLL sin cola,TopBack,1000,2,1776
lista,DLL sin cola,TopBack,1000,3,1776
lista,DLL sin cola,TopBack,1000,4,1774
lista,DLL sin cola,TopBack,1000,5,1777
lista,DLL sin cola,TopBack,1000,6,1776
lista,DLL sin cola,TopBack,1000,7,1778
lista,DLL sin cola,TopBack,1000,8,1774
lista,DLL sin cola,TopBack,1000,9,1775
lista,DLL sin cola,TopBack,1000,10,1774
lista,DLL sin cola,TopBack,1000,11,1775
lista,DLL sin cola,TopBack,1000,12,1774
lista,DLL sin cola,TopBack,1000,13,1776
lista,DLL sin cola,TopBack,1000,14,1775
lista,DLL sin cola,TopBack,1000,15,1774
lista,DLL sin cola,TopBack,1000,16,1774
lista,DLL sin cola,TopBack,1000,17,1777
lista,DLL sin cola,TopBack,1000,18,1776
lista,DLL sin cola,TopBack,1000,19,1775
lista,DLL sin cola,TopBack,1000,20,1775
lista,DLL sin cola,TopBack,1000,21,1776
lista,DLL sin cola,TopBack,1000,22,1776
lista,DLL sin cola,TopBack,1000,23,1776
lista,DLL sin cola,TopBack,1000,24,1775
lista,DLL sin cola,TopBack,1000,25,1778
lista,DLL sin cola,TopBack,1000,26,1775
lista,DLL sin cola,TopBack,1000,27,1776
lista,DLL sin cola,TopBack,1000,28,1777
lista,DLL sin cola,TopBack,1000,29,1775
lista,DLL sin cola,TopBack,1000,30,1779
lista,DLL sin cola,TopBack,1000,31,1776
lista,DLL sin cola,TopBack,1000,32,1778
lista,DLL sin cola,TopBack,1000,33,1777
lista,DLL sin cola,TopBack,1000,34,1778
lista,DLL sin cola,TopBack,1000,35,1776
lista,DLL sin cola,TopBack,1000,36,1776
lista,DLL sin cola,TopBack,1000,37,1775
lista,DLL sin cola,TopBack,1000,38,1776
lista,DLL sin cola,TopBack,1000,39,1776
lista,DLL sin cola,TopBack,1000,40,1775
lista,DLL sin cola,TopBack,1000,41,1776
lista,DLL sin cola,TopBack,1000,42,1776
lista,DLL sin cola,TopBack,1000,43,1776
lista,DLL sin cola,TopBack,1000,44,1775
lista,DLL sin cola,TopBack,1000,45,1775
lista,DLL sin cola,TopBack,1000,46,1776
lista,DLL sin cola,TopBack,1000,47,1775
lista,DLL sin cola,TopBack,1000,48,1776
lista,DLL sin cola,TopBack,1000,49,1774
lista,DLL sin cola,Find,1000,0,2945
lista,DLL sin cola,Find,1000,1,2997
lista,DLL sin cola,Find,1000,2,2970
lista,DLL sin cola,Find,1000,3,2944
lista,DLL sin cola,Find,1000,4,2994
lista,DLL sin cola,Find,1000,5,2962
lista,DLL sin cola,Find,1000,6,2967
lista,DLL sin cola,Find,1000,7,2932
lista,DLL sin cola,Find,1000,8,2975
lista,DLL sin cola,Find,1000,9,2955
lista,DLL sin cola,Find,1000,10,2942
lista,DLL sin cola,Find,1000,11,2967
lista,DLL sin cola,Find,1000,12,2944
lista,DLL sin cola,Find,1000,13,2967
lista,DLL sin cola,Find,1000,14,2955
lista,DLL sin cola,Find,1000,15,2944
lista,DLL sin cola,Find,1000,16,2972
lista,DLL sin cola,Find,1000,17,2940
lista,DLL sin cola,Find,1000,18,2985
lista,DLL sin cola,Find,1000,19,2947
lista,DLL sin cola,Find,1000,20,2946
lista,DLL sin cola,Find,1000,21,3305
lista,DLL sin cola,Find,1000,22,6159
lista,DLL sin cola,Find,1000,23,4971
lista,DLL sin cola,Find,1000,24,5014
lista,DLL sin cola,Find,1000,25,4751
lista,DLL sin cola,Find,1000,26,4889
lista,DLL sin cola,Find,1000,27,4695
lista,DLL sin cola,Find,1000,28,4636
lista,DLL sin cola,Find,1000,29,4411
lista,DLL sin cola,Find,1000,30,4627
lista,DLL sin cola,Find,1000,31,4436
lista,DLL sin cola,Find,1000,32,4634
lista,DLL sin cola,Find,1000,33,4301
lista,DLL sin cola,Find,1000,34,4890
lista,DLL sin cola,Find,1000,35,4424
lista,DLL sin cola,Find,1000,36,4714
lista,DLL sin cola,Find,1000,37,4874
lista,DLL sin cola,Find,1000,38,4824
lista,DLL sin cola,Find,1000,39,5828
lista,DLL sin cola,Find,1000,40,4587
lista,DLL sin cola,Find,1000,41,3049
lista,DLL sin cola,Find,1000,42,3021
lista,DLL sin cola,Find,1000,43,2970
lista,DLL sin cola,Find,1000,44,2995
lista,DLL sin cola,Find,1000,45,2974
lista,DLL sin cola,Find,1000,46,2958
lista,DLL sin cola,Find,1000,47,2987
lista,DLL sin cola,Find,1000,48,2955
lista,DLL sin cola,Find,1000,49,2989
lista,DLL sin cola,Erase,1000,0,2860
lista,DLL sin cola,Erase,1000,1,2855
lista,DLL sin cola,Erase,1000,2,2852
lista,DLL sin cola,Erase,1000,3,2861
lista,DLL sin cola,Erase,1000,4,2846
lista,DLL sin cola,Erase,1000,5,2855
lista,DLL sin cola,Erase,1000,6,2851
lista,DLL sin cola,Erase,1000,7,2933
lista,DLL sin cola,Erase,1000,8,2884
lista,DLL sin cola,Erase,1000,9,2883
lista,DLL sin cola,Erase,1000,10,2854
lista,DLL sin cola,Erase,1000,11,3399
lista,DLL sin cola,Erase,1000,12,2852
lista,DLL sin cola,Erase,1000,13,2867
lista,DLL sin cola,Erase,1000,14,2857
lista,DLL sin cola,Erase,1000,15,2864
lista,DLL sin cola,Erase,1000,16,2875
lista,DLL sin cola,Erase,1000,17,2856
lista,DLL sin cola,Erase,1000,18,2854
lista,DLL sin cola,Erase,1000,19,2856
lista,DLL sin cola,Erase,1000,20,2871
lista,DLL sin cola,Erase,1000,21,2856
lista,DLL sin cola,Erase,1000,22,2852
lista,DLL sin cola,Erase,1000,23,2841
lista,DLL sin cola,Erase,1000,24,2847
lista,DLL sin cola,Erase,1000,25,2847
lista,DLL sin cola,Erase,1000,26,2849
lista,DLL sin cola,Erase,1000,27,2873
lista,DLL sin cola,Erase,1000,28,2857
lista,DLL sin cola,Erase,1000,29,2851
lista,DLL sin cola,Erase,1000,30,2852
lista,DLL sin cola,Erase,1000,31,2860
lista,DLL sin cola,Erase,1000,32,2857
lista,DLL sin cola,Erase,1000,33,2851
lista,DLL sin cola,Erase,1000,34,2853
lista,DLL sin cola,Erase,1000,35,2856
lista,DLL sin cola,Erase,1000,36,2854
lista,DLL sin cola,Erase,1000,37,20146
lista,DLL sin cola,Erase,1000,38,5484
lista,DLL sin cola,Erase,1000,39,3328
lista,DLL sin cola,Erase,1000,40,2863
lista,DLL sin cola,Erase,1000,41,2896
lista,DLL sin cola,Erase,1000,42,2852
lista,DLL sin cola,Erase,1000,43,2867
lista,DLL sin cola,Erase,1000,44,2861
lista,DLL sin cola,Erase,1000,45,2855
lista,DLL sin cola,Erase,1000,46,2853
lista,DLL sin cola,Erase,1000,47,2854
lista,DLL sin cola,Erase,1000,48,2848
lista,DLL sin cola,Erase,1000,49,2853
lista,DLL sin cola,AddBefore,1000,0,113
lista,DLL sin cola,AddBefore,1000,1,116
lista,DLL sin cola,AddBefore,1000,2,107
lista,DLL sin cola,AddBefore,1000,3,68
lista,DLL sin cola,AddBefore,1000,4,107
lista,DLL sin cola,AddBefore,1000,5,83
lista,DLL sin cola,AddBefore,1000,6,105
lista,DLL sin cola,AddBefore,1000,7,84
lista,DLL sin cola,AddBefore,1000,8,83
lista,DLL sin cola,AddBefore,1000,9,80
lista,DLL sin cola,AddBefore,1000,10,97
lista,DLL sin cola,AddBefore,1000,11,79
lista,DLL sin cola,AddBefore,1000,12,96
lista,DLL sin cola,AddBefore,1000,13,56
lista,DLL sin cola,AddBefore,1000,14,131
lista,DLL sin cola,AddBefore,1000,15,57
lista,DLL sin cola,AddBefore,1000,16,103
lista,DLL sin cola,AddBefore,1000,17,77
lista,DLL sin cola,AddBefore,1000,18,76
lista,DLL sin cola,AddBefore,1000,19,80
lista,DLL sin cola,AddBefore,1000,20,95
lista,DLL sin cola,AddBefore,1000,21,58
lista,DLL sin cola,AddBefore,1000,22,98
lista,DLL sin cola,AddBefore,1000,23,79
lista,DLL sin cola,AddBefore,1000,24,100
lista,DLL sin cola,AddBefore,1000,25,83
lista,DLL sin cola,AddBefore,1000,26,78
lista,DLL sin cola,AddBefore,1000,27,79
lista,DLL sin cola,AddBefore,1000,28,97
lista,DLL sin cola,AddBefore,1000,29,58
lista,DLL sin cola,AddBefore,1000,30,100
lista,DLL sin cola,AddBefore,1000,31,78
lista,DLL sin cola,AddBefore,1000,32,100
lista,DLL sin cola,AddBefore,1000,33,78
lista,DLL sin cola,AddBefore,1000,34,77
lista,DLL sin cola,AddBefore,1000,35,82
lista,DLL sin cola,AddBefore,1000,36,100
lista,DLL sin cola,AddBefore,1000,37,58
lista,DLL sin cola,AddBefore,1000,38,97
lista,DLL sin cola,AddBefore,1000,39,84
lista,DLL sin cola,AddBefore,1000,40,80
lista,DLL sin cola,AddBefore,1000,41,86
lista,DLL sin cola,AddBefore,1000,42,100
lista,DLL sin cola,AddBefore,1000,43,86
lista,DLL sin cola,AddBefore,1000,44,118
lista,DLL sin cola,AddBefore,1000,45,84
lista,DLL sin cola,AddBefore,1000,46,100
lista,DLL sin cola,AddBefore,1000,47,80
lista,DLL sin cola,AddBefore,1000,48,102
lista,DLL sin cola,AddBefore,1000,49,59
lista,DLL sin cola,AddAfter,1000,0,104
lista,DLL sin cola,AddAfter,1000,1,111
lista,DLL sin cola,AddAfter,1000,2,1406
lista,DLL sin cola,AddAfter,1000,3,119
lista,DLL sin cola,AddAfter,1000,4,76
lista,DLL sin cola,AddAfter,1000,5,150
lista,DLL sin cola,AddAfter,1000,6,127
lista,DLL sin cola,AddAfter,1000,7,80
lista,DLL sin cola,AddAfter,1000,8,59
lista,DLL sin cola,AddAfter,1000,9,80
lista,DLL sin cola,AddAfter,1000,10,95
lista,DLL sin cola,AddAfter,1000,11,78
lista,DLL sin cola,AddAfter,1000,12,51
lista,DLL sin cola,AddAfter,1000,13,53
lista,DLL sin cola,AddAfter,1000,14,387
lista,DLL sin cola,AddAfter,1000,15,56
lista,DLL sin cola,AddAfter,1000,16,98
lista,DLL sin cola,AddAfter,1000,17,78
lista,DLL sin cola,AddAfter,1000,18,58
lista,DLL sin cola,AddAfter,1000,19,96
lista,DLL sin cola,AddAfter,1000,20,84
lista,DLL sin cola,AddAfter,1000,21,58
lista,DLL sin cola,AddAfter,1000,22,94
lista,DLL sin cola,AddAfter,1000,23,81
lista,DLL sin cola,AddAfter,1000,24,94
lista,DLL sin cola,AddAfter,1000,25,80
lista,DLL sin cola,AddAfter,1000,26,94
lista,DLL sin cola,AddAfter,1000,27,56
lista,DLL sin cola,AddAfter,1000,28,82
lista,DLL sin cola,AddAfter,1000,29,95
lista,DLL sin cola,AddAfter,1000,30,57
lista,DLL sin cola,AddAfter,1000,31,97
lista,DLL sin cola,AddAfter,1000,32,80
lista,DLL sin cola,AddAfter,1000,33,92
lista,DLL sin cola,AddAfter,1000,34,79
lista,DLL sin cola,AddAfter,1000,35,57
lista,DLL sin cola,AddAfter,1000,36,94
lista,DLL sin cola,AddAfter,1000,37,79
lista,DLL sin cola,AddAfter,1000,38,57
lista,DLL sin cola,AddAfter,1000,39,94
lista,DLL sin cola,AddAfter,1000,40,84
lista,DLL sin cola,AddAfter,1000,41,94
lista,DLL sin cola,AddAfter,1000,42,80
lista,DLL sin cola,AddAfter,1000,43,56
lista,DLL sin cola,AddAfter,1000,44,147
lista,DLL sin cola,AddAfter,1000,45,95
lista,DLL sin cola,AddAfter,1000,46,49
lista,DLL sin cola,AddAfter,1000,47,97
lista,DLL sin cola,AddAfter,1000,48,78
lista,DLL sin cola,AddAfter,1000,49,70
lista,DLL sin cola,Empty,1000,0,51
lista,DLL sin cola,Empty,1000,1,50
lista,DLL sin cola,Empty,1000,2,51
lista,DLL sin cola,Empty,1000,3,51
lista,DLL sin cola,Empty,1000,4,51
lista,DLL sin cola,Empty,1000,5,51
lista,DLL sin cola,Empty,1000,6,51
lista,DLL sin cola,Empty,1000,7,51
lista,DLL sin cola,Empty,1000,8,53
lista,DLL sin cola,Empty,1000,9,51
lista,DLL sin cola,Empty,1000,10,50
lista,DLL sin cola,Empty,1000,11,51
lista,DLL sin cola,Empty,1000,12,52
lista,DLL sin cola,Empty,1000,13,51
lista,DLL sin cola,Empty,1000,14,50
lista,DLL sin cola,Empty,1000,15,50
lista,DLL sin cola,Empty,1000,16,50
lista,DLL sin cola,Empty,1000,17,51
lista,DLL sin cola,Empty,1000,18,50
lista,DLL sin cola,Empty,1000,19,51
lista,DLL sin cola,Empty,1000,20,52
lista,DLL sin cola,Empty,1000,21,51
lista,DLL sin cola,Empty,1000,22,50
lista,DLL sin cola,Empty,1000,23,50
lista,DLL sin cola,Empty,1000,24,51
lista,DLL sin cola,Empty,1000,25,50
lista,DLL sin cola,Empty,1000,26,50
lista,DLL sin cola,Empty,1000,27,50
lista,DLL sin cola,Empty,1000,28,52
lista,DLL sin cola,Empty,1000,29,50
lista,DLL sin cola,Empty,1000,30,51
lista,DLL sin cola,Empty,1000,31,51
lista,DLL sin cola,Empty,1000,32,51
lista,DLL sin cola,Empty,1000,33,52
lista,DLL sin cola,Empty,1000,34,50
lista,DLL sin cola,Empty,1000,35,50
lista,DLL sin cola,Empty,1000,36,51
lista,DLL sin cola,Empty,1000,37,50
lista,DLL sin cola,Empty,1000,38,51
lista,DLL sin cola,Empty,1000,39,50
lista,DLL sin cola,Empty,1000,40,51
lista,DLL sin cola,Empty,1000,41,50
lista,DLL sin cola,Empty,1000,42,51
lista,DLL sin cola,Empty,1000,43,50
lista,DLL sin cola,Empty,1000,44,51
lista,DLL sin cola,Empty,1000,45,51
lista,DLL sin cola,Empty,1000,46,51
lista,DLL sin cola,Empty,1000,47,50
lista,DLL sin cola,Empty,1000,48,51
lista,DLL sin cola,Empty,1000,49,50
lista,DLL sin cola,Size,1000,0,56
lista,DLL sin cola,Size,1000,1,76
lista,DLL sin cola,Size,1000,2,54
lista,DLL sin cola,Size,1000,3,62
lista,DLL sin cola,Size,1000,4,56
lista,DLL sin cola,Size,1000,5,56
lista,DLL sin cola,Size,1000,6,57
lista,DLL sin cola,Size,1000,7,62
lista,DLL sin cola,Size,1000,8,56
lista,DLL sin cola,Size,1000,9,56
lista,DLL sin cola,Size,1000,10,56
lista,DLL sin cola,Size,1000,11,62
lista,DLL sin cola,Size,1000,12,55
lista,DLL sin cola,Size,1000,13,55
lista,DLL sin cola,Size,1000,14,55
lista,DLL sin cola,Size,1000,15,61
lista,DLL sin cola,Size,1000,16,55
lista,DLL sin cola,Size,1000,17,55
lista,DLL sin cola,Size,1000,18,54
lista,DLL sin cola,Size,1000,19,63
lista,DLL sin cola,Size,1000,20,56
lista,DLL sin cola,Size,1000,21,57
lista,DLL sin cola,Size,1000,22,56
lista,DLL sin cola,Size,1000,23,61
lista,DLL sin cola,Size,1000,24,56
lista,DLL sin cola,Size,1000,25,55
lista,DLL sin cola,Size,1000,26,56
lista,DLL sin cola,Size,1000,27,61
lista,DLL sin cola,Size,1000,28,55
lista,DLL sin cola,Size,1000,29,55
lista,DLL sin cola,Size,1000,30,55
lista,DLL sin cola,Size,1000,31,62
lista,DLL sin cola,Size,1000,32,56
lista,DLL sin cola,Size,1000,33,56
lista,DLL sin cola,Size,1000,34,56
lista,DLL sin cola,Size,1000,35,62
lista,DLL sin cola,Size,1000,36,55
lista,DLL sin cola,Size,1000,37,55
lista,DLL sin cola,Size,1000,38,55
lista,DLL sin cola,Size,1000,39,61
lista,DLL sin cola,Size,1000,40,56
lista,DLL sin cola,Size,1000,41,56
lista,DLL sin cola,Size,1000,42,56
lista,DLL sin cola,Size,1000,43,62
lista,DLL sin cola,Size,1000,44,55
lista,DLL sin cola,Size,1000,45,56
lista,DLL sin cola,Size,1000,46,56
lista,DLL sin cola,Size,1000,47,62
lista,DLL sin cola,Size,1000,48,55
lista,DLL sin cola,Size,1000,49,55
lista,DLL con cola,PushFront,1000,0,45
lista,DLL con cola,PushFront,1000,1,44
lista,DLL con cola,PushFront,1000,2,45
lista,DLL con cola,PushFront,1000,3,45
lista,DLL con cola,PushFront,1000,4,44
lista,DLL con cola,PushFront,1000,5,45
lista,DLL con cola,PushFront,1000,6,45
lista,DLL con cola,PushFront,1000,7,45
lista,DLL con cola,PushFront,1000,8,45
lista,DLL con cola,PushFront,1000,9,45
lista,DLL con cola,PushFront,1000,10,44
lista,DLL con cola,PushFront,1000,11,45
lista,DLL con cola,PushFront,1000,12,45
lista,DLL con cola,PushFront,1000,13,46
lista,DLL con cola,PushFront,1000,14,46
lista,DLL con cola,PushFront,1000,15,46
lista,DLL con cola,PushFront,1000,16,45
lista,DLL con cola,PushFront,1000,17,45
lista,DLL con cola,PushFront,1000,18,46
lista,DLL con cola,PushFront,1000,19,45
lista,DLL con cola,PushFront,1000,20,45
lista,DLL con cola,PushFront,1000,21,45
lista,DLL con cola,PushFront,1000,22,45
lista,DLL con cola,PushFront,1000,23,45
lista,DLL con cola,PushFront,1000,24,45
lista,DLL con cola,PushFront,1000,25,45
lista,DLL con cola,PushFront,1000,26,46
lista,DLL con cola,PushFront,1000,27,45
lista,DLL con cola,PushFront,1000,28,45
lista,DLL con cola,PushFront,1000,29,45
lista,DLL con cola,PushFront,1000,30,45
lista,DLL con cola,PushFront,1000,31,44
lista,DLL con cola,PushFront,1000,32,45
lista,DLL con cola,PushFront,1000,33,45
lista,DLL con cola,PushFront,1000,34,45
lista,DLL con cola,PushFront,1000,35,46
lista,DLL con cola,PushFront,1000,36,45
lista,DLL con cola,PushFront,1000,37,45
lista,DLL con cola,PushFront,1000,38,45
lista,DLL con cola,PushFront,1000,39,44
lista,DLL con cola,PushFront,1000,40,45
lista,DLL con cola,PushFront,1000,41,45
lista,DLL con cola,PushFront,1000,42,46
lista,DLL con cola,PushFront,1000,43,44
lista,DLL con cola,PushFront,1000,44,46
lista,DLL con cola,PushFront,1000,45,46
lista,DLL con cola,PushFront,1000,46,45
lista,DLL con cola,PushFront,1000,47,45
lista,DLL con cola,PushFront,1000,48,45
lista,DLL con cola,PushFront,1000,49,43
lista,DLL con cola,PushBack,1000,0,48
lista,DLL con cola,PushBack,1000,1,47
lista,DLL con cola,PushBack,1000,2,47
lista,DLL con cola,PushBack,1000,3,47
lista,DLL con cola,PushBack,1000,4,47
lista,DLL con cola,PushBack,1000,5,47
lista,DLL con cola,PushBack,1000,6,46
lista,DLL con cola,PushBack,1000,7,47
lista,DLL con cola,PushBack,1000,8,47
lista,DLL con cola,PushBack,1000,9,47
lista,DLL con cola,PushBack,1000,10,47
lista,DLL con cola,PushBack,1000,11,46
lista,DLL con cola,PushBack,1000,12,47
lista,DLL con cola,PushBack,1000,13,47
lista,DLL con cola,PushBack,1000,14,46
lista,DLL con cola,PushBack,1000,15,47
lista,DLL con cola,PushBack,1000,16,47
lista,DLL con cola,PushBack,1000,17,47
lista,DLL con cola,PushBack,1000,18,48
lista,DLL con cola,PushBack,1000,19,46
lista,DLL con cola,PushBack,1000,20,47
lista,DLL con cola,PushBack,1000,21,47
lista,DLL con cola,PushBack,1000,22,46
lista,DLL con cola,PushBack,1000,23,47
lista,DLL con cola,PushBack,1000,24,47
lista,DLL con cola,PushBack,1000,25,47
lista,DLL con cola,PushBack,1000,26,47
lista,DLL con cola,PushBack,1000,27,47
lista,DLL con cola,PushBack,1000,28,48
lista,DLL con cola,PushBack,1000,29,48
lista,DLL con cola,PushBack,1000,30,46
lista,DLL con cola,PushBack,1000,31,46
lista,DLL con cola,PushBack,1000,32,46
lista,DLL con cola,PushBack,1000,33,47
lista,DLL con cola,PushBack,1000,34,47
lista,DLL con cola,PushBack,1000,35,48
lista,DLL con cola,PushBack,1000,36,46
lista,DLL con cola,PushBack,1000,37,48
lista,DLL con cola,PushBack,1000,38,47
lista,DLL con cola,PushBack,1000,39,47
lista,DLL con cola,PushBack,1000,40,47
lista,DLL con cola,PushBack,1000,41,46
lista,DLL con cola,PushBack,1000,42,47
lista,DLL con cola,PushBack,1000,43,46
lista,DLL con cola,PushBack,1000,44,47
lista,DLL con cola,PushBack,1000,45,46
lista,DLL con cola,PushBack,1000,46,47
lista,DLL con cola,PushBack,1000,47,48
lista,DLL con cola,PushBack,1000,48,46
lista,DLL con cola,PushBack,1000,49,46
lista,DLL con cola,PopFront,1000,0,48
lista,DLL con cola,PopFront,1000,1,59
lista,DLL con cola,PopFront,1000,2,49
lista,DLL con cola,PopFront,1000,3,49
lista,DLL con cola,PopFront,1000,4,49
lista,DLL con cola,PopFront,1000,5,49
lista,DLL con cola,PopFront,1000,6,50
lista,DLL con cola,PopFront,1000,7,49
lista,DLL con cola,PopFront,1000,8,50
lista,DLL con cola,PopFront,1000,9,50
lista,DLL con cola,PopFront,1000,10,50
lista,DLL con cola,PopFront,1000,11,49
lista,DLL con cola,PopFront,1000,12,49
lista,DLL con cola,PopFront,1000,13,48
lista,DLL con cola,PopFront,1000,14,49
lista,DLL con cola,PopFront,1000,15,48
lista,DLL con cola,PopFront,1000,16,50
lista,DLL con cola,PopFront,1000,17,49
lista,DLL con cola,PopFront,1000,18,49
lista,DLL con cola,PopFront,1000,19,49
lista,DLL con cola,PopFront,1000,20,49
lista,DLL con cola,PopFront,1000,21,50
lista,DLL con cola,PopFront,1000,22,48
lista,DLL con cola,PopFront,1000,23,49
lista,DLL con cola,PopFront,1000,24,49
lista,DLL con cola,PopFront,1000,25,48
lista,DLL con cola,PopFront,1000,26,49
lista,DLL con cola,PopFront,1000,27,49
lista,DLL con cola,PopFront,1000,28,49
lista,DLL con cola,PopFront,1000,29,49
lista,DLL con cola,PopFront,1000,30,48
lista,DLL con cola,PopFront,1000,31,48
lista,DLL con cola,PopFront,1000,32,48
lista,DLL con cola,PopFront,1000,33,48
lista,DLL con cola,PopFront,1000,34,48
lista,DLL con cola,PopFront,1000,35,49
lista,DLL con cola,PopFront,1000,36,49
lista,DLL con cola,PopFront,1000,37,50
lista,DLL con cola,PopFront,1000,38,49
lista,DLL con cola,PopFront,1000,39,49
lista,DLL con cola,PopFront,1000,40,49
lista,DLL con cola,PopFront,1000,41,49
lista,DLL con cola,PopFront,1000,42,49
lista,DLL con cola,PopFront,1000,43,47
lista,DLL con cola,PopFront,1000,44,48
lista,DLL con cola,PopFront,1000,45,50
lista,DLL con cola,PopFront,1000,46,49
lista,DLL con cola,PopFront,1000,47,50
lista,DLL con cola,PopFront,1000,48,50
lista,DLL con cola,PopFront,1000,49,50
lista,DLL con cola,PopBack,1000,0,49
lista,DLL con cola,PopBack,1000,1,71
lista,DLL con cola,PopBack,1000,2,49
lista,DLL con cola,PopBack,1000,3,49
lista,DLL con cola,PopBack,1000,4,49
lista,DLL con cola,PopBack,1000,5,49
lista,DLL con cola,PopBack,1000,6,51
lista,DLL con cola,PopBack,1000,7,52
lista,DLL con cola,PopBack,1000,8,49
lista,DLL con cola,PopBack,1000,9,50
lista,DLL con cola,PopBack,1000,10,49
lista,DLL con cola,PopBack,1000,11,49
lista,DLL con cola,PopBack,1000,12,49
lista,DLL con cola,PopBack,1000,13,47
lista,DLL con cola,PopBack,1000,14,48
lista,DLL con cola,PopBack,1000,15,50
lista,DLL con cola,PopBack,1000,16,50
lista,DLL con cola,PopBack,1000,17,51
lista,DLL con cola,PopBack,1000,18,50
lista,DLL con cola,PopBack,1000,19,49
lista,DLL con cola,PopBack,1000,20,50
lista,DLL con cola,PopBack,1000,21,51
lista,DLL con cola,PopBack,1000,22,50
lista,DLL con cola,PopBack,1000,23,50
lista,DLL con cola,PopBack,1000,24,48
lista,DLL con cola,PopBack,1000,25,48
lista,DLL con cola,PopBack,1000,26,51
lista,DLL con cola,PopBack,1000,27,49
lista,DLL con cola,PopBack,1000,28,48
lista,DLL con cola,PopBack,1000,29,49
lista,DLL con cola,PopBack,1000,30,51
lista,DLL con cola,PopBack,1000,31,51
lista,DLL con cola,PopBack,1000,32,50
lista,DLL con cola,PopBack,1000,33,50
lista,DLL con cola,PopBack,1000,34,48
lista,DLL con cola,PopBack,1000,35,48
lista,DLL con cola,PopBack,1000,36,49
lista,DLL con cola,PopBack,1000,37,50
lista,DLL con cola,PopBack,1000,38,48
lista,DLL con cola,PopBack,1000,39,50
lista,DLL con cola,PopBack,1000,40,49
lista,DLL con cola,PopBack,1000,41,51
lista,DLL con cola,PopBack,1000,42,50
lista,DLL con cola,PopBack,1000,43,51
lista,DLL con cola,PopBack,1000,44,49
lista,DLL con cola,PopBack,1000,45,52
lista,DLL con cola,PopBack,1000,46,49
lista,DLL con cola,PopBack,1000,47,49
lista,DLL con cola,PopBack,1000,48,50
lista,DLL con cola,PopBack,1000,49,49
lista,DLL con cola,TopFront,1000,0,53
lista,DLL con cola,TopFront,1000,1,51
lista,DLL con cola,TopFront,1000,2,53
lista,DLL con cola,TopFront,1000,3,51
lista,DLL con cola,TopFront,1000,4,51
lista,DLL con cola,TopFront,1000,5,52
lista,DLL con cola,TopFront,1000,6,52
lista,DLL con cola,TopFront,1000,7,53
lista,DLL con cola,TopFront,1000,8,51
lista,DLL con cola,TopFront,1000,9,51
lista,DLL con cola,TopFront,1000,10,52
lista,DLL con cola,TopFront,1000,11,53
lista,DLL con cola,TopFront,1000,12,52
lista,DLL con cola,TopFront,1000,13,52
lista,DLL con cola,TopFront,1000,14,52
lista,DLL con cola,TopFront,1000,15,53
lista,DLL con cola,TopFront,1000,16,53
lista,DLL con cola,TopFront,1000,17,53
lista,DLL con cola,TopFront,1000,18,51
lista,DLL con cola,TopFront,1000,19,51
lista,DLL con cola,TopFront,1000,20,52
lista,DLL con cola,TopFront,1000,21,52
lista,DLL con cola,TopFront,1000,22,52
lista,DLL con cola,TopFront,1000,23,52
lista,DLL con cola,TopFront,1000,24,51
lista,DLL con cola,TopFront,1000,25,52
lista,DLL con cola,TopFront,1000,26,53
lista,DLL con cola,TopFront,1000,27,52
lista,DLL con cola,TopFront,1000,28,52
lista,DLL con cola,TopFront,1000,29,51
lista,DLL con cola,TopFront,1000,30,52
lista,DLL con cola,TopFront,1000,31,53
lista,DLL con cola,TopFront,1000,32,52
lista,DLL con cola,TopFront,1000,33,52
lista,DLL con cola,TopFront,1000,34,51
lista,DLL con cola,TopFront,1000,35,53
lista,DLL con cola,TopFront,1000,36,53
lista,DLL con cola,TopFront,1000,37,52
lista,DLL con cola,TopFront,1000,38,52
lista,DLL con cola,TopFront,1000,39,51
lista,DLL con cola,TopFront,1000,40,52
lista,DLL con cola,TopFront,1000,41,53
lista,DLL con cola,TopFront,1000,42,52
lista,DLL con cola,TopFront,1000,43,52
lista,DLL con cola,TopFront,1000,44,51
lista,DLL con cola,TopFront,1000,45,52
lista,DLL con cola,TopFront,1000,46,53
lista,DLL con cola,TopFront,1000,47,52
lista,DLL con cola,TopFront,1000,48,52
lista,DLL con cola,TopFront,1000,49,51
lista,DLL con cola,TopBack,1000,0,52
lista,DLL con cola,TopBack,1000,1,73
lista,DLL con cola,TopBack,1000,2,52
lista,DLL con cola,TopBack,1000,3,51
lista,DLL con cola,TopBack,1000,4,52
lista,DLL con cola,TopBack,1000,5,53
lista,DLL con cola,TopBack,1000,6,52
lista,DLL con cola,TopBack,1000,7,52
lista,DLL con cola,TopBack,1000,8,52
lista,DLL con cola,TopBack,1000,9,53
lista,DLL con cola,TopBack,1000,10,52
lista,DLL con cola,TopBack,1000,11,52
lista,DLL con cola,TopBack,1000,12,52
lista,DLL con cola,TopBack,1000,13,52
lista,DLL con cola,TopBack,1000,14,53
lista,DLL con cola,TopBack,1000,15,52
lista,DLL con cola,TopBack,1000,16,51
lista,DLL con cola,TopBack,1000,17,52
lista,DLL con cola,TopBack,1000,18,52
lista,DLL con cola,TopBack,1000,19,52
lista,DLL con cola,TopBack,1000,20,53
lista,DLL con cola,TopBack,1000,21,53
lista,DLL con cola,TopBack,1000,22,51
lista,DLL con cola,TopBack,1000,23,53
lista,DLL con cola,TopBack,1000,24,52
lista,DLL con cola,TopBack,1000,25,53
lista,DLL con cola,TopBack,1000,26,2378
lista,DLL con cola,TopBack,1000,27,85
lista,DLL con cola,TopBack,1000,28,52
lista,DLL con cola,TopBack,1000,29,50
lista,DLL con cola,TopBack,1000,30,51
lista,DLL con cola,TopBack,1000,31,53
lista,DLL con cola,TopBack,1000,32,53
lista,DLL con cola,TopBack,1000,33,50
lista,DLL con cola,TopBack,1000,34,52
lista,DLL con cola,TopBack,1000,35,52
lista,DLL con cola,TopBack,1000,36,53
lista,DLL con cola,TopBack,1000,37,52
lista,DLL con cola,TopBack,1000,38,52
lista,DLL con cola,TopBack,1000,39,52
lista,DLL con cola,TopBack,1000,40,52
lista,DLL con cola,TopBack,1000,41,53
lista,DLL con cola,TopBack,1000,42,52
lista,DLL con cola,TopBack,1000,43,51
lista,DLL con cola,TopBack,1000,44,53
lista,DLL con cola,TopBack,1000,45,51
lista,DLL con cola,TopBack,1000,46,53
lista,DLL con cola,TopBack,1000,47,52
lista,DLL con cola,TopBack,1000,48,52
lista,DLL con cola,TopBack,1000,49,52
lista,DLL con cola,Find,1000,0,3010
lista,DLL con cola,Find,1000,1,3031
lista,DLL con cola,Find,1000,2,3013
lista,DLL con cola,Find,1000,3,3016
lista,DLL con cola,Find,1000,4,3027
lista,DLL con cola,Find,1000,5,3009
lista,DLL con cola,Find,1000,6,3026
lista,DLL con cola,Find,1000,7,2993
lista,DLL con cola,Find,1000,8,3031
lista,DLL con cola,Find,1000,9,3009
lista,DLL con cola,Find,1000,10,3031
lista,DLL con cola,Find,1000,11,3018
lista,DLL con cola,Find,1000,12,3015
lista,DLL con cola,Find,1000,13,3033
lista,DLL con cola,Find,1000,14,3009
lista,DLL con cola,Find,1000,15,3020
lista,DLL con cola,Find,1000,16,3009
lista,DLL con cola,Find,1000,17,3021
lista,DLL con cola,Find,1000,18,3005
lista,DLL con cola,Find,1000,19,3010
lista,DLL con cola,Find,1000,20,3013
lista,DLL con cola,Find,1000,21,3029
lista,DLL con cola,Find,1000,22,2999
lista,DLL con cola,Find,1000,23,3009
lista,DLL con cola,Find,1000,24,3029
lista,DLL con cola,Find,1000,25,2994
lista,DLL con cola,Find,1000,26,3002
lista,DLL con cola,Find,1000,27,2995
lista,DLL con cola,Find,1000,28,3031
lista,DLL con cola,Find,1000,29,3008
lista,DLL con cola,Find,1000,30,3007
lista,DLL con cola,Find,1000,31,2982
lista,DLL con cola,Find,1000,32,3045
lista,DLL con cola,Find,1000,33,5884
lista,DLL con cola,Find,1000,34,3667
lista,DLL con cola,Find,1000,35,2972
lista,DLL con cola,Find,1000,36,2980
lista,DLL con cola,Find,1000,37,3008
lista,DLL con cola,Find,1000,38,2967
lista,DLL con cola,Find,1000,39,3009
lista,DLL con cola,Find,1000,40,2992
lista,DLL con cola,Find,1000,41,2970
lista,DLL con cola,Find,1000,42,3026
lista,DLL con cola,Find,1000,43,2981
lista,DLL con cola,Find,1000,44,2986
lista,DLL con cola,Find,1000,45,2981
lista,DLL con cola,Find,1000,46,3014
lista,DLL con cola,Find,1000,47,2979
lista,DLL con cola,Find,1000,48,3015
lista,DLL con cola,Find,1000,49,2986
lista,DLL con cola,Erase,1000,0,3205
lista,DLL con cola,Erase,1000,1,3192
lista,DLL con cola,Erase,1000,2,3197
lista,DLL con cola,Erase,1000,3,3223
lista,DLL con cola,Erase,1000,4,6538
lista,DLL con cola,Erase,1000,5,3402
lista,DLL con cola,Erase,1000,6,3283
lista,DLL con cola,Erase,1000,7,3532
lista,DLL con cola,Erase,1000,8,3239
lista,DLL con cola,Erase,1000,9,3259
lista,DLL con cola,Erase,1000,10,3224
lista,DLL con cola,Erase,1000,11,3229
lista,DLL con cola,Erase,1000,12,3230
lista,DLL con cola,Erase,1000,13,3215
lista,DLL con cola,Erase,1000,14,3222
lista,DLL con cola,Erase,1000,15,3743
lista,DLL con cola,Erase,1000,16,11677
lista,DLL con cola,Erase,1000,17,3422
lista,DLL con cola,Erase,1000,18,3244
lista,DLL con cola,Erase,1000,19,3296
lista,DLL con cola,Erase,1000,20,3218
lista,DLL con cola,Erase,1000,21,3228
lista,DLL con cola,Erase,1000,22,3248
lista,DLL con cola,Erase,1000,23,3193
lista,DLL con cola,Erase,1000,24,3209
lista,DLL con cola,Erase,1000,25,3220
lista,DLL con cola,Erase,1000,26,3210
lista,DLL con cola,Erase,1000,27,3218
lista,DLL con cola,Erase,1000,28,3202
lista,DLL con cola,Erase,1000,29,3210
lista,DLL con cola,Erase,1000,30,3216
lista,DLL con cola,Erase,1000,31,6343
lista,DLL con cola,Erase,1000,32,3562
lista,DLL con cola,Erase,1000,33,3289
lista,DLL con cola,Erase,1000,34,3294
lista,DLL con cola,Erase,1000,35,3245
lista,DLL con cola,Erase,1000,36,3254
lista,DLL con cola,Erase,1000,37,3249
lista,DLL con cola,Erase,1000,38,3247
lista,DLL con cola,Erase,1000,39,3215
lista,DLL con cola,Erase,1000,40,3224
lista,DLL con cola,Erase,1000,41,3230
lista,DLL con cola,Erase,1000,42,3204
lista,DLL con cola,Erase,1000,43,3220
lista,DLL con cola,Erase,1000,44,3215
lista,DLL con cola,Erase,1000,45,3220
lista,DLL con cola,Erase,1000,46,3235
lista,DLL con cola,Erase,1000,47,3215
lista,DLL con cola,Erase,1000,48,3210
lista,DLL con cola,Erase,1000,49,3213
lista,DLL con cola,AddBefore,1000,0,226
lista,DLL con cola,AddBefore,1000,1,221
lista,DLL con cola,AddBefore,1000,2,176
lista,DLL con cola,AddBefore,1000,3,157
lista,DLL con cola,AddBefore,1000,4,189
lista,DLL con cola,AddBefore,1000,5,167
lista,DLL con cola,AddBefore,1000,6,2323
lista,DLL con cola,AddBefore,1000,7,277
lista,DLL con cola,AddBefore,1000,8,223
lista,DLL con cola,AddBefore,1000,9,199
lista,DLL con cola,AddBefore,1000,10,162
lista,DLL con cola,AddBefore,1000,11,149
lista,DLL con cola,AddBefore,1000,12,154
lista,DLL con cola,AddBefore,1000,13,134
lista,DLL con cola,AddBefore,1000,14,116
lista,DLL con cola,AddBefore,1000,15,152
lista,DLL con cola,AddBefore,1000,16,144
lista,DLL con cola,AddBefore,1000,17,155
lista,DLL con cola,AddBefore,1000,18,136
lista,DLL con cola,AddBefore,1000,19,152
lista,DLL con cola,AddBefore,1000,20,131
lista,DLL con cola,AddBefore,1000,21,124
lista,DLL con cola,AddBefore,1000,22,161
lista,DLL con cola,AddBefore,1000,23,118
lista,DLL con cola,AddBefore,1000,24,147
lista,DLL con cola,AddBefore,1000,25,120
lista,DLL con cola,AddBefore,1000,26,120
lista,DLL con cola,AddBefore,1000,27,148
lista,DLL con cola,AddBefore,1000,28,120
lista,DLL con cola,AddBefore,1000,29,627
lista,DLL con cola,AddBefore,1000,30,168
lista,DLL con cola,AddBefore,1000,31,120
lista,DLL con cola,AddBefore,1000,32,132
lista,DLL con cola,AddBefore,1000,33,139
lista,DLL con cola,AddBefore,1000,34,614
lista,DLL con cola,AddBefore,1000,35,138
lista,DLL con cola,AddBefore,1000,36,143
lista,DLL con cola,AddBefore,1000,37,135
lista,DLL con cola,AddBefore,1000,38,135
lista,DLL con cola,AddBefore,1000,39,131
lista,DLL con cola,AddBefore,1000,40,129
lista,DLL con cola,AddBefore,1000,41,119
lista,DLL con cola,AddBefore,1000,42,133
lista,DLL con cola,AddBefore,1000,43,134
lista,DLL con cola,AddBefore,1000,44,131
lista,DLL con cola,AddBefore,1000,45,130
lista,DLL con cola,AddBefore,1000,46,122
lista,DLL con cola,AddBefore,1000,47,131
lista,DLL con cola,AddBefore,1000,48,132
lista,DLL con cola,AddBefore,1000,49,121
lista,DLL con cola,AddAfter,1000,0,217
lista,DLL con cola,AddAfter,1000,1,214
lista,DLL con cola,AddAfter,1000,2,668
lista,DLL con cola,AddAfter,1000,3,163
lista,DLL con cola,AddAfter,1000,4,236
lista,DLL con cola,AddAfter,1000,5,231
lista,DLL con cola,AddAfter,1000,6,200
lista,DLL con cola,AddAfter,1000,7,642
lista,DLL con cola,AddAfter,1000,8,164
lista,DLL con cola,AddAfter,1000,9,266
lista,DLL con cola,AddAfter,1000,10,241
lista,DLL con cola,AddAfter,1000,11,184
lista,DLL con cola,AddAfter,1000,12,226
lista,DLL con cola,AddAfter,1000,13,204
lista,DLL con cola,AddAfter,1000,14,211
lista,DLL con cola,AddAfter,1000,15,152
lista,DLL con cola,AddAfter,1000,16,154
lista,DLL con cola,AddAfter,1000,17,196
lista,DLL con cola,AddAfter,1000,18,170
lista,DLL con cola,AddAfter,1000,19,199
lista,DLL con cola,AddAfter,1000,20,179
lista,DLL con cola,AddAfter,1000,21,174
lista,DLL con cola,AddAfter,1000,22,159
lista,DLL con cola,AddAfter,1000,23,156
lista,DLL con cola,AddAfter,1000,24,203
lista,DLL con cola,AddAfter,1000,25,176
lista,DLL con cola,AddAfter,1000,26,187
lista,DLL con cola,AddAfter,1000,27,173
lista,DLL con cola,AddAfter,1000,28,189
lista,DLL con cola,AddAfter,1000,29,153
lista,DLL con cola,AddAfter,1000,30,152
lista,DLL con cola,AddAfter,1000,31,170
lista,DLL con cola,AddAfter,1000,32,185
lista,DLL con cola,AddAfter,1000,33,178
lista,DLL con cola,AddAfter,1000,34,181
lista,DLL con cola,AddAfter,1000,35,647
lista,DLL con cola,AddAfter,1000,36,191
lista,DLL con cola,AddAfter,1000,37,181
lista,DLL con cola,AddAfter,1000,38,196
lista,DLL con cola,AddAfter,1000,39,190
lista,DLL con cola,AddAfter,1000,40,207
lista,DLL con cola,AddAfter,1000,41,155
lista,DLL con cola,AddAfter,1000,42,172
lista,DLL con cola,AddAfter,1000,43,174
lista,DLL con cola,AddAfter,1000,44,205
lista,DLL con cola,AddAfter,1000,45,177
lista,DLL con cola,AddAfter,1000,46,171
lista,DLL con cola,AddAfter,1000,47,202
lista,DLL con cola,AddAfter,1000,48,153
lista,DLL con cola,AddAfter,1000,49,154
lista,DLL con cola,Empty,1000,0,80
lista,DLL con cola,Empty,1000,1,77
lista,DLL con cola,Empty,1000,2,78
lista,DLL con cola,Empty,1000,3,76
lista,DLL con cola,Empty,1000,4,78
lista,DLL con cola,Empty,1000,5,77
lista,DLL con cola,Empty,1000,6,78
lista,DLL con cola,Empty,1000,7,76
lista,DLL con cola,Empty,1000,8,75
lista,DLL con cola,Empty,1000,9,75
lista,DLL con cola,Empty,1000,10,76
lista,DLL con cola,Empty,1000,11,75
lista,DLL con cola,Empty,1000,12,76
lista,DLL con cola,Empty,1000,13,76
lista,DLL con cola,Empty,1000,14,76
lista,DLL con cola,Empty,1000,15,75
lista,DLL con cola,Empty,1000,16,75
lista,DLL con cola,Empty,1000,17,75
lista,DLL con cola,Empty,1000,18,75
lista,DLL con cola,Empty,1000,19,76
lista,DLL con cola,Empty,1000,20,75
lista,DLL con cola,Empty,1000,21,75
lista,DLL con cola,Empty,1000,22,75
lista,DLL con cola,Empty,1000,23,75
lista,DLL con cola,Empty,1000,24,76
lista,DLL con cola,Empty,1000,25,75
lista,DLL con cola,Empty,1000,26,75
lista,DLL con cola,Empty,1000,27,75
lista,DLL con cola,Empty,1000,28,75
lista,DLL con cola,Empty,1000,29,76
lista,DLL con cola,Empty,1000,30,77
lista,DLL con cola,Empty,1000,31,76
lista,DLL con cola,Empty,1000,32,76
lista,DLL con cola,Empty,1000,33,75
lista,DLL con cola,Empty,1000,34,75
lista,DLL con cola,Empty,1000,35,75
lista,DLL con cola,Empty,1000,36,76
lista,DLL con cola,Empty,1000,37,77
lista,DLL con cola,Empty,1000,38,75
lista,DLL con cola,Empty,1000,39,76
lista,DLL con cola,Empty,1000,40,78
lista,DLL con cola,Empty,1000,41,75
lista,DLL con cola,Empty,1000,42,75
lista,DLL con cola,Empty,1000,43,75
lista,DLL con cola,Empty,1000,44,76
lista,DLL con cola,Empty,1000,45,75
lista,DLL con cola,Empty,1000,46,75
lista,DLL con cola,Empty,1000,47,74
lista,DLL con cola,Empty,1000,48,75
lista,DLL con cola,Empty,1000,49,75
lista,DLL con cola,Size,1000,0,62
lista,DLL con cola,Size,1000,1,56
lista,DLL con cola,Size,1000,2,56
lista,DLL con cola,Size,1000,3,56
lista,DLL con cola,Size,1000,4,56
lista,DLL con cola,Size,1000,5,56
lista,DLL con cola,Size,1000,6,56
lista,DLL con cola,Size,1000,7,56
lista,DLL con cola,Size,1000,8,56
lista,DLL con cola,Size,1000,9,57
lista,DLL con cola,Size,1000,10,58
lista,DLL con cola,Size,1000,11,57
lista,DLL con cola,Size,1000,12,56
lista,DLL con cola,Size,1000,13,56
lista,DLL con cola,Size,1000,14,56
lista,DLL con cola,Size,1000,15,57
lista,DLL con cola,Size,1000,16,56
lista,DLL con cola,Size,1000,17,57
lista,DLL con cola,Size,1000,18,56
lista,DLL con cola,Size,1000,19,57
lista,DLL con cola,Size,1000,20,62
lista,DLL con cola,Size,1000,21,56
lista,DLL con cola,Size,1000,22,57
lista,DLL con cola,Size,1000,23,56
lista,DLL con cola,Size,1000,24,62
lista,DLL con cola,Size,1000,25,57
lista,DLL con cola,Size,1000,26,56
lista,DLL con cola,Size,1000,27,57
lista,DLL con cola,Size,1000,28,61
lista,DLL con cola,Size,1000,29,56
lista,DLL con cola,Size,1000,30,56
lista,DLL con cola,Size,1000,31,57
lista,DLL con cola,Size,1000,32,64
lista,DLL con cola,Size,1000,33,56
lista,DLL con cola,Size,1000,34,57
lista,DLL con cola,Size,1000,35,57
lista,DLL con cola,Size,1000,36,62
lista,DLL con cola,Size,1000,37,55
lista,DLL con cola,Size,1000,38,57
lista,DLL con cola,Size,1000,39,56
lista,DLL con cola,Size,1000,40,62
lista,DLL con cola,Size,1000,41,58
lista,DLL con cola,Size,1000,42,57
lista,DLL con cola,Size,1000,43,57
lista,DLL con cola,Size,1000,44,56
lista,DLL con cola,Size,1000,45,56
lista,DLL con cola,Size,1000,46,56
lista,DLL con cola,Size,1000,47,56
lista,DLL con cola,Size,1000,48,63
lista,DLL con cola,Size,1000,49,57
pilacola,ArrayStack,Push,1000,0,42
pilacola,ArrayStack,Push,1000,1,43
pilacola,ArrayStack,Push,1000,2,43
pilacola,ArrayStack,Push,1000,3,43
pilacola,ArrayStack,Push,1000,4,43
pilacola,ArrayStack,Push,1000,5,42
pilacola,ArrayStack,Push,1000,6,44
pilacola,ArrayStack,Push,1000,7,43
pilacola,ArrayStack,Push,1000,8,44
pilacola,ArrayStack,Push,1000,9,42
pilacola,ArrayStack,Push,1000,10,43
pilacola,ArrayStack,Push,1000,11,42
pilacola,ArrayStack,Push,1000,12,43
pilacola,ArrayStack,Push,1000,13,43
pilacola,ArrayStack,Push,1000,14,44
pilacola,ArrayStack,Push,1000,15,43
pilacola,ArrayStack,Push,1000,16,42
pilacola,ArrayStack,Push,1000,17,44
pilacola,ArrayStack,Push,1000,18,43
pilacola,ArrayStack,Push,1000,19,44
pilacola,ArrayStack,Push,1000,20,44
pilacola,ArrayStack,Push,1000,21,43
pilacola,ArrayStack,Push,1000,22,43
pilacola,ArrayStack,Push,1000,23,44
pilacola,ArrayStack,Push,1000,24,42
pilacola,ArrayStack,Push,1000,25,43
pilacola,ArrayStack,Push,1000,26,44
pilacola,ArrayStack,Push,1000,27,43
pilacola,ArrayStack,Push,1000,28,44
pilacola,ArrayStack,Push,1000,29,44
pilacola,ArrayStack,Push,1000,30,41
pilacola,ArrayStack,Push,1000,31,43
pilacola,ArrayStack,Push,1000,32,44
pilacola,ArrayStack,Push,1000,33,43
pilacola,ArrayStack,Push,1000,34,42
pilacola,ArrayStack,Push,1000,35,43
pilacola,ArrayStack,Push,1000,36,43
pilacola,ArrayStack,Push,1000,37,44
pilacola,ArrayStack,Push,1000,38,44
pilacola,ArrayStack,Push,1000,39,43
pilacola,ArrayStack,Push,1000,40,44
pilacola,ArrayStack,Push,1000,41,43
pilacola,ArrayStack,Push,1000,42,43
pilacola,ArrayStack,Push,1000,43,42
pilacola,ArrayStack,Push,1000,44,42
pilacola,ArrayStack,Push,1000,45,43
pilacola,ArrayStack,Push,1000,46,45
pilacola,ArrayStack,Push,1000,47,43
pilacola,ArrayStack,Push,1000,48,44
pilacola,ArrayStack,Push,1000,49,43
pilacola,ArrayStack,Pop,1000,0,94
pilacola,ArrayStack,Pop,1000,1,94
pilacola,ArrayStack,Pop,1000,2,95
pilacola,ArrayStack,Pop,1000,3,93
pilacola,ArrayStack,Pop,1000,4,92
pilacola,ArrayStack,Pop,1000,5,95
pilacola,ArrayStack,Pop,1000,6,262
pilacola,ArrayStack,Pop,1000,7,103
pilacola,ArrayStack,Pop,1000,8,113
pilacola,ArrayStack,Pop,1000,9,104
pilacola,ArrayStack,Pop,1000,10,168
pilacola,ArrayStack,Pop,1000,11,101
pilacola,ArrayStack,Pop,1000,12,99
pilacola,ArrayStack,Pop,1000,13,118
pilacola,ArrayStack,Pop,1000,14,117
pilacola,ArrayStack,Pop,1000,15,115
pilacola,ArrayStack,Pop,1000,16,99
pilacola,ArrayStack,Pop,1000,17,100
pilacola,ArrayStack,Pop,1000,18,94
pilacola,ArrayStack,Pop,1000,19,98
pilacola,ArrayStack,Pop,1000,20,96
pilacola,ArrayStack,Pop,1000,21,110
pilacola,ArrayStack,Pop,1000,22,120
pilacola,ArrayStack,Pop,1000,23,105
pilacola,ArrayStack,Pop,1000,24,112
pilacola,ArrayStack,Pop,1000,25,97
pilacola,ArrayStack,Pop,1000,26,105
pilacola,ArrayStack,Pop,1000,27,102
pilacola,ArrayStack,Pop,1000,28,95
pilacola,ArrayStack,Pop,1000,29,101
pilacola,ArrayStack,Pop,1000,30,105
pilacola,ArrayStack,Pop,1000,31,98
pilacola,ArrayStack,Pop,1000,32,98
pilacola,ArrayStack,Pop,1000,33,105
pilacola,ArrayStack,Pop,1000,34,96
pilacola,ArrayStack,Pop,1000,35,95
pilacola,ArrayStack,Pop,1000,36,117
pilacola,ArrayStack,Pop,1000,37,112
pilacola,ArrayStack,Pop,1000,38,103
pilacola,ArrayStack,Pop,1000,39,100
pilacola,ArrayStack,Pop,1000,40,102
pilacola,ArrayStack,Pop,1000,41,107
pilacola,ArrayStack,Pop,1000,42,174
pilacola,ArrayStack,Pop,1000,43,131
pilacola,ArrayStack,Pop,1000,44,110
pilacola,ArrayStack,Pop,1000,45,115
pilacola,ArrayStack,Pop,1000,46,115
pilacola,ArrayStack,Pop,1000,47,116
pilacola,ArrayStack,Pop,1000,48,126
pilacola,ArrayStack,Pop,1000,49,107
pilacola,ArrayStack,Peek,1000,0,164
pilacola,ArrayStack,Peek,1000,1,172
pilacola,ArrayStack,Peek,1000,2,163
pilacola,ArrayStack,Peek,1000,3,162
pilacola,ArrayStack,Peek,1000,4,161
pilacola,ArrayStack,Peek,1000,5,163
pilacola,ArrayStack,Peek,1000,6,162
pilacola,ArrayStack,Peek,1000,7,161
pilacola,ArrayStack,Peek,1000,8,160
pilacola,ArrayStack,Peek,1000,9,160
pilacola,ArrayStack,Peek,1000,10,160
pilacola,ArrayStack,Peek,1000,11,160
pilacola,ArrayStack,Peek,1000,12,160
pilacola,ArrayStack,Peek,1000,13,160
pilacola,ArrayStack,Peek,1000,14,160
pilacola,ArrayStack,Peek,1000,15,160
pilacola,ArrayStack,Peek,1000,16,160
pilacola,ArrayStack,Peek,1000,17,160
pilacola,ArrayStack,Peek,1000,18,159
pilacola,ArrayStack,Peek,1000,19,159
pilacola,ArrayStack,Peek,1000,20,160
pilacola,ArrayStack,Peek,1000,21,162
pilacola,ArrayStack,Peek,1000,22,160
pilacola,ArrayStack,Peek,1000,23,158
pilacola,ArrayStack,Peek,1000,24,159
pilacola,ArrayStack,Peek,1000,25,162
pilacola,ArrayStack,Peek,1000,26,160
pilacola,ArrayStack,Peek,1000,27,162
pilacola,ArrayStack,Peek,1000,28,159
pilacola,ArrayStack,Peek,1000,29,162
pilacola,ArrayStack,Peek,1000,30,160
pilacola,ArrayStack,Peek,1000,31,160
pilacola,ArrayStack,Peek,1000,32,160
pilacola,ArrayStack,Peek,1000,33,160
pilacola,ArrayStack,Peek,1000,34,160
pilacola,ArrayStack,Peek,1000,35,160
pilacola,ArrayStack,Peek,1000,36,160
pilacola,ArrayStack,Peek,1000,37,162
pilacola,ArrayStack,Peek,1000,38,161
pilacola,ArrayStack,Peek,1000,39,159
pilacola,ArrayStack,Peek,1000,40,159
pilacola,ArrayStack,Peek,1000,41,162
pilacola,ArrayStack,Peek,1000,42,160
pilacola,ArrayStack,Peek,1000,43,160
pilacola,ArrayStack,Peek,1000,44,161
pilacola,ArrayStack,Peek,1000,45,160
pilacola,ArrayStack,Peek,1000,46,159
pilacola,ArrayStack,Peek,1000,47,159
pilacola,ArrayStack,Peek,1000,48,159
pilacola,ArrayStack,Peek,1000,49,161
pilacola,ArrayStack,IsEmpty,1000,0,140
pilacola,ArrayStack,IsEmpty,1000,1,140
pilacola,ArrayStack,IsEmpty,1000,2,140
pilacola,ArrayStack,IsEmpty,1000,3,141
pilacola,ArrayStack,IsEmpty,1000,4,141
pilacola,ArrayStack,IsEmpty,1000,5,142
pilacola,ArrayStack,IsEmpty,1000,6,141
pilacola,ArrayStack,IsEmpty,1000,7,142
pilacola,ArrayStack,IsEmpty,1000,8,141
pilacola,ArrayStack,IsEmpty,1000,9,142
pilacola,ArrayStack,IsEmpty,1000,10,141
pilacola,ArrayStack,IsEmpty,1000,11,141
pilacola,ArrayStack,IsEmpty,1000,12,142
pilacola,ArrayStack,IsEmpty,1000,13,139
pilacola,ArrayStack,IsEmpty,1000,14,141
pilacola,ArrayStack,IsEmpty,1000,15,142
pilacola,ArrayStack,IsEmpty,1000,16,142
pilacola,ArrayStack,IsEmpty,1000,17,140
pilacola,ArrayStack,IsEmpty,1000,18,141
pilacola,ArrayStack,IsEmpty,1000,19,141
pilacola,ArrayStack,IsEmpty,1000,20,141
pilacola,ArrayStack,IsEmpty,1000,21,140
pilacola,ArrayStack,IsEmpty,1000,22,140
pilacola,ArrayStack,IsEmpty,1000,23,140
pilacola,ArrayStack,IsEmpty,1000,24,141
pilacola,ArrayStack,IsEmpty,1000,25,141
pilacola,ArrayStack,IsEmpty,1000,26,140
pilacola,ArrayStack,IsEmpty,1000,27,142
pilacola,ArrayStack,IsEmpty,1000,28,141
pilacola,ArrayStack,IsEmpty,1000,29,141
pilacola,ArrayStack,IsEmpty,1000,30,141
pilacola,ArrayStack,IsEmpty,1000,31,141
pilacola,ArrayStack,IsEmpty,1000,32,140
pilacola,ArrayStack,IsEmpty,1000,33,140
pilacola,ArrayStack,IsEmpty,1000,34,140
pilacola,ArrayStack,IsEmpty,1000,35,142
pilacola,ArrayStack,IsEmpty,1000,36,142
pilacola,ArrayStack,IsEmpty,1000,37,141
pilacola,ArrayStack,IsEmpty,1000,38,141
pilacola,ArrayStack,IsEmpty,1000,39,141
pilacola,ArrayStack,IsEmpty,1000,40,141
pilacola,ArrayStack,IsEmpty,1000,41,140
pilacola,ArrayStack,IsEmpty,1000,42,141
pilacola,ArrayStack,IsEmpty,1000,43,141
pilacola,ArrayStack,IsEmpty,1000,44,141
pilacola,ArrayStack,IsEmpty,1000,45,140
pilacola,ArrayStack,IsEmpty,1000,46,141
pilacola,ArrayStack,IsEmpty,1000,47,140
pilacola,ArrayStack,IsEmpty,1000,48,141
pilacola,ArrayStack,IsEmpty,1000,49,140
pilacola,ArrayStack,Size,1000,0,145
pilacola,ArrayStack,Size,1000,1,211
pilacola,ArrayStack,Size,1000,2,161
pilacola,ArrayStack,Size,1000,3,142
pilacola,ArrayStack,Size,1000,4,143
pilacola,ArrayStack,Size,1000,5,142
pilacola,ArrayStack,Size,1000,6,143
pilacola,ArrayStack,Size,1000,7,142
pilacola,ArrayStack,Size,1000,8,143
pilacola,ArrayStack,Size,1000,9,143
pilacola,ArrayStack,Size,1000,10,1815
pilacola,ArrayStack,Size,1000,11,176
pilacola,ArrayStack,Size,1000,12,145
pilacola,ArrayStack,Size,1000,13,147
pilacola,ArrayStack,Size,1000,14,144
pilacola,ArrayStack,Size,1000,15,143
pilacola,ArrayStack,Size,1000,16,142
pilacola,ArrayStack,Size,1000,17,142
pilacola,ArrayStack,Size,1000,18,145
pilacola,ArrayStack,Size,1000,19,141
pilacola,ArrayStack,Size,1000,20,143
pilacola,ArrayStack,Size,1000,21,141
pilacola,ArrayStack,Size,1000,22,141
pilacola,ArrayStack,Size,1000,23,143
pilacola,ArrayStack,Size,1000,24,142
pilacola,ArrayStack,Size,1000,25,147
pilacola,ArrayStack,Size,1000,26,143
pilacola,ArrayStack,Size,1000,27,143
pilacola,ArrayStack,Size,1000,28,142
pilacola,ArrayStack,Size,1000,29,142
pilacola,ArrayStack,Size,1000,30,141
pilacola,ArrayStack,Size,1000,31,142
pilacola,ArrayStack,Size,1000,32,143
pilacola,ArrayStack,Size,1000,33,145
pilacola,ArrayStack,Size,1000,34,144
pilacola,ArrayStack,Size,1000,35,143
pilacola,ArrayStack,Size,1000,36,142
pilacola,ArrayStack,Size,1000,37,142
pilacola,ArrayStack,Size,1000,38,143
pilacola,ArrayStack,Size,1000,39,143
pilacola,ArrayStack,Size,1000,40,141
pilacola,ArrayStack,Size,1000,41,142
pilacola,ArrayStack,Size,1000,42,142
pilacola,ArrayStack,Size,1000,43,141
pilacola,ArrayStack,Size,1000,44,142
pilacola,ArrayStack,Size,1000,45,143
pilacola,ArrayStack,Size,1000,46,144
pilacola,ArrayStack,Size,1000,47,143
pilacola,ArrayStack,Size,1000,48,142
pilacola,ArrayStack,Size,1000,49,142
pilacola,ArrayStack,Delete,1000,0,4268
pilacola,ArrayStack,Delete,1000,1,4241
pilacola,ArrayStack,Delete,1000,2,4498
pilacola,ArrayStack,Delete,1000,3,7248
pilacola,ArrayStack,Delete,1000,4,4500
pilacola,ArrayStack,Delete,1000,5,4245
pilacola,ArrayStack,Delete,1000,6,4685
pilacola,ArrayStack,Delete,1000,7,4253
pilacola,ArrayStack,Delete,1000,8,4279
pilacola,ArrayStack,Delete,1000,9,4246
pilacola,ArrayStack,Delete,1000,10,4245
pilacola,ArrayStack,Delete,1000,11,4459
pilacola,ArrayStack,Delete,1000,12,4468
pilacola,ArrayStack,Delete,1000,13,4219
pilacola,ArrayStack,Delete,1000,14,4214
pilacola,ArrayStack,Delete,1000,15,4458
pilacola,ArrayStack,Delete,1000,16,4434
pilacola,ArrayStack,Delete,1000,17,4444
pilacola,ArrayStack,Delete,1000,18,4452
pilacola,ArrayStack,Delete,1000,19,4444
pilacola,ArrayStack,Delete,1000,20,4479
pilacola,ArrayStack,Delete,1000,21,4432
pilacola,ArrayStack,Delete,1000,22,4536
pilacola,ArrayStack,Delete,1000,23,4437
pilacola,ArrayStack,Delete,1000,24,4439
pilacola,ArrayStack,Delete,1000,25,4432
pilacola,ArrayStack,Delete,1000,26,4436
pilacola,ArrayStack,Delete,1000,27,4434
pilacola,ArrayStack,Delete,1000,28,4457
pilacola,ArrayStack,Delete,1000,29,4433
pilacola,ArrayStack,Delete,1000,30,4431
pilacola,ArrayStack,Delete,1000,31,4430
pilacola,ArrayStack,Delete,1000,32,4439
pilacola,ArrayStack,Delete,1000,33,4470
pilacola,ArrayStack,Delete,1000,34,4453
pilacola,ArrayStack,Delete,1000,35,4440
pilacola,ArrayStack,Delete,1000,36,4461
pilacola,ArrayStack,Delete,1000,37,4732
pilacola,ArrayStack,Delete,1000,38,4244
pilacola,ArrayStack,Delete,1000,39,4208
pilacola,ArrayStack,Delete,1000,40,4222
pilacola,ArrayStack,Delete,1000,41,4231
pilacola,ArrayStack,Delete,1000,42,4208
pilacola,ArrayStack,Delete,1000,43,4215
pilacola,ArrayStack,Delete,1000,44,4205
pilacola,ArrayStack,Delete,1000,45,4210
pilacola,ArrayStack,Delete,1000,46,4215
pilacola,ArrayStack,Delete,1000,47,4221
pilacola,ArrayStack,Delete,1000,48,4198
pilacola,ArrayStack,Delete,1000,49,4234
pilacola,ArrayQueue,Enqueue,1000,0,42
pilacola,ArrayQueue,Enqueue,1000,1,43
pilacola,ArrayQueue,Enqueue,1000,2,42
pilacola,ArrayQueue,Enqueue,1000,3,43
pilacola,ArrayQueue,Enqueue,1000,4,43
pilacola,ArrayQueue,Enqueue,1000,5,43
pilacola,ArrayQueue,Enqueue,1000,6,43
pilacola,ArrayQueue,Enqueue,1000,7,42
pilacola,ArrayQueue,Enqueue,1000,8,43
pilacola,ArrayQueue,Enqueue,1000,9,42
pilacola,ArrayQueue,Enqueue,1000,10,43
pilacola,ArrayQueue,Enqueue,1000,11,42
pilacola,ArrayQueue,Enqueue,1000,12,41
pilacola,ArrayQueue,Enqueue,1000,13,42
pilacola,ArrayQueue,Enqueue,1000,14,43
pilacola,ArrayQueue,Enqueue,1000,15,43
pilacola,ArrayQueue,Enqueue,1000,16,43
pilacola,ArrayQueue,Enqueue,1000,17,43
pilacola,ArrayQueue,Enqueue,1000,18,43
pilacola,ArrayQueue,Enqueue,1000,19,58
pilacola,ArrayQueue,Enqueue,1000,20,42
pilacola,ArrayQueue,Enqueue,1000,21,42
pilacola,ArrayQueue,Enqueue,1000,22,43
pilacola,ArrayQueue,Enqueue,1000,23,57
pilacola,ArrayQueue,Enqueue,1000,24,43
pilacola,ArrayQueue,Enqueue,1000,25,42
pilacola,ArrayQueue,Enqueue,1000,26,42
pilacola,ArrayQueue,Enqueue,1000,27,43
pilacola,ArrayQueue,Enqueue,1000,28,42
pilacola,ArrayQueue,Enqueue,1000,29,42
pilacola,ArrayQueue,Enqueue,1000,30,41
pilacola,ArrayQueue,Enqueue,1000,31,42
pilacola,ArrayQueue,Enqueue,1000,32,42
pilacola,ArrayQueue,Enqueue,1000,33,42
pilacola,ArrayQueue,Enqueue,1000,34,42
pilacola,ArrayQueue,Enqueue,1000,35,41
pilacola,ArrayQueue,Enqueue,1000,36,42
pilacola,ArrayQueue,Enqueue,1000,37,43
pilacola,ArrayQueue,Enqueue,1000,38,42
pilacola,ArrayQueue,Enqueue,1000,39,43
pilacola,ArrayQueue,Enqueue,1000,40,41
pilacola,ArrayQueue,Enqueue,1000,41,42
pilacola,ArrayQueue,Enqueue,1000,42,42
pilacola,ArrayQueue,Enqueue,1000,43,43
pilacola,ArrayQueue,Enqueue,1000,44,43
pilacola,ArrayQueue,Enqueue,1000,45,43
pilacola,ArrayQueue,Enqueue,1000,46,43
pilacola,ArrayQueue,Enqueue,1000,47,43
pilacola,ArrayQueue,Enqueue,1000,48,43
pilacola,ArrayQueue,Enqueue,1000,49,43
pilacola,ArrayQueue,Dequeue,1000,0,45
pilacola,ArrayQueue,Dequeue,1000,1,45
pilacola,ArrayQueue,Dequeue,1000,2,45
pilacola,ArrayQueue,Dequeue,1000,3,129
pilacola,ArrayQueue,Dequeue,1000,4,46
pilacola,ArrayQueue,Dequeue,1000,5,46
pilacola,ArrayQueue,Dequeue,1000,6,46
pilacola,ArrayQueue,Dequeue,1000,7,54
pilacola,ArrayQueue,Dequeue,1000,8,45
pilacola,ArrayQueue,Dequeue,1000,9,45
pilacola,ArrayQueue,Dequeue,1000,10,45
pilacola,ArrayQueue,Dequeue,1000,11,46
pilacola,ArrayQueue,Dequeue,1000,12,45
pilacola,ArrayQueue,Dequeue,1000,13,45
pilacola,ArrayQueue,Dequeue,1000,14,44
pilacola,ArrayQueue,Dequeue,1000,15,44
pilacola,ArrayQueue,Dequeue,1000,16,45
pilacola,ArrayQueue,Dequeue,1000,17,45
pilacola,ArrayQueue,Dequeue,1000,18,46
pilacola,ArrayQueue,Dequeue,1000,19,45
pilacola,ArrayQueue,Dequeue,1000,20,45
pilacola,ArrayQueue,Dequeue,1000,21,45
pilacola,ArrayQueue,Dequeue,1000,22,45
pilacola,ArrayQueue,Dequeue,1000,23,44
pilacola,ArrayQueue,Dequeue,1000,24,44
pilacola,ArrayQueue,Dequeue,1000,25,44
pilacola,ArrayQueue,Dequeue,1000,26,44
pilacola,ArrayQueue,Dequeue,1000,27,45
pilacola,ArrayQueue,Dequeue,1000,28,45
pilacola,ArrayQueue,Dequeue,1000,29,45
pilacola,ArrayQueue,Dequeue,1000,30,44
pilacola,ArrayQueue,Dequeue,1000,31,45
pilacola,ArrayQueue,Dequeue,1000,32,44
pilacola,ArrayQueue,Dequeue,1000,33,44
pilacola,ArrayQueue,Dequeue,1000,34,44
pilacola,ArrayQueue,Dequeue,1000,35,46
pilacola,ArrayQueue,Dequeue,1000,36,45
pilacola,ArrayQueue,Dequeue,1000,37,45
pilacola,ArrayQueue,Dequeue,1000,38,45
pilacola,ArrayQueue,Dequeue,1000,39,44
pilacola,ArrayQueue,Dequeue,1000,40,44
pilacola,ArrayQueue,Dequeue,1000,41,44
pilacola,ArrayQueue,Dequeue,1000,42,44
pilacola,ArrayQueue,Dequeue,1000,43,45
pilacola,ArrayQueue,Dequeue,1000,44,45
pilacola,ArrayQueue,Dequeue,1000,45,45
pilacola,ArrayQueue,Dequeue,1000,46,45
pilacola,ArrayQueue,Dequeue,1000,47,45
pilacola,ArrayQueue,Dequeue,1000,48,45
pilacola,ArrayQueue,Dequeue,1000,49,44
pilacola,ArrayQueue,Front,1000,0,55
pilacola,ArrayQueue,Front,1000,1,52
pilacola,ArrayQueue,Front,1000,2,51
pilacola,ArrayQueue,Front,1000,3,51
pilacola,ArrayQueue,Front,1000,4,51
pilacola,ArrayQueue,Front,1000,5,53
pilacola,ArrayQueue,Front,1000,6,50
pilacola,ArrayQueue,Front,1000,7,51
pilacola,ArrayQueue,Front,1000,8,51
pilacola,ArrayQueue,Front,1000,9,52
pilacola,ArrayQueue,Front,1000,10,52
pilacola,ArrayQueue,Front,1000,11,50
pilacola,ArrayQueue,Front,1000,12,51
pilacola,ArrayQueue,Front,1000,13,51
pilacola,ArrayQueue,Front,1000,14,52
pilacola,ArrayQueue,Front,1000,15,51
pilacola,ArrayQueue,Front,1000,16,51
pilacola,ArrayQueue,Front,1000,17,51
pilacola,ArrayQueue,Front,1000,18,51
pilacola,ArrayQueue,Front,1000,19,51
pilacola,ArrayQueue,Front,1000,20,53
pilacola,ArrayQueue,Front,1000,21,50
pilacola,ArrayQueue,Front,1000,22,51
pilacola,ArrayQueue,Front,1000,23,51
pilacola,ArrayQueue,Front,1000,24,52
pilacola,ArrayQueue,Front,1000,25,51
pilacola,ArrayQueue,Front,1000,26,52
pilacola,ArrayQueue,Front,1000,27,51
pilacola,ArrayQueue,Front,1000,28,52
pilacola,ArrayQueue,Front,1000,29,52
pilacola,ArrayQueue,Front,1000,30,51
pilacola,ArrayQueue,Front,1000,31,51
pilacola,ArrayQueue,Front,1000,32,51
pilacola,ArrayQueue,Front,1000,33,52
pilacola,ArrayQueue,Front,1000,34,52
pilacola,ArrayQueue,Front,1000,35,51
pilacola,ArrayQueue,Front,1000,36,52
pilacola,ArrayQueue,Front,1000,37,52
pilacola,ArrayQueue,Front,1000,38,52
pilacola,ArrayQueue,Front,1000,39,52
pilacola,ArrayQueue,Front,1000,40,51
pilacola,ArrayQueue,Front,1000,41,50
pilacola,ArrayQueue,Front,1000,42,52
pilacola,ArrayQueue,Front,1000,43,52
pilacola,ArrayQueue,Front,1000,44,51
pilacola,ArrayQueue,Front,1000,45,50
pilacola,ArrayQueue,Front,1000,46,52
pilacola,ArrayQueue,Front,1000,47,52
pilacola,ArrayQueue,Front,1000,48,52
pilacola,ArrayQueue,Front,1000,49,50
pilacola,ArrayQueue,IsEmpty,1000,0,146
pilacola,ArrayQueue,IsEmpty,1000,1,169
pilacola,ArrayQueue,IsEmpty,1000,2,158
pilacola,ArrayQueue,IsEmpty,1000,3,145
pilacola,ArrayQueue,IsEmpty,1000,4,147
pilacola,ArrayQueue,IsEmpty,1000,5,145
pilacola,ArrayQueue,IsEmpty,1000,6,147
pilacola,ArrayQueue,IsEmpty,1000,7,147
pilacola,ArrayQueue,IsEmpty,1000,8,147
pilacola,ArrayQueue,IsEmpty,1000,9,146
pilacola,ArrayQueue,IsEmpty,1000,10,142
pilacola,ArrayQueue,IsEmpty,1000,11,140
pilacola,ArrayQueue,IsEmpty,1000,12,141
pilacola,ArrayQueue,IsEmpty,1000,13,142
pilacola,ArrayQueue,IsEmpty,1000,14,142
pilacola,ArrayQueue,IsEmpty,1000,15,142
pilacola,ArrayQueue,IsEmpty,1000,16,141
pilacola,ArrayQueue,IsEmpty,1000,17,140
pilacola,ArrayQueue,IsEmpty,1000,18,141
pilacola,ArrayQueue,IsEmpty,1000,19,141
pilacola,ArrayQueue,IsEmpty,1000,20,142
pilacola,ArrayQueue,IsEmpty,1000,21,141
pilacola,ArrayQueue,IsEmpty,1000,22,141
pilacola,ArrayQueue,IsEmpty,1000,23,141
pilacola,ArrayQueue,IsEmpty,1000,24,142
pilacola,ArrayQueue,IsEmpty,1000,25,140
pilacola,ArrayQueue,IsEmpty,1000,26,141
pilacola,ArrayQueue,IsEmpty,1000,27,143
pilacola,ArrayQueue,IsEmpty,1000,28,140
pilacola,ArrayQueue,IsEmpty,1000,29,141
pilacola,ArrayQueue,IsEmpty,1000,30,143
pilacola,ArrayQueue,IsEmpty,1000,31,141
pilacola,ArrayQueue,IsEmpty,1000,32,142
pilacola,ArrayQueue,IsEmpty,1000,33,141
pilacola,ArrayQueue,IsEmpty,1000,34,141
pilacola,ArrayQueue,IsEmpty,1000,35,141
pilacola,ArrayQueue,IsEmpty,1000,36,142
pilacola,ArrayQueue,IsEmpty,1000,37,141
pilacola,ArrayQueue,IsEmpty,1000,38,142
pilacola,ArrayQueue,IsEmpty,1000,39,141
pilacola,ArrayQueue,IsEmpty,1000,40,141
pilacola,ArrayQueue,IsEmpty,1000,41,141
pilacola,ArrayQueue,IsEmpty,1000,42,141
pilacola,ArrayQueue,IsEmpty,1000,43,142
pilacola,ArrayQueue,IsEmpty,1000,44,141
pilacola,ArrayQueue,IsEmpty,1000,45,142
pilacola,ArrayQueue,IsEmpty,1000,46,141
pilacola,ArrayQueue,IsEmpty,1000,47,141
pilacola,ArrayQueue,IsEmpty,1000,48,141
pilacola,ArrayQueue,IsEmpty,1000,49,141
pilacola,ArrayQueue,Size,1000,0,151
pilacola,ArrayQueue,Size,1000,1,178
pilacola,ArrayQueue,Size,1000,2,148
pilacola,ArrayQueue,Size,1000,3,148
pilacola,ArrayQueue,Size,1000,4,147
pilacola,ArrayQueue,Size,1000,5,149
pilacola,ArrayQueue,Size,1000,6,148
pilacola,ArrayQueue,Size,1000,7,147
pilacola,ArrayQueue,Size,1000,8,148
pilacola,ArrayQueue,Size,1000,9,148
pilacola,ArrayQueue,Size,1000,10,147
pilacola,ArrayQueue,Size,1000,11,149
pilacola,ArrayQueue,Size,1000,12,147
pilacola,ArrayQueue,Size,1000,13,148
pilacola,ArrayQueue,Size,1000,14,148
pilacola,ArrayQueue,Size,1000,15,148
pilacola,ArrayQueue,Size,1000,16,149
pilacola,ArrayQueue,Size,1000,17,146
pilacola,ArrayQueue,Size,1000,18,149
pilacola,ArrayQueue,Size,1000,19,148
pilacola,ArrayQueue,Size,1000,20,148
pilacola,ArrayQueue,Size,1000,21,148
pilacola,ArrayQueue,Size,1000,22,148
pilacola,ArrayQueue,Size,1000,23,149
pilacola,ArrayQueue,Size,1000,24,148
pilacola,ArrayQueue,Size,1000,25,148
pilacola,ArrayQueue,Size,1000,26,149
pilacola,ArrayQueue,Size,1000,27,147
pilacola,ArrayQueue,Size,1000,28,148
pilacola,ArrayQueue,Size,1000,29,148
pilacola,ArrayQueue,Size,1000,30,148
pilacola,ArrayQueue,Size,1000,31,149
pilacola,ArrayQueue,Size,1000,32,148
pilacola,ArrayQueue,Size,1000,33,148
pilacola,ArrayQueue,Size,1000,34,149
pilacola,ArrayQueue,Size,1000,35,148
pilacola,ArrayQueue,Size,1000,36,148
pilacola,ArrayQueue,Size,1000,37,147
pilacola,ArrayQueue,Size,1000,38,149
pilacola,ArrayQueue,Size,1000,39,148
pilacola,ArrayQueue,Size,1000,40,148
pilacola,ArrayQueue,Size,1000,41,148
pilacola,ArrayQueue,Size,1000,42,147
pilacola,ArrayQueue,Size,1000,43,149
pilacola,ArrayQueue,Size,1000,44,148
pilacola,ArrayQueue,Size,1000,45,147
pilacola,ArrayQueue,Size,1000,46,148
pilacola,ArrayQueue,Size,1000,47,148
pilacola,ArrayQueue,Size,1000,48,148
pilacola,ArrayQueue,Size,1000,49,148
pilacola,ArrayQueue,Delete,1000,0,3231
pilacola,ArrayQueue,Delete,1000,1,3233
pilacola,ArrayQueue,Delete,1000,2,3224
pilacola,ArrayQueue,Delete,1000,3,3240
pilacola,ArrayQueue,Delete,1000,4,3227
pilacola,ArrayQueue,Delete,1000,5,3214
pilacola,ArrayQueue,Delete,1000,6,3213
pilacola,ArrayQueue,Delete,1000,7,3252
pilacola,ArrayQueue,Delete,1000,8,3224
pilacola,ArrayQueue,Delete,1000,9,3224
pilacola,ArrayQueue,Delete,1000,10,3235
pilacola,ArrayQueue,Delete,1000,11,3222
pilacola,ArrayQueue,Delete,1000,12,3224
pilacola,ArrayQueue,Delete,1000,13,3211
pilacola,ArrayQueue,Delete,1000,14,3211
pilacola,ArrayQueue,Delete,1000,15,3214
pilacola,ArrayQueue,Delete,1000,16,3207
pilacola,ArrayQueue,Delete,1000,17,3230
pilacola,ArrayQueue,Delete,1000,18,3210
pilacola,ArrayQueue,Delete,1000,19,3210
pilacola,ArrayQueue,Delete,1000,20,3210
pilacola,ArrayQueue,Delete,1000,21,3218
pilacola,ArrayQueue,Delete,1000,22,3214
pilacola,ArrayQueue,Delete,1000,23,3217
pilacola,ArrayQueue,Delete,1000,24,3213
pilacola,ArrayQueue,Delete,1000,25,3218
pilacola,ArrayQueue,Delete,1000,26,3235
pilacola,ArrayQueue,Delete,1000,27,3211
pilacola,ArrayQueue,Delete,1000,28,3207
pilacola,ArrayQueue,Delete,1000,29,3213
pilacola,ArrayQueue,Delete,1000,30,3209
pilacola,ArrayQueue,Delete,1000,31,3210
pilacola,ArrayQueue,Delete,1000,32,3211
pilacola,ArrayQueue,Delete,1000,33,3222
pilacola,ArrayQueue,Delete,1000,34,3203
pilacola,ArrayQueue,Delete,1000,35,3213
pilacola,ArrayQueue,Delete,1000,36,3212
pilacola,ArrayQueue,Delete,1000,37,3212
pilacola,ArrayQueue,Delete,1000,38,3215
pilacola,ArrayQueue,Delete,1000,39,3217
pilacola,ArrayQueue,Delete,1000,40,3211
pilacola,ArrayQueue,Delete,1000,41,3216
pilacola,ArrayQueue,Delete,1000,42,3211
pilacola,ArrayQueue,Delete,1000,43,3206
pilacola,ArrayQueue,Delete,1000,44,3210
pilacola,ArrayQueue,Delete,1000,45,3210
pilacola,ArrayQueue,Delete,1000,46,3215
pilacola,ArrayQueue,Delete,1000,47,3211
pilacola,ArrayQueue,Delete,1000,48,3208
pilacola,ArrayQueue,Delete,1000,49,3216
crecimiento,Duplicar (x2),Push total,1000,0,4836
crecimiento,Duplicar (x2),Push total,1000,1,4641
crecimiento,Duplicar (x2),Push total,1000,2,5056
crecimiento,Duplicar (x2),Push total,1000,3,4777
crecimiento,Duplicar (x2),Push total,1000,4,4477
crecimiento,Duplicar (x2),Push total,1000,5,4226
crecimiento,Duplicar (x2),Push total,1000,6,4279
crecimiento,Duplicar (x2),Push total,1000,7,4546
crecimiento,Duplicar (x2),Push total,1000,8,4802
crecimiento,Duplicar (x2),Push total,1000,9,5141
crecimiento,Duplicar (x2),Enqueue total,1000,0,5748
crecimiento,Duplicar (x2),Enqueue total,1000,1,5045
crecimiento,Duplicar (x2),Enqueue total,1000,2,5126
crecimiento,Duplicar (x2),Enqueue total,1000,3,4520
crecimiento,Duplicar (x2),Enqueue total,1000,4,5093
crecimiento,Duplicar (x2),Enqueue total,1000,5,4859
crecimiento,Duplicar (x2),Enqueue total,1000,6,4310
crecimiento,Duplicar (x2),Enqueue total,1000,7,4475
crecimiento,Duplicar (x2),Enqueue total,1000,8,4657
crecimiento,Duplicar (x2),Enqueue total,1000,9,4471
crecimiento,Incremento fijo (+1000),Push total,1000,0,3396
crecimiento,Incremento fijo (+1000),Push total,1000,1,3072
crecimiento,Incremento fijo (+1000),Push total,1000,2,3597
crecimiento,Incremento fijo (+1000),Push total,1000,3,3936
crecimiento,Incremento fijo (+1000),Push total,1000,4,3646
crecimiento,Incremento fijo (+1000),Push total,1000,5,4824
crecimiento,Incremento fijo (+1000),Push total,1000,6,3273
crecimiento,Incremento fijo (+1000),Push total,1000,7,3225
crecimiento,Incremento fijo (+1000),Push total,1000,8,3212
crecimiento,Incremento fijo (+1000),Push total,1000,9,3271
crecimiento,Duplicar (x2),Push con redimension,1000,0,1154
crecimiento,Duplicar (x2),Push con redimension,1000,1,1480
crecimiento,Duplicar (x2),Push con redimension,1000,2,1629
crecimiento,Duplicar (x2),Push con redimension,1000,3,1204
crecimiento,Duplicar (x2),Push con redimension,1000,4,1326
crecimiento,Duplicar (x2),Push con redimension,1000,5,1207
crecimiento,Duplicar (x2),Push con redimension,1000,6,1405
crecimiento,Duplicar (x2),Push con redimension,1000,7,1309
crecimiento,Duplicar (x2),Push con redimension,1000,8,1427
crecimiento,Duplicar (x2),Push con redimension,1000,9,1328
lista,SLL sin cola,PushFront,10000,0,87
lista,SLL sin cola,PushFront,10000,1,91
lista,SLL sin cola,PushFront,10000,2,88
lista,SLL sin cola,PushFront,10000,3,90
lista,SLL sin cola,PushFront,10000,4,89
lista,SLL sin cola,PushFront,10000,5,90
lista,SLL sin cola,PushFront,10000,6,144
lista,SLL sin cola,PushFront,10000,7,87
lista,SLL sin cola,PushFront,10000,8,88
lista,SLL sin cola,PushFront,10000,9,90
lista,SLL sin cola,PushFront,10000,10,89
lista,SLL sin cola,PushFront,10000,11,89
lista,SLL sin cola,PushFront,10000,12,89
lista,SLL sin cola,PushFront,10000,13,87
lista,SLL sin cola,PushFront,10000,14,177
lista,SLL sin cola,PushFront,10000,15,90
lista,SLL sin cola,PushFront,10000,16,93
lista,SLL sin cola,PushFront,10000,17,88
lista,SLL sin cola,PushFront,10000,18,92
lista,SLL sin cola,PushFront,10000,19,90
lista,SLL sin cola,PushFront,10000,20,93
lista,SLL sin cola,PushFront,10000,21,90
lista,SLL sin cola,PushFront,10000,22,164
lista,SLL sin cola,PushFront,10000,23,93
lista,SLL sin cola,PushFront,10000,24,90
lista,SLL sin cola,PushFront,10000,25,92
lista,SLL sin cola,PushFront,10000,26,90
lista,SLL sin cola,PushFront,10000,27,93
lista,SLL sin cola,PushFront,10000,28,93
lista,SLL sin cola,PushFront,10000,29,90
lista,SLL sin cola,PushFront,10000,30,152
lista,SLL sin cola,PushFront,10000,31,215
lista,SLL sin cola,PushFront,10000,32,93
lista,SLL sin cola,PushFront,10000,33,92
lista,SLL sin cola,PushFront,10000,34,92
lista,SLL sin cola,PushFront,10000,35,89
lista,SLL sin cola,PushFront,10000,36,93
lista,SLL sin cola,PushFront,10000,37,93
lista,SLL sin cola,PushFront,10000,38,147
lista,SLL sin cola,PushFront,10000,39,92
lista,SLL sin cola,PushFront,10000,40,88
lista,SLL sin cola,PushFront,10000,41,91
lista,SLL sin cola,PushFront,10000,42,93
lista,SLL sin cola,PushFront,10000,43,93
lista,SLL sin cola,PushFront,10000,44,93
lista,SLL sin cola,PushFront,10000,45,90
lista,SLL sin cola,PushFront,10000,46,148
lista,SLL sin cola,PushFront,10000,47,92
lista,SLL sin cola,PushFront,10000,48,94
lista,SLL sin cola,PushFront,10000,49,92
lista,SLL sin cola,PushBack,10000,0,17478
lista,SLL sin cola,PushBack,10000,1,460336
lista,SLL sin cola,PushBack,10000,2,17953
lista,SLL sin cola,PushBack,10000,3,20226
lista,SLL sin cola,PushBack,10000,4,17488
lista,SLL sin cola,PushBack,10000,5,20261
lista,SLL sin cola,PushBack,10000,6,17464
lista,SLL sin cola,PushBack,10000,7,20624
lista,SLL sin cola,PushBack,10000,8,17512
lista,SLL sin cola,PushBack,10000,9,17526
lista,SLL sin cola,PushBack,10000,10,17421
lista,SLL sin cola,PushBack,10000,11,17503
lista,SLL sin cola,PushBack,10000,12,17462
lista,SLL sin cola,PushBack,10000,13,24374
lista,SLL sin cola,PushBack,10000,14,17574
lista,SLL sin cola,PushBack,10000,15,17447
lista,SLL sin cola,PushBack,10000,16,25907
lista,SLL sin cola,PushBack,10000,17,31891
lista,SLL sin cola,PushBack,10000,18,17502
lista,SLL sin cola,PushBack,10000,19,20313
lista,SLL sin cola,PushBack,10000,20,17559
lista,SLL sin cola,PushBack,10000,21,20220
lista,SLL sin cola,PushBack,10000,22,17410
lista,SLL sin cola,PushBack,10000,23,17487
lista,SLL sin cola,PushBack,10000,24,17474
lista,SLL sin cola,PushBack,10000,25,17870
lista,SLL sin cola,PushBack,10000,26,17425
lista,SLL sin cola,PushBack,10000,27,17473
lista,SLL sin cola,PushBack,10000,28,17455
lista,SLL sin cola,PushBack,10000,29,17464
lista,SLL sin cola,PushBack,10000,30,17450
lista,SLL sin cola,PushBack,10000,31,17403
lista,SLL sin cola,PushBack,10000,32,17454
lista,SLL sin cola,PushBack,10000,33,17471
lista,SLL sin cola,PushBack,10000,34,17480
lista,SLL sin cola,PushBack,10000,35,17468
lista,SLL sin cola,PushBack,10000,36,17500
lista,SLL sin cola,PushBack,10000,37,17489
lista,SLL sin cola,PushBack,10000,38,21297
lista,SLL sin cola,PushBack,10000,39,17431
lista,SLL sin cola,PushBack,10000,40,17446
lista,SLL sin cola,PushBack,10000,41,17505
lista,SLL sin cola,PushBack,10000,42,17487
lista,SLL sin cola,PushBack,10000,43,17525
lista,SLL sin cola,PushBack,10000,44,17500
lista,SLL sin cola,PushBack,10000,45,20305
lista,SLL sin cola,PushBack,10000,46,20296
lista,SLL sin cola,PushBack,10000,47,20214
lista,SLL sin cola,PushBack,10000,48,17469
lista,SLL sin cola,PushBack,10000,49,17444
lista,SLL sin cola,PopFront,10000,0,46
lista,SLL sin cola,PopFront,10000,1,46
lista,SLL sin cola,PopFront,10000,2,46
lista,SLL sin cola,PopFront,10000,3,47
lista,SLL sin cola,PopFront,10000,4,47
lista,SLL sin cola,PopFront,10000,5,46
lista,SLL sin cola,PopFront,10000,6,45
lista,SLL sin cola,PopFront,10000,7,46
lista,SLL sin cola,PopFront,10000,8,45
lista,SLL sin cola,PopFront,10000,9,46
lista,SLL sin cola,PopFront,10000,10,46
lista,SLL sin cola,PopFront,10000,11,46
lista,SLL sin cola,PopFront,10000,12,45
lista,SLL sin cola,PopFront,10000,13,46
lista,SLL sin cola,PopFront,10000,14,45
lista,SLL sin cola,PopFront,10000,15,46
lista,SLL sin cola,PopFront,10000,16,47
lista,SLL sin cola,PopFront,10000,17,46
lista,SLL sin cola,PopFront,10000,18,46
lista,SLL sin cola,PopFront,10000,19,47
lista,SLL sin cola,PopFront,10000,20,46
lista,SLL sin cola,PopFront,10000,21,45
lista,SLL sin cola,PopFront,10000,22,46
lista,SLL sin cola,PopFront,10000,23,47
lista,SLL sin cola,PopFront,10000,24,47
lista,SLL sin cola,PopFront,10000,25,46
lista,SLL sin cola,PopFront,10000,26,47
lista,SLL sin cola,PopFront,10000,27,45
lista,SLL sin cola,PopFront,10000,28,46
lista,SLL sin cola,PopFront,10000,29,45
lista,SLL sin cola,PopFront,10000,30,46
lista,SLL sin cola,PopFront,10000,31,47
lista,SLL sin cola,PopFront,10000,32,44
lista,SLL sin cola,PopFront,10000,33,46
lista,SLL sin cola,PopFront,10000,34,46
lista,SLL sin cola,PopFront,10000,35,47
lista,SLL sin cola,PopFront,10000,36,46
lista,SLL sin cola,PopFront,10000,37,48
lista,SLL sin cola,PopFront,10000,38,46
lista,SLL sin cola,PopFront,10000,39,45
lista,SLL sin cola,PopFront,10000,40,46
lista,SLL sin cola,PopFront,10000,41,47
lista,SLL sin cola,PopFront,10000,42,47
lista,SLL sin cola,PopFront,10000,43,45
lista,SLL sin cola,PopFront,10000,44,46
lista,SLL sin cola,PopFront,10000,45,47
lista,SLL sin cola,PopFront,10000,46,46
lista,SLL sin cola,PopFront,10000,47,44
lista,SLL sin cola,PopFront,10000,48,46
lista,SLL sin cola,PopFront,10000,49,46
lista,SLL sin cola,PopBack,10000,0,20822
lista,SLL sin cola,PopBack,10000,1,20805
lista,SLL sin cola,PopBack,10000,2,20812
lista,SLL sin cola,PopBack,10000,3,24063
lista,SLL sin cola,PopBack,10000,4,20895
lista,SLL sin cola,PopBack,10000,5,20790
lista,SLL sin cola,PopBack,10000,6,20785
lista,SLL sin cola,PopBack,10000,7,20882
lista,SLL sin cola,PopBack,10000,8,24109
lista,SLL sin cola,PopBack,10000,9,20907
lista,SLL sin cola,PopBack,10000,10,20851
lista,SLL sin cola,PopBack,10000,11,20853
lista,SLL sin cola,PopBack,10000,12,20828
lista,SLL sin cola,PopBack,10000,13,24233
lista,SLL sin cola,PopBack,10000,14,21150
lista,SLL sin cola,PopBack,10000,15,20796
lista,SLL sin cola,PopBack,10000,16,20798
lista,SLL sin cola,PopBack,10000,17,20796
lista,SLL sin cola,PopBack,10000,18,20792
lista,SLL sin cola,PopBack,10000,19,20786
lista,SLL sin cola,PopBack,10000,20,20821
lista,SLL sin cola,PopBack,10000,21,20793
lista,SLL sin cola,PopBack,10000,22,20785
lista,SLL sin cola,PopBack,10000,23,20793
lista,SLL sin cola,PopBack,10000,24,20790
lista,SLL sin cola,PopBack,10000,25,20788
lista,SLL sin cola,PopBack,10000,26,20816
lista,SLL sin cola,PopBack,10000,27,20790
lista,SLL sin cola,PopBack,10000,28,20835
lista,SLL sin cola,PopBack,10000,29,44207
lista,SLL sin cola,PopBack,10000,30,20878
lista,SLL sin cola,PopBack,10000,31,20875
lista,SLL sin cola,PopBack,10000,32,20880
lista,SLL sin cola,PopBack,10000,33,20832
lista,SLL sin cola,PopBack,10000,34,20798
lista,SLL sin cola,PopBack,10000,35,20801
lista,SLL sin cola,PopBack,10000,36,20819
lista,SLL sin cola,PopBack,10000,37,20794
lista,SLL sin cola,PopBack,10000,38,20787
lista,SLL sin cola,PopBack,10000,39,20803
lista,SLL sin cola,PopBack,10000,40,20810
lista,SLL sin cola,PopBack,10000,41,21174
lista,SLL sin cola,PopBack,10000,42,21852
lista,SLL sin cola,PopBack,10000,43,336394
lista,SLL sin cola,PopBack,10000,44,24436
lista,SLL sin cola,PopBack,10000,45,20910
lista,SLL sin cola,PopBack,10000,46,20876
lista,SLL sin cola,PopBack,10000,47,20822
lista,SLL sin cola,PopBack,10000,48,20782
lista,SLL sin cola,PopBack,10000,49,21619
lista,SLL sin cola,TopFront,10000,0,53
lista,SLL sin cola,TopFront,10000,1,52
lista,SLL sin cola,TopFront,10000,2,54
lista,SLL sin cola,TopFront,10000,3,52
lista,SLL sin cola,TopFront,10000,4,51
lista,SLL sin cola,TopFront,10000,5,52
lista,SLL sin cola,TopFront,10000,6,52
lista,SLL sin cola,TopFront,10000,7,52
lista,SLL sin cola,TopFront,10000,8,51
lista,SLL sin cola,TopFront,10000,9,52
lista,SLL sin cola,TopFront,10000,10,52
lista,SLL sin cola,TopFront,10000,11,53
lista,SLL sin cola,TopFront,10000,12,51
lista,SLL sin cola,TopFront,10000,13,53
lista,SLL sin cola,TopFront,10000,14,52
lista,SLL sin cola,TopFront,10000,15,53
lista,SLL sin cola,TopFront,10000,16,53
lista,SLL sin cola,TopFront,10000,17,53
lista,SLL sin cola,TopFront,10000,18,51
lista,SLL sin cola,TopFront,10000,19,52
lista,SLL sin cola,TopFront,10000,20,53
lista,SLL sin cola,TopFront,10000,21,53
lista,SLL sin cola,TopFront,10000,22,51
lista,SLL sin cola,TopFront,10000,23,52
lista,SLL sin cola,TopFront,10000,24,51
lista,SLL sin cola,TopFront,10000,25,51
lista,SLL sin cola,TopFront,10000,26,53
lista,SLL sin cola,TopFront,10000,27,52
lista,SLL sin cola,TopFront,10000,28,50
lista,SLL sin cola,TopFront,10000,29,52
lista,SLL sin cola,TopFront,10000,30,53
lista,SLL sin cola,TopFront,10000,31,53
lista,SLL sin cola,TopFront,10000,32,52
lista,SLL sin cola,TopFront,10000,33,52
lista,SLL sin cola,TopFront,10000,34,51
lista,SLL sin cola,TopFront,10000,35,54
lista,SLL sin cola,TopFront,10000,36,52
lista,SLL sin cola,TopFront,10000,37,52
lista,SLL sin cola,TopFront,10000,38,51
lista,SLL sin cola,TopFront,10000,39,50
lista,SLL sin cola,TopFront,10000,40,51
lista,SLL sin cola,TopFront,10000,41,53
lista,SLL sin cola,TopFront,10000,42,52
lista,SLL sin cola,TopFront,10000,43,52
lista,SLL sin cola,TopFront,10000,44,52
lista,SLL sin cola,TopFront,10000,45,53
lista,SLL sin cola,TopFront,10000,46,52
lista,SLL sin cola,TopFront,10000,47,52
lista,SLL sin cola,TopFront,10000,48,51
lista,SLL sin cola,TopFront,10000,49,52
lista,SLL sin cola,TopBack,10000,0,17452
lista,SLL sin cola,TopBack,10000,1,20759
lista,SLL sin cola,TopBack,10000,2,20806
lista,SLL sin cola,TopBack,10000,3,17605
lista,SLL sin cola,TopBack,10000,4,17451
lista,SLL sin cola,TopBack,10000,5,17430
lista,SLL sin cola,TopBack,10000,6,17452
lista,SLL sin cola,TopBack,10000,7,17479
lista,SLL sin cola,TopBack,10000,8,17485
lista,SLL sin cola,TopBack,10000,9,17422
lista,SLL sin cola,TopBack,10000,10,17481
lista,SLL sin cola,TopBack,10000,11,17433
lista,SLL sin cola,TopBack,10000,12,17428
lista,SLL sin cola,TopBack,10000,13,17457
lista,SLL sin cola,TopBack,10000,14,17484
lista,SLL sin cola,TopBack,10000,15,17432
lista,SLL sin cola,TopBack,10000,16,17494
lista,SLL sin cola,TopBack,10000,17,17448
lista,SLL sin cola,TopBack,10000,18,17438
lista,SLL sin cola,TopBack,10000,19,23313
lista,SLL sin cola,TopBack,10000,20,18362
lista,SLL sin cola,TopBack,10000,21,105753
lista,SLL sin cola,TopBack,10000,22,17696
lista,SLL sin cola,TopBack,10000,23,34261
lista,SLL sin cola,TopBack,10000,24,18241
lista,SLL sin cola,TopBack,10000,25,18173
lista,SLL sin cola,TopBack,10000,26,17460
lista,SLL sin cola,TopBack,10000,27,17409
lista,SLL sin cola,TopBack,10000,28,17485
lista,SLL sin cola,TopBack,10000,29,17440
lista,SLL sin cola,TopBack,10000,30,17462
lista,SLL sin cola,TopBack,10000,31,17470
lista,SLL sin cola,TopBack,10000,32,17468
lista,SLL sin cola,TopBack,10000,33,17509
lista,SLL sin cola,TopBack,10000,34,17489
lista,SLL sin cola,TopBack,10000,35,17440
lista,SLL sin cola,TopBack,10000,36,17451
lista,SLL sin cola,TopBack,10000,37,17433
lista,SLL sin cola,TopBack,10000,38,17464
lista,SLL sin cola,TopBack,10000,39,17459
lista,SLL sin cola,TopBack,10000,40,17478
lista,SLL sin cola,TopBack,10000,41,17840
lista,SLL sin cola,TopBack,10000,42,17490
lista,SLL sin cola,TopBack,10000,43,17437
lista,SLL sin cola,TopBack,10000,44,17486
lista,SLL sin cola,TopBack,10000,45,17499
lista,SLL sin cola,TopBack,10000,46,17471
lista,SLL sin cola,TopBack,10000,47,21866
lista,SLL sin cola,TopBack,10000,48,20673
lista,SLL sin cola,TopBack,10000,49,17612
lista,SLL sin cola,Find,10000,0,40715
lista,SLL sin cola,Find,10000,1,40627
lista,SLL sin cola,Find,10000,2,40620
lista,SLL sin cola,Find,10000,3,55838
lista,SLL sin cola,Find,10000,4,40695
lista,SLL sin cola,Find,10000,5,40668
lista,SLL sin cola,Find,10000,6,40682
lista,SLL sin cola,Find,10000,7,40696
lista,SLL sin cola,Find,10000,8,40607
lista,SLL sin cola,Find,10000,9,40641
lista,SLL sin cola,Find,10000,10,40578
lista,SLL sin cola,Find,10000,11,41704
lista,SLL sin cola,Find,10000,12,40419
lista,SLL sin cola,Find,10000,13,40277
lista,SLL sin cola,Find,10000,14,40150
lista,SLL sin cola,Find,10000,15,40187
lista,SLL sin cola,Find,10000,16,40204
lista,SLL sin cola,Find,10000,17,40246
lista,SLL sin cola,Find,10000,18,40155
lista,SLL sin cola,Find,10000,19,40252
lista,SLL sin cola,Find,10000,20,40207
lista,SLL sin cola,Find,10000,21,40189
lista,SLL sin cola,Find,10000,22,40167
lista,SLL sin cola,Find,10000,23,40216
lista,SLL sin cola,Find,10000,24,43999
lista,SLL sin cola,Find,10000,25,62196
lista,SLL sin cola,Find,10000,26,40567
lista,SLL sin cola,Find,10000,27,52319
lista,SLL sin cola,Find,10000,28,41332
lista,SLL sin cola,Find,10000,29,40515
lista,SLL sin cola,Find,10000,30,40345
lista,SLL sin cola,Find,10000,31,40309
lista,SLL sin cola,Find,10000,32,40277
lista,SLL sin cola,Find,10000,33,40245
lista,SLL sin cola,Find,10000,34,40237
lista,SLL sin cola,Find,10000,35,40180
lista,SLL sin cola,Find,10000,36,40228
lista,SLL sin cola,Find,10000,37,40326
lista,SLL sin cola,Find,10000,38,40277
lista,SLL sin cola,Find,10000,39,40332
lista,SLL sin cola,Find,10000,40,44897
lista,SLL sin cola,Find,10000,41,40240
lista,SLL sin cola,Find,10000,42,40292
lista,SLL sin cola,Find,10000,43,40188
lista,SLL sin cola,Find,10000,44,40269
lista,SLL sin cola,Find,10000,45,40184
lista,SLL sin cola,Find,10000,46,40253
lista,SLL sin cola,Find,10000,47,43420
lista,SLL sin cola,Find,10000,48,40528
lista,SLL sin cola,Find,10000,49,40510
lista,SLL sin cola,Erase,10000,0,31184
lista,SLL sin cola,Erase,10000,1,31204
lista,SLL sin cola,Erase,10000,2,31191
lista,SLL sin cola,Erase,10000,3,31183
lista,SLL sin cola,Erase,10000,4,31181
lista,SLL sin cola,Erase,10000,5,31181
lista,SLL sin cola,Erase,10000,6,35668
lista,SLL sin cola,Erase,10000,7,39032
lista,SLL sin cola,Erase,10000,8,26281
lista,SLL sin cola,Erase,10000,9,26287
lista,SLL sin cola,Erase,10000,10,29505
lista,SLL sin cola,Erase,10000,11,26058
lista,SLL sin cola,Erase,10000,12,25988
lista,SLL sin cola,Erase,10000,13,31188
lista,SLL sin cola,Erase,10000,14,39522
lista,SLL sin cola,Erase,10000,15,31213
lista,SLL sin cola,Erase,10000,16,25940
lista,SLL sin cola,Erase,10000,17,31230
lista,SLL sin cola,Erase,10000,18,31229
lista,SLL sin cola,Erase,10000,19,31178
lista,SLL sin cola,Erase,10000,20,31176
lista,SLL sin cola,Erase,10000,21,31175
lista,SLL sin cola,Erase,10000,22,31176
lista,SLL sin cola,Erase,10000,23,31188
lista,SLL sin cola,Erase,10000,24,31180
lista,SLL sin cola,Erase,10000,25,31189
lista,SLL sin cola,Erase,10000,26,31179
lista,SLL sin cola,Erase,10000,27,31185
lista,SLL sin cola,Erase,10000,28,31186
lista,SLL sin cola,Erase,10000,29,31180
lista,SLL sin cola,Erase,10000,30,31180
lista,SLL sin cola,Erase,10000,31,31067
lista,SLL sin cola,Erase,10000,32,26041
lista,SLL sin cola,Erase,10000,33,26039
lista,SLL sin cola,Erase,10000,34,31183
lista,SLL sin cola,Erase,10000,35,25937
lista,SLL sin cola,Erase,10000,36,31169
lista,SLL sin cola,Erase,10000,37,31224
lista,SLL sin cola,Erase,10000,38,31226
lista,SLL sin cola,Erase,10000,39,31188
lista,SLL sin cola,Erase,10000,40,31183
lista,SLL sin cola,Erase,10000,41,31174
lista,SLL sin cola,Erase,10000,42,31182
lista,SLL sin cola,Erase,10000,43,31182
lista,SLL sin cola,Erase,10000,44,31181
lista,SLL sin cola,Erase,10000,45,31179
lista,SLL sin cola,Erase,10000,46,31179
lista,SLL sin cola,Erase,10000,47,31182
lista,SLL sin cola,Erase,10000,48,31184
lista,SLL sin cola,Erase,10000,49,31183
lista,SLL sin cola,AddBefore,10000,0,38388
lista,SLL sin cola,AddBefore,10000,1,38383
lista,SLL sin cola,AddBefore,10000,2,38418
lista,SLL sin cola,AddBefore,10000,3,38506
lista,SLL sin cola,AddBefore,10000,4,38410
lista,SLL sin cola,AddBefore,10000,5,47969
lista,SLL sin cola,AddBefore,10000,6,38437
lista,SLL sin cola,AddBefore,10000,7,38423
lista,SLL sin cola,AddBefore,10000,8,38422
lista,SLL sin cola,AddBefore,10000,9,46422
lista,SLL sin cola,AddBefore,10000,10,38830
lista,SLL sin cola,AddBefore,10000,11,38428
lista,SLL sin cola,AddBefore,10000,12,38439
lista,SLL sin cola,AddBefore,10000,13,38392
lista,SLL sin cola,AddBefore,10000,14,38561
lista,SLL sin cola,AddBefore,10000,15,42254
lista,SLL sin cola,AddBefore,10000,16,38437
lista,SLL sin cola,AddBefore,10000,17,38461
lista,SLL sin cola,AddBefore,10000,18,38452
lista,SLL sin cola,AddBefore,10000,19,38422
lista,SLL sin cola,AddBefore,10000,20,38398
lista,SLL sin cola,AddBefore,10000,21,38392
lista,SLL sin cola,AddBefore,10000,22,39474
lista,SLL sin cola,AddBefore,10000,23,38525
lista,SLL sin cola,AddBefore,10000,24,38428
lista,SLL sin cola,AddBefore,10000,25,38389
lista,SLL sin cola,AddBefore,10000,26,44154
lista,SLL sin cola,AddBefore,10000,27,56615
lista,SLL sin cola,AddBefore,10000,28,38437
lista,SLL sin cola,AddBefore,10000,29,38378
lista,SLL sin cola,AddBefore,10000,30,39822
lista,SLL sin cola,AddBefore,10000,31,38789
lista,SLL sin cola,AddBefore,10000,32,46102
lista,SLL sin cola,AddBefore,10000,33,38440
lista,SLL sin cola,AddBefore,10000,34,39073
lista,SLL sin cola,AddBefore,10000,35,39540
lista,SLL sin cola,AddBefore,10000,36,38411
lista,SLL sin cola,AddBefore,10000,37,38501
lista,SLL sin cola,AddBefore,10000,38,38413
lista,SLL sin cola,AddBefore,10000,39,38389
lista,SLL sin cola,AddBefore,10000,40,41868
lista,SLL sin cola,AddBefore,10000,41,65427
lista,SLL sin cola,AddBefore,10000,42,38540
lista,SLL sin cola,AddBefore,10000,43,52306
lista,SLL sin cola,AddBefore,10000,44,38476
lista,SLL sin cola,AddBefore,10000,45,38411
lista,SLL sin cola,AddBefore,10000,46,38374
lista,SLL sin cola,AddBefore,10000,47,38403
lista,SLL sin cola,AddBefore,10000,48,38449
lista,SLL sin cola,AddBefore,10000,49,38517
lista,SLL sin cola,AddAfter,10000,0,173
lista,SLL sin cola,AddAfter,10000,1,402
lista,SLL sin cola,AddAfter,10000,2,154
lista,SLL sin cola,AddAfter,10000,3,150
lista,SLL sin cola,AddAfter,10000,4,152
lista,SLL sin cola,AddAfter,10000,5,144
lista,SLL sin cola,AddAfter,10000,6,135
lista,SLL sin cola,AddAfter,10000,7,189
lista,SLL sin cola,AddAfter,10000,8,188
lista,SLL sin cola,AddAfter,10000,9,171
lista,SLL sin cola,AddAfter,10000,10,156
lista,SLL sin cola,AddAfter,10000,11,139
lista,SLL sin cola,AddAfter,10000,12,147
lista,SLL sin cola,AddAfter,10000,13,136
lista,SLL sin cola,AddAfter,10000,14,139
lista,SLL sin cola,AddAfter,10000,15,136
lista,SLL sin cola,AddAfter,10000,16,186
lista,SLL sin cola,AddAfter,10000,17,195
lista,SLL sin cola,AddAfter,10000,18,191
lista,SLL sin cola,AddAfter,10000,19,171
lista,SLL sin cola,AddAfter,10000,20,145
lista,SLL sin cola,AddAfter,10000,21,148
lista,SLL sin cola,AddAfter,10000,22,144
lista,SLL sin cola,AddAfter,10000,23,142
lista,SLL sin cola,AddAfter,10000,24,199
lista,SLL sin cola,AddAfter,10000,25,146
lista,SLL sin cola,AddAfter,10000,26,156
lista,SLL sin cola,AddAfter,10000,27,147
lista,SLL sin cola,AddAfter,10000,28,194
lista,SLL sin cola,AddAfter,10000,29,170
lista,SLL sin cola,AddAfter,10000,30,171
lista,SLL sin cola,AddAfter,10000,31,158
lista,SLL sin cola,AddAfter,10000,32,132
lista,SLL sin cola,AddAfter,10000,33,142
lista,SLL sin cola,AddAfter,10000,34,162
lista,SLL sin cola,AddAfter,10000,35,151
lista,SLL sin cola,AddAfter,10000,36,455
lista,SLL sin cola,AddAfter,10000,37,188
lista,SLL sin cola,AddAfter,10000,38,215
lista,SLL sin cola,AddAfter,10000,39,147
lista,SLL sin cola,AddAfter,10000,40,151
lista,SLL sin cola,AddAfter,10000,41,149
lista,SLL sin cola,AddAfter,10000,42,147
lista,SLL sin cola,AddAfter,10000,43,179
lista,SLL sin cola,AddAfter,10000,44,148
lista,SLL sin cola,AddAfter,10000,45,202
lista,SLL sin cola,AddAfter,10000,46,162
lista,SLL sin cola,AddAfter,10000,47,222
lista,SLL sin cola,AddAfter,10000,48,188
lista,SLL sin cola,AddAfter,10000,49,145
lista,SLL sin cola,Empty,10000,0,53
lista,SLL sin cola,Empty,10000,1,73
lista,SLL sin cola,Empty,10000,2,52
lista,SLL sin cola,Empty,10000,3,52
lista,SLL sin cola,Empty,10000,4,52
lista,SLL sin cola,Empty,10000,5,53
lista,SLL sin cola,Empty,10000,6,52
lista,SLL sin cola,Empty,10000,7,52
lista,SLL sin cola,Empty,10000,8,52
lista,SLL sin cola,Empty,10000,9,52
lista,SLL sin cola,Empty,10000,10,52
lista,SLL sin cola,Empty,10000,11,53
lista,SLL sin cola,Empty,10000,12,53
lista,SLL sin cola,Empty,10000,13,52
lista,SLL sin cola,Empty,10000,14,53
lista,SLL sin cola,Empty,10000,15,52
lista,SLL sin cola,Empty,10000,16,51
lista,SLL sin cola,Empty,10000,17,53
lista,SLL sin cola,Empty,10000,18,53
lista,SLL sin cola,Empty,10000,19,53
lista,SLL sin cola,Empty,10000,20,52
lista,SLL sin cola,Empty,10000,21,51
lista,SLL sin cola,Empty,10000,22,52
lista,SLL sin cola,Empty,10000,23,53
lista,SLL sin cola,Empty,10000,24,55
lista,SLL sin cola,Empty,10000,25,53
lista,SLL sin cola,Empty,10000,26,52
lista,SLL sin cola,Empty,10000,27,51
lista,SLL sin cola,Empty,10000,28,52
lista,SLL sin cola,Empty,10000,29,52
lista,SLL sin cola,Empty,10000,30,53
lista,SLL sin cola,Empty,10000,31,53
lista,SLL sin cola,Empty,10000,32,52
lista,SLL sin cola,Empty,10000,33,52
lista,SLL sin cola,Empty,10000,34,52
lista,SLL sin cola,Empty,10000,35,53
lista,SLL sin cola,Empty,10000,36,53
lista,SLL sin cola,Empty,10000,37,53
lista,SLL sin cola,Empty,10000,38,52
lista,SLL sin cola,Empty,10000,39,52
lista,SLL sin cola,Empty,10000,40,51
lista,SLL sin cola,Empty,10000,41,53
lista,SLL sin cola,Empty,10000,42,53
lista,SLL sin cola,Empty,10000,43,51
lista,SLL sin cola,Empty,10000,44,52
lista,SLL sin cola,Empty,10000,45,52
lista,SLL sin cola,Empty,10000,46,51
lista,SLL sin cola,Empty,10000,47,53
lista,SLL sin cola,Empty,10000,48,53
lista,SLL sin cola,Empty,10000,49,53
lista,SLL sin cola,Size,10000,0,56
lista,SLL sin cola,Size,10000,1,77
lista,SLL sin cola,Size,10000,2,55
lista,SLL sin cola,Size,10000,3,55
lista,SLL sin cola,Size,10000,4,55
lista,SLL sin cola,Size,10000,5,55
lista,SLL sin cola,Size,10000,6,55
lista,SLL sin cola,Size,10000,7,56
lista,SLL sin cola,Size,10000,8,56
lista,SLL sin cola,Size,10000,9,56
lista,SLL sin cola,Size,10000,10,56
lista,SLL sin cola,Size,10000,11,56
lista,SLL sin cola,Size,10000,12,56
lista,SLL sin cola,Size,10000,13,55
lista,SLL sin cola,Size,10000,14,54
lista,SLL sin cola,Size,10000,15,55
lista,SLL sin cola,Size,10000,16,55
lista,SLL sin cola,Size,10000,17,55
lista,SLL sin cola,Size,10000,18,55
lista,SLL sin cola,Size,10000,19,55
lista,SLL sin cola,Size,10000,20,56
lista,SLL sin cola,Size,10000,21,56
lista,SLL sin cola,Size,10000,22,56
lista,SLL sin cola,Size,10000,23,57
lista,SLL sin cola,Size,10000,24,55
lista,SLL sin cola,Size,10000,25,56
lista,SLL sin cola,Size,10000,26,63
lista,SLL sin cola,Size,10000,27,57
lista,SLL sin cola,Size,10000,28,56
lista,SLL sin cola,Size,10000,29,57
lista,SLL sin cola,Size,10000,30,57
lista,SLL sin cola,Size,10000,31,57
lista,SLL sin cola,Size,10000,32,56
lista,SLL sin cola,Size,10000,33,56
lista,SLL sin cola,Size,10000,34,63
lista,SLL sin cola,Size,10000,35,56
lista,SLL sin cola,Size,10000,36,57
lista,SLL sin cola,Size,10000,37,57
lista,SLL sin cola,Size,10000,38,56
lista,SLL sin cola,Size,10000,39,57
lista,SLL sin cola,Size,10000,40,57
lista,SLL sin cola,Size,10000,41,58
lista,SLL sin cola,Size,10000,42,57
lista,SLL sin cola,Size,10000,43,57
lista,SLL sin cola,Size,10000,44,57
lista,SLL sin cola,Size,10000,45,56
lista,SLL sin cola,Size,10000,46,62
lista,SLL sin cola,Size,10000,47,56
lista,SLL sin cola,Size,10000,48,57
lista,SLL sin cola,Size,10000,49,56
lista,SLL con cola,PushFront,10000,0,90
lista,SLL con cola,PushFront,10000,1,89
lista,SLL con cola,PushFront,10000,2,89
lista,SLL con cola,PushFront,10000,3,90
lista,SLL con cola,PushFront,10000,4,89
lista,SLL con cola,PushFront,10000,5,90
lista,SLL con cola,PushFront,10000,6,226
lista,SLL con cola,PushFront,10000,7,89
lista,SLL con cola,PushFront,10000,8,89
lista,SLL con cola,PushFront,10000,9,89
lista,SLL con cola,PushFront,10000,10,90
lista,SLL con cola,PushFront,10000,11,90
lista,SLL con cola,PushFront,10000,12,89
lista,SLL con cola,PushFront,10000,13,89
lista,SLL con cola,PushFront,10000,14,369
lista,SLL con cola,PushFront,10000,15,89
lista,SLL con cola,PushFront,10000,16,91
lista,SLL con cola,PushFront,10000,17,91
lista,SLL con cola,PushFront,10000,18,89
lista,SLL con cola,PushFront,10000,19,88
lista,SLL con cola,PushFront,10000,20,89
lista,SLL con cola,PushFront,10000,21,89
lista,SLL con cola,PushFront,10000,22,140
lista,SLL con cola,PushFront,10000,23,88
lista,SLL con cola,PushFront,10000,24,89
lista,SLL con cola,PushFront,10000,25,89
lista,SLL con cola,PushFront,10000,26,158
lista,SLL con cola,PushFront,10000,27,90
lista,SLL con cola,PushFront,10000,28,89
lista,SLL con cola,PushFront,10000,29,91
lista,SLL con cola,PushFront,10000,30,142
lista,SLL con cola,PushFront,10000,31,90
lista,SLL con cola,PushFront,10000,32,90
lista,SLL con cola,PushFront,10000,33,91
lista,SLL con cola,PushFront,10000,34,90
lista,SLL con cola,PushFront,10000,35,90
lista,SLL con cola,PushFront,10000,36,90
lista,SLL con cola,PushFront,10000,37,89
lista,SLL con cola,PushFront,10000,38,148
lista,SLL con cola,PushFront,10000,39,91
lista,SLL con cola,PushFront,10000,40,90
lista,SLL con cola,PushFront,10000,41,89
lista,SLL con cola,PushFront,10000,42,89
lista,SLL con cola,PushFront,10000,43,90
lista,SLL con cola,PushFront,10000,44,91
lista,SLL con cola,PushFront,10000,45,90
lista,SLL con cola,PushFront,10000,46,195
lista,SLL con cola,PushFront,10000,47,91
lista,SLL con cola,PushFront,10000,48,91
lista,SLL con cola,PushFront,10000,49,91
lista,SLL con cola,PushBack,10000,0,119
lista,SLL con cola,PushBack,10000,1,77
lista,SLL con cola,PushBack,10000,2,113
lista,SLL con cola,PushBack,10000,3,78
lista,SLL con cola,PushBack,10000,4,96
lista,SLL con cola,PushBack,10000,5,94
lista,SLL con cola,PushBack,10000,6,69
lista,SLL con cola,PushBack,10000,7,68
lista,SLL con cola,PushBack,10000,8,96
lista,SLL con cola,PushBack,10000,9,99
lista,SLL con cola,PushBack,10000,10,68
lista,SLL con cola,PushBack,10000,11,92
lista,SLL con cola,PushBack,10000,12,67
lista,SLL con cola,PushBack,10000,13,97
lista,SLL con cola,PushBack,10000,14,68
lista,SLL con cola,PushBack,10000,15,92
lista,SLL con cola,PushBack,10000,16,68
lista,SLL con cola,PushBack,10000,17,88
lista,SLL con cola,PushBack,10000,18,67
lista,SLL con cola,PushBack,10000,19,67
lista,SLL con cola,PushBack,10000,20,92
lista,SLL con cola,PushBack,10000,21,69
lista,SLL con cola,PushBack,10000,22,67
lista,SLL con cola,PushBack,10000,23,92
lista,SLL con cola,PushBack,10000,24,69
lista,SLL con cola,PushBack,10000,25,68
lista,SLL con cola,PushBack,10000,26,88
lista,SLL con cola,PushBack,10000,27,64
lista,SLL con cola,PushBack,10000,28,68
lista,SLL con cola,PushBack,10000,29,87
lista,SLL con cola,PushBack,10000,30,67
lista,SLL con cola,PushBack,10000,31,67
lista,SLL con cola,PushBack,10000,32,94
lista,SLL con cola,PushBack,10000,33,66
lista,SLL con cola,PushBack,10000,34,67
lista,SLL con cola,PushBack,10000,35,94
lista,SLL con cola,PushBack,10000,36,68
lista,SLL con cola,PushBack,10000,37,103
lista,SLL con cola,PushBack,10000,38,67
lista,SLL con cola,PushBack,10000,39,70
lista,SLL con cola,PushBack,10000,40,95
lista,SLL con cola,PushBack,10000,41,70
lista,SLL con cola,PushBack,10000,42,90
lista,SLL con cola,PushBack,10000,43,67
lista,SLL con cola,PushBack,10000,44,88
lista,SLL con cola,PushBack,10000,45,70
lista,SLL con cola,PushBack,10000,46,67
lista,SLL con cola,PushBack,10000,47,92
lista,SLL con cola,PushBack,10000,48,71
lista,SLL con cola,PushBack,10000,49,68
lista,SLL con cola,PopFront,10000,0,46
lista,SLL con cola,PopFront,10000,1,59
lista,SLL con cola,PopFront,10000,2,46
lista,SLL con cola,PopFront,10000,3,45
lista,SLL con cola,PopFront,10000,4,46
lista,SLL con cola,PopFront,10000,5,49
lista,SLL con cola,PopFront,10000,6,48
lista,SLL con cola,PopFront,10000,7,46
lista,SLL con cola,PopFront,10000,8,48
lista,SLL con cola,PopFront,10000,9,47
lista,SLL con cola,PopFront,10000,10,46
lista,SLL con cola,PopFront,10000,11,46
lista,SLL con cola,PopFront,10000,12,46
lista,SLL con cola,PopFront,10000,13,47
lista,SLL con cola,PopFront,10000,14,46
lista,SLL con cola,PopFront,10000,15,45
lista,SLL con cola,PopFront,10000,16,47
lista,SLL con cola,PopFront,10000,17,47
lista,SLL con cola,PopFront,10000,18,47
lista,SLL con cola,PopFront,10000,19,45
lista,SLL con cola,PopFront,10000,20,46
lista,SLL con cola,PopFront,10000,21,46
lista,SLL con cola,PopFront,10000,22,45
lista,SLL con cola,PopFront,10000,23,46
lista,SLL con cola,PopFront,10000,24,47
lista,SLL con cola,PopFront,10000,25,47
lista,SLL con cola,PopFront,10000,26,45
lista,SLL con cola,PopFront,10000,27,47
lista,SLL con cola,PopFront,10000,28,46
lista,SLL con cola,PopFront,10000,29,44
lista,SLL con cola,PopFront,10000,30,46
lista,SLL con cola,PopFront,10000,31,45
lista,SLL con cola,PopFront,10000,32,46
lista,SLL con cola,PopFront,10000,33,46
lista,SLL con cola,PopFront,10000,34,45
lista,SLL con cola,PopFront,10000,35,47
lista,SLL con cola,PopFront,10000,36,46
lista,SLL con cola,PopFront,10000,37,47
lista,SLL con cola,PopFront,10000,38,48
lista,SLL con cola,PopFront,10000,39,46
lista,SLL con cola,PopFront,10000,40,46
lista,SLL con cola,PopFront,10000,41,45
lista,SLL con cola,PopFront,10000,42,47
lista,SLL con cola,PopFront,10000,43,47
lista,SLL con cola,PopFront,10000,44,46
lista,SLL con cola,PopFront,10000,45,46
lista,SLL con cola,PopFront,10000,46,46
lista,SLL con cola,PopFront,10000,47,46
lista,SLL con cola,PopFront,10000,48,45
lista,SLL con cola,PopFront,10000,49,46
lista,SLL con cola,PopBack,10000,0,17469
lista,SLL con cola,PopBack,10000,1,17529
lista,SLL con cola,PopBack,10000,2,17417
lista,SLL con cola,PopBack,10000,3,21566
lista,SLL con cola,PopBack,10000,4,17486
lista,SLL con cola,PopBack,10000,5,17452
lista,SLL con cola,PopBack,10000,6,17391
lista,SLL con cola,PopBack,10000,7,17449
lista,SLL con cola,PopBack,10000,8,17461
lista,SLL con cola,PopBack,10000,9,17466
lista,SLL con cola,PopBack,10000,10,17422
lista,SLL con cola,PopBack,10000,11,17423
lista,SLL con cola,PopBack,10000,12,17453
lista,SLL con cola,PopBack,10000,13,17476
lista,SLL con cola,PopBack,10000,14,17497
lista,SLL con cola,PopBack,10000,15,17418
lista,SLL con cola,PopBack,10000,16,17376
lista,SLL con cola,PopBack,10000,17,17432
lista,SLL con cola,PopBack,10000,18,17401
lista,SLL con cola,PopBack,10000,19,17453
lista,SLL con cola,PopBack,10000,20,17468
lista,SLL con cola,PopBack,10000,21,17402
lista,SLL con cola,PopBack,10000,22,17417
lista,SLL con cola,PopBack,10000,23,17468
lista,SLL con cola,PopBack,10000,24,17405
lista,SLL con cola,PopBack,10000,25,17409
lista,SLL con cola,PopBack,10000,26,17447
lista,SLL con cola,PopBack,10000,27,17419
lista,SLL con cola,PopBack,10000,28,17453
lista,SLL con cola,PopBack,10000,29,17421
lista,SLL con cola,PopBack,10000,30,17424
lista,SLL con cola,PopBack,10000,31,17903
lista,SLL con cola,PopBack,10000,32,17420
lista,SLL con cola,PopBack,10000,33,23085
lista,SLL con cola,PopBack,10000,34,17491
lista,SLL con cola,PopBack,10000,35,17441
lista,SLL con cola,PopBack,10000,36,17388
lista,SLL con cola,PopBack,10000,37,49301
lista,SLL con cola,PopBack,10000,38,20347
lista,SLL con cola,PopBack,10000,39,17510
lista,SLL con cola,PopBack,10000,40,17538
lista,SLL con cola,PopBack,10000,41,17456
lista,SLL con cola,PopBack,10000,42,29853
lista,SLL con cola,PopBack,10000,43,17501
lista,SLL con cola,PopBack,10000,44,17526
lista,SLL con cola,PopBack,10000,45,17453
lista,SLL con cola,PopBack,10000,46,17412
lista,SLL con cola,PopBack,10000,47,17476
lista,SLL con cola,PopBack,10000,48,17424
lista,SLL con cola,PopBack,10000,49,17449
lista,SLL con cola,TopFront,10000,0,52
lista,SLL con cola,TopFront,10000,1,53
lista,SLL con cola,TopFront,10000,2,52
lista,SLL con cola,TopFront,10000,3,52
lista,SLL con cola,TopFront,10000,4,52
lista,SLL con cola,TopFront,10000,5,52
lista,SLL con cola,TopFront,10000,6,53
lista,SLL con cola,TopFront,10000,7,52
lista,SLL con cola,TopFront,10000,8,52
lista,SLL con cola,TopFront,10000,9,52
lista,SLL con cola,TopFront,10000,10,51
lista,SLL con cola,TopFront,10000,11,53
lista,SLL con cola,TopFront,10000,12,53
lista,SLL con cola,TopFront,10000,13,52
lista,SLL con cola,TopFront,10000,14,51
lista,SLL con cola,TopFront,10000,15,52
lista,SLL con cola,TopFront,10000,16,53
lista,SLL con cola,TopFront,10000,17,54
lista,SLL con cola,TopFront,10000,18,52
lista,SLL con cola,TopFront,10000,19,52
lista,SLL con cola,TopFront,10000,20,52
lista,SLL con cola,TopFront,10000,21,51
lista,SLL con cola,TopFront,10000,22,52
lista,SLL con cola,TopFront,10000,23,52
lista,SLL con cola,TopFront,10000,24,53
lista,SLL con cola,TopFront,10000,25,52
lista,SLL con cola,TopFront,10000,26,52
lista,SLL con cola,TopFront,10000,27,53
lista,SLL con cola,TopFront,10000,28,52
lista,SLL con cola,TopFront,10000,29,52
lista,SLL con cola,TopFront,10000,30,51
lista,SLL con cola,TopFront,10000,31,52
lista,SLL con cola,TopFront,10000,32,53
lista,SLL con cola,TopFront,10000,33,52
lista,SLL con cola,TopFront,10000,34,52
lista,SLL con cola,TopFront,10000,35,51
lista,SLL con cola,TopFront,10000,36,52
lista,SLL con cola,TopFront,10000,37,52
lista,SLL con cola,TopFront,10000,38,53
lista,SLL con cola,TopFront,10000,39,52
lista,SLL con cola,TopFront,10000,40,51
lista,SLL con cola,TopFront,10000,41,52
lista,SLL con cola,TopFront,10000,42,52
lista,SLL con cola,TopFront,10000,43,52
lista,SLL con cola,TopFront,10000,44,52
lista,SLL con cola,TopFront,10000,45,52
lista,SLL con cola,TopFront,10000,46,52
lista,SLL con cola,TopFront,10000,47,52
lista,SLL con cola,TopFront,10000,48,52
lista,SLL con cola,TopFront,10000,49,53
lista,SLL con cola,TopBack,10000,0,53
lista,SLL con cola,TopBack,10000,1,70
lista,SLL con cola,TopBack,10000,2,52
lista,SLL con cola,TopBack,10000,3,52
lista,SLL con cola,TopBack,10000,4,52
lista,SLL con cola,TopBack,10000,5,52
lista,SLL con cola,TopBack,10000,6,51
lista,SLL con cola,TopBack,10000,7,52
lista,SLL con cola,TopBack,10000,8,52
lista,SLL con cola,TopBack,10000,9,53
lista,SLL con cola,TopBack,10000,10,52
lista,SLL con cola,TopBack,10000,11,51
lista,SLL con cola,TopBack,10000,12,52
lista,SLL con cola,TopBack,10000,13,53
lista,SLL con cola,TopBack,10000,14,52
lista,SLL con cola,TopBack,10000,15,51
lista,SLL con cola,TopBack,10000,16,53
lista,SLL con cola,TopBack,10000,17,52
lista,SLL con cola,TopBack,10000,18,53
lista,SLL con cola,TopBack,10000,19,52
lista,SLL con cola,TopBack,10000,20,52
lista,SLL con cola,TopBack,10000,21,51
lista,SLL con cola,TopBack,10000,22,50
lista,SLL con cola,TopBack,10000,23,53
lista,SLL con cola,TopBack,10000,24,52
lista,SLL con cola,TopBack,10000,25,51
lista,SLL con cola,TopBack,10000,26,52
lista,SLL con cola,TopBack,10000,27,52
lista,SLL con cola,TopBack,10000,28,53
lista,SLL con cola,TopBack,10000,29,52
lista,SLL con cola,TopBack,10000,30,51
lista,SLL con cola,TopBack,10000,31,52
lista,SLL con cola,TopBack,10000,32,52
lista,SLL con cola,TopBack,10000,33,51
lista,SLL con cola,TopBack,10000,34,51
lista,SLL con cola,TopBack,10000,35,52
lista,SLL con cola,TopBack,10000,36,51
lista,SLL con cola,TopBack,10000,37,53
lista,SLL con cola,TopBack,10000,38,52
lista,SLL con cola,TopBack,10000,39,52
lista,SLL con cola,TopBack,10000,40,52
lista,SLL con cola,TopBack,10000,41,51
lista,SLL con cola,TopBack,10000,42,52
lista,SLL con cola,TopBack,10000,43,52
lista,SLL con cola,TopBack,10000,44,51
lista,SLL con cola,TopBack,10000,45,52
lista,SLL con cola,TopBack,10000,46,51
lista,SLL con cola,TopBack,10000,47,52
lista,SLL con cola,TopBack,10000,48,53
lista,SLL con cola,TopBack,10000,49,51
lista,SLL con cola,Find,10000,0,44584
lista,SLL con cola,Find,10000,1,43253
lista,SLL con cola,Find,10000,2,44067
lista,SLL con cola,Find,10000,3,45228
lista,SLL con cola,Find,10000,4,42586
lista,SLL con cola,Find,10000,5,71854
lista,SLL con cola,Find,10000,6,46050
lista,SLL con cola,Find,10000,7,41056
lista,SLL con cola,Find,10000,8,40555
lista,SLL con cola,Find,10000,9,40658
lista,SLL con cola,Find,10000,10,40573
lista,SLL con cola,Find,10000,11,45485
lista,SLL con cola,Find,10000,12,40653
lista,SLL con cola,Find,10000,13,40593
lista,SLL con cola,Find,10000,14,40532
lista,SLL con cola,Find,10000,15,40624
lista,SLL con cola,Find,10000,16,45832
lista,SLL con cola,Find,10000,17,43667
lista,SLL con cola,Find,10000,18,40676
lista,SLL con cola,Find,10000,19,40597
lista,SLL con cola,Find,10000,20,40532
lista,SLL con cola,Find,10000,21,40640
lista,SLL con cola,Find,10000,22,40557
lista,SLL con cola,Find,10000,23,41336
lista,SLL con cola,Find,10000,24,40612
lista,SLL con cola,Find,10000,25,40631
lista,SLL con cola,Find,10000,26,40551
lista,SLL con cola,Find,10000,27,40699
lista,SLL con cola,Find,10000,28,40645
lista,SLL con cola,Find,10000,29,53176
lista,SLL con cola,Find,10000,30,40710
lista,SLL con cola,Find,10000,31,40629
lista,SLL con cola,Find,10000,32,40656
lista,SLL con cola,Find,10000,33,40651
lista,SLL con cola,Find,10000,34,40588
lista,SLL con cola,Find,10000,35,44054
lista,SLL con cola,Find,10000,36,40742
lista,SLL con cola,Find,10000,37,40584
lista,SLL con cola,Find,10000,38,40531
lista,SLL con cola,Find,10000,39,40659
lista,SLL con cola,Find,10000,40,41826
lista,SLL con cola,Find,10000,41,40530
lista,SLL con cola,Find,10000,42,40470
lista,SLL con cola,Find,10000,43,40263
lista,SLL con cola,Find,10000,44,40238
lista,SLL con cola,Find,10000,45,40241
lista,SLL con cola,Find,10000,46,40221
lista,SLL con cola,Find,10000,47,40272
lista,SLL con cola,Find,10000,48,40241
lista,SLL con cola,Find,10000,49,40225
lista,SLL con cola,Erase,10000,0,25390
lista,SLL con cola,Erase,10000,1,25842
lista,SLL con cola,Erase,10000,2,25935
lista,SLL con cola,Erase,10000,3,25436
lista,SLL con cola,Erase,10000,4,25825
lista,SLL con cola,Erase,10000,5,25920
lista,SLL con cola,Erase,10000,6,29743
lista,SLL con cola,Erase,10000,7,26016
lista,SLL con cola,Erase,10000,8,26091
lista,SLL con cola,Erase,10000,9,25347
lista,SLL con cola,Erase,10000,10,25840
lista,SLL con cola,Erase,10000,11,25945
lista,SLL con cola,Erase,10000,12,25354
lista,SLL con cola,Erase,10000,13,25849
lista,SLL con cola,Erase,10000,14,25888
lista,SLL con cola,Erase,10000,15,25355
lista,SLL con cola,Erase,10000,16,25800
lista,SLL con cola,Erase,10000,17,25963
lista,SLL con cola,Erase,10000,18,25436
lista,SLL con cola,Erase,10000,19,25807
lista,SLL con cola,Erase,10000,20,25999
lista,SLL con cola,Erase,10000,21,25428
lista,SLL con cola,Erase,10000,22,25872
lista,SLL con cola,Erase,10000,23,25954
lista,SLL con cola,Erase,10000,24,25383
lista,SLL con cola,Erase,10000,25,27932
lista,SLL con cola,Erase,10000,26,26056
lista,SLL con cola,Erase,10000,27,25956
lista,SLL con cola,Erase,10000,28,34048
lista,SLL con cola,Erase,10000,29,71664
lista,SLL con cola,Erase,10000,30,34904
lista,SLL con cola,Erase,10000,31,57940
lista,SLL con cola,Erase,10000,32,44026
lista,SLL con cola,Erase,10000,33,34040
lista,SLL con cola,Erase,10000,34,31281
lista,SLL con cola,Erase,10000,35,40928
lista,SLL con cola,Erase,10000,36,45693
lista,SLL con cola,Erase,10000,37,29566
lista,SLL con cola,Erase,10000,38,30368
lista,SLL con cola,Erase,10000,39,26035
lista,SLL con cola,Erase,10000,40,26106
lista,SLL con cola,Erase,10000,41,25400
lista,SLL con cola,Erase,10000,42,25793
lista,SLL con cola,Erase,10000,43,25903
lista,SLL con cola,Erase,10000,44,25384
lista,SLL con cola,Erase,10000,45,25794
lista,SLL con cola,Erase,10000,46,25898
lista,SLL con cola,Erase,10000,47,25409
lista,SLL con cola,Erase,10000,48,25828
lista,SLL con cola,Erase,10000,49,25913
lista,SLL con cola,AddBefore,10000,0,39522
lista,SLL con cola,AddBefore,10000,1,38767
lista,SLL con cola,AddBefore,10000,2,38418
lista,SLL con cola,AddBefore,10000,3,51455
lista,SLL con cola,AddBefore,10000,4,38464
lista,SLL con cola,AddBefore,10000,5,38432
lista,SLL con cola,AddBefore,10000,6,38811
lista,SLL con cola,AddBefore,10000,7,38444
lista,SLL con cola,AddBefore,10000,8,38582
lista,SLL con cola,AddBefore,10000,9,38408
lista,SLL con cola,AddBefore,10000,10,38399
lista,SLL con cola,AddBefore,10000,11,38423
lista,SLL con cola,AddBefore,10000,12,38710
lista,SLL con cola,AddBefore,10000,13,38384
lista,SLL con cola,AddBefore,10000,14,53526
lista,SLL con cola,AddBefore,10000,15,41285
lista,SLL con cola,AddBefore,10000,16,44076
lista,SLL con cola,AddBefore,10000,17,38480
lista,SLL con cola,AddBefore,10000,18,39025
lista,SLL con cola,AddBefore,10000,19,38397
lista,SLL con cola,AddBefore,10000,20,38771
lista,SLL con cola,AddBefore,10000,21,38482
lista,SLL con cola,AddBefore,10000,22,55233
lista,SLL con cola,AddBefore,10000,23,38498
lista,SLL con cola,AddBefore,10000,24,38424
lista,SLL con cola,AddBefore,10000,25,38570
lista,SLL con cola,AddBefore,10000,26,38449
lista,SLL con cola,AddBefore,10000,27,38451
lista,SLL con cola,AddBefore,10000,28,38426
lista,SLL con cola,AddBefore,10000,29,38605
lista,SLL con cola,AddBefore,10000,30,40901
lista,SLL con cola,AddBefore,10000,31,38514
lista,SLL con cola,AddBefore,10000,32,38456
lista,SLL con cola,AddBefore,10000,33,38526
lista,SLL con cola,AddBefore,10000,34,39143
lista,SLL con cola,AddBefore,10000,35,38383
lista,SLL con cola,AddBefore,10000,36,38390
lista,SLL con cola,AddBefore,10000,37,38694
lista,SLL con cola,AddBefore,10000,38,38699
lista,SLL con cola,AddBefore,10000,39,38943
lista,SLL con cola,AddBefore,10000,40,38454
lista,SLL con cola,AddBefore,10000,41,41548
lista,SLL con cola,AddBefore,10000,42,38477
lista,SLL con cola,AddBefore,10000,43,38394
lista,SLL con cola,AddBefore,10000,44,38400
lista,SLL con cola,AddBefore,10000,45,38400
lista,SLL con cola,AddBefore,10000,46,38433
lista,SLL con cola,AddBefore,10000,47,38460
lista,SLL con cola,AddBefore,10000,48,38502
lista,SLL con cola,AddBefore,10000,49,39002
lista,SLL con cola,AddAfter,10000,0,171
lista,SLL con cola,AddAfter,10000,1,261
lista,SLL con cola,AddAfter,10000,2,267
lista,SLL con cola,AddAfter,10000,3,150
lista,SLL con cola,AddAfter,10000,4,136
lista,SLL con cola,AddAfter,10000,5,165
lista,SLL con cola,AddAfter,10000,6,148
lista,SLL con cola,AddAfter,10000,7,168
lista,SLL con cola,AddAfter,10000,8,142
lista,SLL con cola,AddAfter,10000,9,146
lista,SLL con cola,AddAfter,10000,10,119
lista,SLL con cola,AddAfter,10000,11,155
lista,SLL con cola,AddAfter,10000,12,143
lista,SLL con cola,AddAfter,10000,13,141
lista,SLL con cola,AddAfter,10000,14,203
lista,SLL con cola,AddAfter,10000,15,167
lista,SLL con cola,AddAfter,10000,16,166
lista,SLL con cola,AddAfter,10000,17,154
lista,SLL con cola,AddAfter,10000,18,163
lista,SLL con cola,AddAfter,10000,19,145
lista,SLL con cola,AddAfter,10000,20,140
lista,SLL con cola,AddAfter,10000,21,135
lista,SLL con cola,AddAfter,10000,22,143
lista,SLL con cola,AddAfter,10000,23,132
lista,SLL con cola,AddAfter,10000,24,160
lista,SLL con cola,AddAfter,10000,25,143
lista,SLL con cola,AddAfter,10000,26,137
lista,SLL con cola,AddAfter,10000,27,203
lista,SLL con cola,AddAfter,10000,28,178
lista,SLL con cola,AddAfter,10000,29,178
lista,SLL con cola,AddAfter,10000,30,178
lista,SLL con cola,AddAfter,10000,31,162
lista,SLL con cola,AddAfter,10000,32,145
lista,SLL con cola,AddAfter,10000,33,140
lista,SLL con cola,AddAfter,10000,34,138
lista,SLL con cola,AddAfter,10000,35,136
lista,SLL con cola,AddAfter,10000,36,142
lista,SLL con cola,AddAfter,10000,37,163
lista,SLL con cola,AddAfter,10000,38,145
lista,SLL con cola,AddAfter,10000,39,142
lista,SLL con cola,AddAfter,10000,40,209
lista,SLL con cola,AddAfter,10000,41,180
lista,SLL con cola,AddAfter,10000,42,177
lista,SLL con cola,AddAfter,10000,43,177
lista,SLL con cola,AddAfter,10000,44,163
lista,SLL con cola,AddAfter,10000,45,150
lista,SLL con cola,AddAfter,10000,46,136
lista,SLL con cola,AddAfter,10000,47,140
lista,SLL con cola,AddAfter,10000,48,160
lista,SLL con cola,AddAfter,10000,49,177
lista,SLL con cola,Empty,10000,0,52
lista,SLL con cola,Empty,10000,1,70
lista,SLL con cola,Empty,10000,2,53
lista,SLL con cola,Empty,10000,3,52
lista,SLL con cola,Empty,10000,4,51
lista,SLL con cola,Empty,10000,5,52
lista,SLL con cola,Empty,10000,6,52
lista,SLL con cola,Empty,10000,7,53
lista,SLL con cola,Empty,10000,8,52
lista,SLL con cola,Empty,10000,9,52
lista,SLL con cola,Empty,10000,10,51
lista,SLL con cola,Empty,10000,11,52
lista,SLL con cola,Empty,10000,12,52
lista,SLL con cola,Empty,10000,13,53
lista,SLL con cola,Empty,10000,14,53
lista,SLL con cola,Empty,10000,15,52
lista,SLL con cola,Empty,10000,16,50
lista,SLL con cola,Empty,10000,17,51
lista,SLL con cola,Empty,10000,18,53
lista,SLL con cola,Empty,10000,19,53
lista,SLL con cola,Empty,10000,20,53
lista,SLL con cola,Empty,10000,21,52
lista,SLL con cola,Empty,10000,22,52
lista,SLL con cola,Empty,10000,23,51
lista,SLL con cola,Empty,10000,24,53
lista,SLL con cola,Empty,10000,25,53
lista,SLL con cola,Empty,10000,26,52
lista,SLL con cola,Empty,10000,27,52
lista,SLL con cola,Empty,10000,28,52
lista,SLL con cola,Empty,10000,29,52
lista,SLL con cola,Empty,10000,30,53
lista,SLL con cola,Empty,10000,31,53
lista,SLL con cola,Empty,10000,32,52
lista,SLL con cola,Empty,10000,33,51
lista,SLL con cola,Empty,10000,34,52
lista,SLL con cola,Empty,10000,35,52
lista,SLL con cola,Empty,10000,36,53
lista,SLL con cola,Empty,10000,37,53
lista,SLL con cola,Empty,10000,38,52
lista,SLL con cola,Empty,10000,39,53
lista,SLL con cola,Empty,10000,40,52
lista,SLL con cola,Empty,10000,41,53
lista,SLL con cola,Empty,10000,42,53
lista,SLL con cola,Empty,10000,43,52
lista,SLL con cola,Empty,10000,44,52
lista,SLL con cola,Empty,10000,45,53
lista,SLL con cola,Empty,10000,46,52
lista,SLL con cola,Empty,10000,47,53
lista,SLL con cola,Empty,10000,48,53
lista,SLL con cola,Empty,10000,49,52
lista,SLL con cola,Size,10000,0,56
lista,SLL con cola,Size,10000,1,77
lista,SLL con cola,Size,10000,2,75
lista,SLL con cola,Size,10000,3,58
lista,SLL con cola,Size,10000,4,57
lista,SLL con cola,Size,10000,5,55
lista,SLL con cola,Size,10000,6,57
lista,SLL con cola,Size,10000,7,56
lista,SLL con cola,Size,10000,8,56
lista,SLL con cola,Size,10000,9,56
lista,SLL con cola,Size,10000,10,57
lista,SLL con cola,Size,10000,11,57
lista,SLL con cola,Size,10000,12,56
lista,SLL con cola,Size,10000,13,56
lista,SLL con cola,Size,10000,14,56
lista,SLL con cola,Size,10000,15,57
lista,SLL con cola,Size,10000,16,56
lista,SLL con cola,Size,10000,17,58
lista,SLL con cola,Size,10000,18,63
lista,SLL con cola,Size,10000,19,57
lista,SLL con cola,Size,10000,20,57
lista,SLL con cola,Size,10000,21,56
lista,SLL con cola,Size,10000,22,57
lista,SLL con cola,Size,10000,23,56
lista,SLL con cola,Size,10000,24,56
lista,SLL con cola,Size,10000,25,57
lista,SLL con cola,Size,10000,26,57
lista,SLL con cola,Size,10000,27,56
lista,SLL con cola,Size,10000,28,56
lista,SLL con cola,Size,10000,29,57
lista,SLL con cola,Size,10000,30,57
lista,SLL con cola,Size,10000,31,56
lista,SLL con cola,Size,10000,32,57
lista,SLL con cola,Size,10000,33,56
lista,SLL con cola,Size,10000,34,62
lista,SLL con cola,Size,10000,35,57
lista,SLL con cola,Size,10000,36,56
lista,SLL con cola,Size,10000,37,56
lista,SLL con cola,Size,10000,38,57
lista,SLL con cola,Size,10000,39,56
lista,SLL con cola,Size,10000,40,56
lista,SLL con cola,Size,10000,41,57
lista,SLL con cola,Size,10000,42,63
lista,SLL con cola,Size,10000,43,58
lista,SLL con cola,Size,10000,44,58
lista,SLL con cola,Size,10000,45,57
lista,SLL con cola,Size,10000,46,62
lista,SLL con cola,Size,10000,47,57
lista,SLL con cola,Size,10000,48,56
lista,SLL con cola,Size,10000,49,56
lista,DLL sin cola,PushFront,10000,0,45
lista,DLL sin cola,PushFront,10000,1,44
lista,DLL sin cola,PushFront,10000,2,45
lista,DLL sin cola,PushFront,10000,3,45
lista,DLL sin cola,PushFront,10000,4,45
lista,DLL sin cola,PushFront,10000,5,44
lista,DLL sin cola,PushFront,10000,6,45
lista,DLL sin cola,PushFront,10000,7,45
lista,DLL sin cola,PushFront,10000,8,45
lista,DLL sin cola,PushFront,10000,9,45
lista,DLL sin cola,PushFront,10000,10,45
lista,DLL sin cola,PushFront,10000,11,45
lista,DLL sin cola,PushFront,10000,12,44
lista,DLL sin cola,PushFront,10000,13,45
lista,DLL sin cola,PushFront,10000,14,45
lista,DLL sin cola,PushFront,10000,15,45
lista,DLL sin cola,PushFront,10000,16,45
lista,DLL sin cola,PushFront,10000,17,45
lista,DLL sin cola,PushFront,10000,18,45
lista,DLL sin cola,PushFront,10000,19,46
lista,DLL sin cola,PushFront,10000,20,46
lista,DLL sin cola,PushFront,10000,21,44
lista,DLL sin cola,PushFront,10000,22,45
lista,DLL sin cola,PushFront,10000,23,46
lista,DLL sin cola,PushFront,10000,24,45
lista,DLL sin cola,PushFront,10000,25,45
lista,DLL sin cola,PushFront,10000,26,46
lista,DLL sin cola,PushFront,10000,27,44
lista,DLL sin cola,PushFront,10000,28,44
lista,DLL sin cola,PushFront,10000,29,46
lista,DLL sin cola,PushFront,10000,30,45
lista,DLL sin cola,PushFront,10000,31,45
lista,DLL sin cola,PushFront,10000,32,45
lista,DLL sin cola,PushFront,10000,33,45
lista,DLL sin cola,PushFront,10000,34,45
lista,DLL sin cola,PushFront,10000,35,46
lista,DLL sin cola,PushFront,10000,36,45
lista,DLL sin cola,PushFront,10000,37,45
lista,DLL sin cola,PushFront,10000,38,45
lista,DLL sin cola,PushFront,10000,39,45
lista,DLL sin cola,PushFront,10000,40,45
lista,DLL sin cola,PushFront,10000,41,45
lista,DLL sin cola,PushFront,10000,42,45
lista,DLL sin cola,PushFront,10000,43,45
lista,DLL sin cola,PushFront,10000,44,46
lista,DLL sin cola,PushFront,10000,45,45
lista,DLL sin cola,PushFront,10000,46,45
lista,DLL sin cola,PushFront,10000,47,46
lista,DLL sin cola,PushFront,10000,48,45
lista,DLL sin cola,PushFront,10000,49,45
lista,DLL sin cola,PushBack,10000,0,18701
lista,DLL sin cola,PushBack,10000,1,18554
lista,DLL sin cola,PushBack,10000,2,18312
lista,DLL sin cola,PushBack,10000,3,23168
lista,DLL sin cola,PushBack,10000,4,21387
lista,DLL sin cola,PushBack,10000,5,18137
lista,DLL sin cola,PushBack,10000,6,18593
lista,DLL sin cola,PushBack,10000,7,17998
lista,DLL sin cola,PushBack,10000,8,17551
lista,DLL sin cola,PushBack,10000,9,17454
lista,DLL sin cola,PushBack,10000,10,17435
lista,DLL sin cola,PushBack,10000,11,17455
lista,DLL sin cola,PushBack,10000,12,17432
lista,DLL sin cola,PushBack,10000,13,17513
lista,DLL sin cola,PushBack,10000,14,17453
lista,DLL sin cola,PushBack,10000,15,17402
lista,DLL sin cola,PushBack,10000,16,17414
lista,DLL sin cola,PushBack,10000,17,17400
lista,DLL sin cola,PushBack,10000,18,17438
lista,DLL sin cola,PushBack,10000,19,17437
lista,DLL sin cola,PushBack,10000,20,17425
lista,DLL sin cola,PushBack,10000,21,17480
lista,DLL sin cola,PushBack,10000,22,17540
lista,DLL sin cola,PushBack,10000,23,17480
lista,DLL sin cola,PushBack,10000,24,17454
lista,DLL sin cola,PushBack,10000,25,17559
lista,DLL sin cola,PushBack,10000,26,17546
lista,DLL sin cola,PushBack,10000,27,18294
lista,DLL sin cola,PushBack,10000,28,18382
lista,DLL sin cola,PushBack,10000,29,17957
lista,DLL sin cola,PushBack,10000,30,18458
lista,DLL sin cola,PushBack,10000,31,18089
lista,DLL sin cola,PushBack,10000,32,18347
lista,DLL sin cola,PushBack,10000,33,17407
lista,DLL sin cola,PushBack,10000,34,17537
lista,DLL sin cola,PushBack,10000,35,17402
lista,DLL sin cola,PushBack,10000,36,17641
lista,DLL sin cola,PushBack,10000,37,18290
lista,DLL sin cola,PushBack,10000,38,18378
lista,DLL sin cola,PushBack,10000,39,18547
lista,DLL sin cola,PushBack,10000,40,18003
lista,DLL sin cola,PushBack,10000,41,21107
lista,DLL sin cola,PushBack,10000,42,21058
lista,DLL sin cola,PushBack,10000,43,24418
lista,DLL sin cola,PushBack,10000,44,20045
lista,DLL sin cola,PushBack,10000,45,17440
lista,DLL sin cola,PushBack,10000,46,17366
lista,DLL sin cola,PushBack,10000,47,18075
lista,DLL sin cola,PushBack,10000,48,18132
lista,DLL sin cola,PushBack,10000,49,18814
lista,DLL sin cola,PopFront,10000,0,47
lista,DLL sin cola,PopFront,10000,1,47
lista,DLL sin cola,PopFront,10000,2,46
lista,DLL sin cola,PopFront,10000,3,47
lista,DLL sin cola,PopFront,10000,4,46
lista,DLL sin cola,PopFront,10000,5,46
lista,DLL sin cola,PopFront,10000,6,47
lista,DLL sin cola,PopFront,10000,7,46
lista,DLL sin cola,PopFront,10000,8,47
lista,DLL sin cola,PopFront,10000,9,46
lista,DLL sin cola,PopFront,10000,10,45
lista,DLL sin cola,PopFront,10000,11,47
lista,DLL sin cola,PopFront,10000,12,46
lista,DLL sin cola,PopFront,10000,13,47
lista,DLL sin cola,PopFront,10000,14,46
lista,DLL sin cola,PopFront,10000,15,46
lista,DLL sin cola,PopFront,10000,16,46
lista,DLL sin cola,PopFront,10000,17,46
lista,DLL sin cola,PopFront,10000,18,46
lista,DLL sin cola,PopFront,10000,19,46
lista,DLL sin cola,PopFront,10000,20,45
lista,DLL sin cola,PopFront,10000,21,47
lista,DLL sin cola,PopFront,10000,22,47
lista,DLL sin cola,PopFront,10000,23,47
lista,DLL sin cola,PopFront,10000,24,46
lista,DLL sin cola,PopFront,10000,25,46
lista,DLL sin cola,PopFront,10000,26,47
lista,DLL sin cola,PopFront,10000,27,46
lista,DLL sin cola,PopFront,10000,28,45
lista,DLL sin cola,PopFront,10000,29,46
lista,DLL sin cola,PopFront,10000,30,47
lista,DLL sin cola,PopFront,10000,31,47
lista,DLL sin cola,PopFront,10000,32,46
lista,DLL sin cola,PopFront,10000,33,46
lista,DLL sin cola,PopFront,10000,34,46
lista,DLL sin cola,PopFront,10000,35,46
lista,DLL sin cola,PopFront,10000,36,47
lista,DLL sin cola,PopFront,10000,37,47
lista,DLL sin cola,PopFront,10000,38,47
lista,DLL sin cola,PopFront,10000,39,48
lista,DLL sin cola,PopFront,10000,40,46
lista,DLL sin cola,PopFront,10000,41,48
lista,DLL sin cola,PopFront,10000,42,47
lista,DLL sin cola,PopFront,10000,43,47
lista,DLL sin cola,PopFront,10000,44,45
lista,DLL sin cola,PopFront,10000,45,46
lista,DLL sin cola,PopFront,10000,46,46
lista,DLL sin cola,PopFront,10000,47,46
lista,DLL sin cola,PopFront,10000,48,45
lista,DLL sin cola,PopFront,10000,49,46
lista,DLL sin cola,PopBack,10000,0,18257
lista,DLL sin cola,PopBack,10000,1,18225
lista,DLL sin cola,PopBack,10000,2,18243
lista,DLL sin cola,PopBack,10000,3,17565
lista,DLL sin cola,PopBack,10000,4,20272
lista,DLL sin cola,PopBack,10000,5,20677
lista,DLL sin cola,PopBack,10000,6,18257
lista,DLL sin cola,PopBack,10000,7,18442
lista,DLL sin cola,PopBack,10000,8,18128
lista,DLL sin cola,PopBack,10000,9,17430
lista,DLL sin cola,PopBack,10000,10,17465
lista,DLL sin cola,PopBack,10000,11,17492
lista,DLL sin cola,PopBack,10000,12,17432
lista,DLL sin cola,PopBack,10000,13,17539
lista,DLL sin cola,PopBack,10000,14,17853
lista,DLL sin cola,PopBack,10000,15,20193
lista,DLL sin cola,PopBack,10000,16,18131
lista,DLL sin cola,PopBack,10000,17,35087
lista,DLL sin cola,PopBack,10000,18,17610
lista,DLL sin cola,PopBack,10000,19,33493
lista,DLL sin cola,PopBack,10000,20,18294
lista,DLL sin cola,PopBack,10000,21,17800
lista,DLL sin cola,PopBack,10000,22,17482
lista,DLL sin cola,PopBack,10000,23,17501
lista,DLL sin cola,PopBack,10000,24,17483
lista,DLL sin cola,PopBack,10000,25,17485
lista,DLL sin cola,PopBack,10000,26,18123
lista,DLL sin cola,PopBack,10000,27,18186
lista,DLL sin cola,PopBack,10000,28,21751
lista,DLL sin cola,PopBack,10000,29,20985
lista,DLL sin cola,PopBack,10000,30,20394
lista,DLL sin cola,PopBack,10000,31,18897
lista,DLL sin cola,PopBack,10000,32,18162
lista,DLL sin cola,PopBack,10000,33,18194
lista,DLL sin cola,PopBack,10000,34,18041
lista,DLL sin cola,PopBack,10000,35,18091
lista,DLL sin cola,PopBack,10000,36,17541
lista,DLL sin cola,PopBack,10000,37,17482
lista,DLL sin cola,PopBack,10000,38,17544
lista,DLL sin cola,PopBack,10000,39,17464
lista,DLL sin cola,PopBack,10000,40,17638
lista,DLL sin cola,PopBack,10000,41,17486
lista,DLL sin cola,PopBack,10000,42,17521
lista,DLL sin cola,PopBack,10000,43,17510
lista,DLL sin cola,PopBack,10000,44,17493
lista,DLL sin cola,PopBack,10000,45,17522
lista,DLL sin cola,PopBack,10000,46,33871
lista,DLL sin cola,PopBack,10000,47,18278
lista,DLL sin cola,PopBack,10000,48,18358
lista,DLL sin cola,PopBack,10000,49,17489
lista,DLL sin cola,TopFront,10000,0,53
lista,DLL sin cola,TopFront,10000,1,52
lista,DLL sin cola,TopFront,10000,2,50
lista,DLL sin cola,TopFront,10000,3,52
lista,DLL sin cola,TopFront,10000,4,53
lista,DLL sin cola,TopFront,10000,5,53
lista,DLL sin cola,TopFront,10000,6,52
lista,DLL sin cola,TopFront,10000,7,52
lista,DLL sin cola,TopFront,10000,8,51
lista,DLL sin cola,TopFront,10000,9,51
lista,DLL sin cola,TopFront,10000,10,53
lista,DLL sin cola,TopFront,10000,11,53
lista,DLL sin cola,TopFront,10000,12,51
lista,DLL sin cola,TopFront,10000,13,51
lista,DLL sin cola,TopFront,10000,14,51
lista,DLL sin cola,TopFront,10000,15,52
lista,DLL sin cola,TopFront,10000,16,53
lista,DLL sin cola,TopFront,10000,17,51
lista,DLL sin cola,TopFront,10000,18,51
lista,DLL sin cola,TopFront,10000,19,54
lista,DLL sin cola,TopFront,10000,20,52
lista,DLL sin cola,TopFront,10000,21,52
lista,DLL sin cola,TopFront,10000,22,52
lista,DLL sin cola,TopFront,10000,23,51
lista,DLL sin cola,TopFront,10000,24,51
lista,DLL sin cola,TopFront,10000,25,52
lista,DLL sin cola,TopFront,10000,26,53
lista,DLL sin cola,TopFront,10000,27,51
lista,DLL sin cola,TopFront,10000,28,51
lista,DLL sin cola,TopFront,10000,29,52
lista,DLL sin cola,TopFront,10000,30,53
lista,DLL sin cola,TopFront,10000,31,52
lista,DLL sin cola,TopFront,10000,32,51
lista,DLL sin cola,TopFront,10000,33,52
lista,DLL sin cola,TopFront,10000,34,52
lista,DLL sin cola,TopFront,10000,35,52
lista,DLL sin cola,TopFront,10000,36,52
lista,DLL sin cola,TopFront,10000,37,52
lista,DLL sin cola,TopFront,10000,38,51
lista,DLL sin cola,TopFront,10000,39,52
lista,DLL sin cola,TopFront,10000,40,53
lista,DLL sin cola,TopFront,10000,41,52
lista,DLL sin cola,TopFront,10000,42,51
lista,DLL sin cola,TopFront,10000,43,51
lista,DLL sin cola,TopFront,10000,44,52
lista,DLL sin cola,TopFront,10000,45,54
lista,DLL sin cola,TopFront,10000,46,51
lista,DLL sin cola,TopFront,10000,47,51
lista,DLL sin cola,TopFront,10000,48,52
lista,DLL sin cola,TopFront,10000,49,52
lista,DLL sin cola,TopBack,10000,0,18539
lista,DLL sin cola,TopBack,10000,1,18469
lista,DLL sin cola,TopBack,10000,2,18048
lista,DLL sin cola,TopBack,10000,3,18013
lista,DLL sin cola,TopBack,10000,4,18312
lista,DLL sin cola,TopBack,10000,5,17551
lista,DLL sin cola,TopBack,10000,6,17449
lista,DLL sin cola,TopBack,10000,7,17441
lista,DLL sin cola,TopBack,10000,8,17388
lista,DLL sin cola,TopBack,10000,9,17478
lista,DLL sin cola,TopBack,10000,10,17468
lista,DLL sin cola,TopBack,10000,11,17432
lista,DLL sin cola,TopBack,10000,12,17443
lista,DLL sin cola,TopBack,10000,13,17500
lista,DLL sin cola,TopBack,10000,14,17446
lista,DLL sin cola,TopBack,10000,15,17442
lista,DLL sin cola,TopBack,10000,16,17487
lista,DLL sin cola,TopBack,10000,17,17460
lista,DLL sin cola,TopBack,10000,18,17520
lista,DLL sin cola,TopBack,10000,19,17467
lista,DLL sin cola,TopBack,10000,20,17923
lista,DLL sin cola,TopBack,10000,21,17487
lista,DLL sin cola,TopBack,10000,22,17410
lista,DLL sin cola,TopBack,10000,23,17476
lista,DLL sin cola,TopBack,10000,24,17452
lista,DLL sin cola,TopBack,10000,25,17424
lista,DLL sin cola,TopBack,10000,26,59725
lista,DLL sin cola,TopBack,10000,27,17571
lista,DLL sin cola,TopBack,10000,28,17472
lista,DLL sin cola,TopBack,10000,29,17446
lista,DLL sin cola,TopBack,10000,30,35470
lista,DLL sin cola,TopBack,10000,31,18203
lista,DLL sin cola,TopBack,10000,32,18320
lista,DLL sin cola,TopBack,10000,33,17508
lista,DLL sin cola,TopBack,10000,34,17391
lista,DLL sin cola,TopBack,10000,35,17458
lista,DLL sin cola,TopBack,10000,36,17517
lista,DLL sin cola,TopBack,10000,37,17515
lista,DLL sin cola,TopBack,10000,38,20795
lista,DLL sin cola,TopBack,10000,39,17485
lista,DLL sin cola,TopBack,10000,40,17455
lista,DLL sin cola,TopBack,10000,41,17553
lista,DLL sin cola,TopBack,10000,42,18182
lista,DLL sin cola,TopBack,10000,43,20609
lista,DLL sin cola,TopBack,10000,44,23000
lista,DLL sin cola,TopBack,10000,45,17525
lista,DLL sin cola,TopBack,10000,46,17939
lista,DLL sin cola,TopBack,10000,47,18601
lista,DLL sin cola,TopBack,10000,48,18114
lista,DLL sin cola,TopBack,10000,49,18222
lista,DLL sin cola,Find,10000,0,40628
lista,DLL sin cola,Find,10000,1,40576
lista,DLL sin cola,Find,10000,2,40630
lista,DLL sin cola,Find,10000,3,41203
lista,DLL sin cola,Find,10000,4,40533
lista,DLL sin cola,Find,10000,5,40570
lista,DLL sin cola,Find,10000,6,40580
lista,DLL sin cola,Find,10000,7,40606
lista,DLL sin cola,Find,10000,8,58281
lista,DLL sin cola,Find,10000,9,42597
lista,DLL sin cola,Find,10000,10,40656
lista,DLL sin cola,Find,10000,11,40583
lista,DLL sin cola,Find,10000,12,41126
lista,DLL sin cola,Find,10000,13,53364
lista,DLL sin cola,Find,10000,14,58372
lista,DLL sin cola,Find,10000,15,44141
lista,DLL sin cola,Find,10000,16,43718
lista,DLL sin cola,Find,10000,17,45786
lista,DLL sin cola,Find,10000,18,45261
lista,DLL sin cola,Find,10000,19,44534
lista,DLL sin cola,Find,10000,20,44405
lista,DLL sin cola,Find,10000,21,42833
lista,DLL sin cola,Find,10000,22,44276
lista,DLL sin cola,Find,10000,23,40599
lista,DLL sin cola,Find,10000,24,40605
lista,DLL sin cola,Find,10000,25,45720
lista,DLL sin cola,Find,10000,26,43941
lista,DLL sin cola,Find,10000,27,46226
lista,DLL sin cola,Find,10000,28,43381
lista,DLL sin cola,Find,10000,29,41166
lista,DLL sin cola,Find,10000,30,59331
lista,DLL sin cola,Find,10000,31,45839
lista,DLL sin cola,Find,10000,32,43015
lista,DLL sin cola,Find,10000,33,40612
lista,DLL sin cola,Find,10000,34,40630
lista,DLL sin cola,Find,10000,35,40580
lista,DLL sin cola,Find,10000,36,40666
lista,DLL sin cola,Find,10000,37,45535
lista,DLL sin cola,Find,10000,38,47815
lista,DLL sin cola,Find,10000,39,48571
lista,DLL sin cola,Find,10000,40,48195
lista,DLL sin cola,Find,10000,41,44813
lista,DLL sin cola,Find,10000,42,46720
lista,DLL sin cola,Find,10000,43,44096
lista,DLL sin cola,Find,10000,44,44961
lista,DLL sin cola,Find,10000,45,44261
lista,DLL sin cola,Find,10000,46,42947
lista,DLL sin cola,Find,10000,47,42085
lista,DLL sin cola,Find,10000,48,46101
lista,DLL sin cola,Find,10000,49,43287
lista,DLL sin cola,Erase,10000,0,44182
lista,DLL sin cola,Erase,10000,1,40680
lista,DLL sin cola,Erase,10000,2,40559
lista,DLL sin cola,Erase,10000,3,40701
lista,DLL sin cola,Erase,10000,4,40599
lista,DLL sin cola,Erase,10000,5,44350
lista,DLL sin cola,Erase,10000,6,45358
lista,DLL sin cola,Erase,10000,7,61126
lista,DLL sin cola,Erase,10000,8,46600
lista,DLL sin cola,Erase,10000,9,40728
lista,DLL sin cola,Erase,10000,10,66963
lista,DLL sin cola,Erase,10000,11,58491
lista,DLL sin cola,Erase,10000,12,47553
lista,DLL sin cola,Erase,10000,13,46911
lista,DLL sin cola,Erase,10000,14,46841
lista,DLL sin cola,Erase,10000,15,45736
lista,DLL sin cola,Erase,10000,16,40750
lista,DLL sin cola,Erase,10000,17,45378
lista,DLL sin cola,Erase,10000,18,47278
lista,DLL sin cola,Erase,10000,19,42566
lista,DLL sin cola,Erase,10000,20,44551
lista,DLL sin cola,Erase,10000,21,44541
lista,DLL sin cola,Erase,10000,22,46729
lista,DLL sin cola,Erase,10000,23,43364
lista,DLL sin cola,Erase,10000,24,40667
lista,DLL sin cola,Erase,10000,25,46352
lista,DLL sin cola,Erase,10000,26,62418
lista,DLL sin cola,Erase,10000,27,43960
lista,DLL sin cola,Erase,10000,28,40654
lista,DLL sin cola,Erase,10000,29,40676
lista,DLL sin cola,Erase,10000,30,46920
lista,DLL sin cola,Erase,10000,31,40807
lista,DLL sin cola,Erase,10000,32,40633
lista,DLL sin cola,Erase,10000,33,40575
lista,DLL sin cola,Erase,10000,34,40600
lista,DLL sin cola,Erase,10000,35,40610
lista,DLL sin cola,Erase,10000,36,42505
lista,DLL sin cola,Erase,10000,37,44988
lista,DLL sin cola,Erase,10000,38,46442
lista,DLL sin cola,Erase,10000,39,42545
lista,DLL sin cola,Erase,10000,40,40576
lista,DLL sin cola,Erase,10000,41,40564
lista,DLL sin cola,Erase,10000,42,40630
lista,DLL sin cola,Erase,10000,43,45867
lista,DLL sin cola,Erase,10000,44,40679
lista,DLL sin cola,Erase,10000,45,40616
lista,DLL sin cola,Erase,10000,46,40631
lista,DLL sin cola,Erase,10000,47,50662
lista,DLL sin cola,Erase,10000,48,46912
lista,DLL sin cola,Erase,10000,49,45084
lista,DLL sin cola,AddBefore,10000,0,196
lista,DLL sin cola,AddBefore,10000,1,125
lista,DLL sin cola,AddBefore,10000,2,179
lista,DLL sin cola,AddBefore,10000,3,137
lista,DLL sin cola,AddBefore,10000,4,120
lista,DLL sin cola,AddBefore,10000,5,120
lista,DLL sin cola,AddBefore,10000,6,119
lista,DLL sin cola,AddBefore,10000,7,120
lista,DLL sin cola,AddBefore,10000,8,143
lista,DLL sin cola,AddBefore,10000,9,225
lista,DLL sin cola,AddBefore,10000,10,231
lista,DLL sin cola,AddBefore,10000,11,185
lista,DLL sin cola,AddBefore,10000,12,178
lista,DLL sin cola,AddBefore,10000,13,134
lista,DLL sin cola,AddBefore,10000,14,122
lista,DLL sin cola,AddBefore,10000,15,118
lista,DLL sin cola,AddBefore,10000,16,151
lista,DLL sin cola,AddBefore,10000,17,140
lista,DLL sin cola,AddBefore,10000,18,150
lista,DLL sin cola,AddBefore,10000,19,128
lista,DLL sin cola,AddBefore,10000,20,222
lista,DLL sin cola,AddBefore,10000,21,185
lista,DLL sin cola,AddBefore,10000,22,146
lista,DLL sin cola,AddBefore,10000,23,145
lista,DLL sin cola,AddBefore,10000,24,212
lista,DLL sin cola,AddBefore,10000,25,157
lista,DLL sin cola,AddBefore,10000,26,128
lista,DLL sin cola,AddBefore,10000,27,128
lista,DLL sin cola,AddBefore,10000,28,128
lista,DLL sin cola,AddBefore,10000,29,187
lista,DLL sin cola,AddBefore,10000,30,227
lista,DLL sin cola,AddBefore,10000,31,147
lista,DLL sin cola,AddBefore,10000,32,128
lista,DLL sin cola,AddBefore,10000,33,164
lista,DLL sin cola,AddBefore,10000,34,131
lista,DLL sin cola,AddBefore,10000,35,125
lista,DLL sin cola,AddBefore,10000,36,172
lista,DLL sin cola,AddBefore,10000,37,149
lista,DLL sin cola,AddBefore,10000,38,132
lista,DLL sin cola,AddBefore,10000,39,130
lista,DLL sin cola,AddBefore,10000,40,189
lista,DLL sin cola,AddBefore,10000,41,458
lista,DLL sin cola,AddBefore,10000,42,158
lista,DLL sin cola,AddBefore,10000,43,144
lista,DLL sin cola,AddBefore,10000,44,176
lista,DLL sin cola,AddBefore,10000,45,143
lista,DLL sin cola,AddBefore,10000,46,144
lista,DLL sin cola,AddBefore,10000,47,130
lista,DLL sin cola,AddBefore,10000,48,127
lista,DLL sin cola,AddBefore,10000,49,211
lista,DLL sin cola,AddAfter,10000,0,138
lista,DLL sin cola,AddAfter,10000,1,137
lista,DLL sin cola,AddAfter,10000,2,168
lista,DLL sin cola,AddAfter,10000,3,222
lista,DLL sin cola,AddAfter,10000,4,151
lista,DLL sin cola,AddAfter,10000,5,140
lista,DLL sin cola,AddAfter,10000,6,138
lista,DLL sin cola,AddAfter,10000,7,145
lista,DLL sin cola,AddAfter,10000,8,215
lista,DLL sin cola,AddAfter,10000,9,152
lista,DLL sin cola,AddAfter,10000,10,176
lista,DLL sin cola,AddAfter,10000,11,164
lista,DLL sin cola,AddAfter,10000,12,127
lista,DLL sin cola,AddAfter,10000,13,195
lista,DLL sin cola,AddAfter,10000,14,126
lista,DLL sin cola,AddAfter,10000,15,156
lista,DLL sin cola,AddAfter,10000,16,159
lista,DLL sin cola,AddAfter,10000,17,139
lista,DLL sin cola,AddAfter,10000,18,179
lista,DLL sin cola,AddAfter,10000,19,172
lista,DLL sin cola,AddAfter,10000,20,145
lista,DLL sin cola,AddAfter,10000,21,162
lista,DLL sin cola,AddAfter,10000,22,117
lista,DLL sin cola,AddAfter,10000,23,217
lista,DLL sin cola,AddAfter,10000,24,311
lista,DLL sin cola,AddAfter,10000,25,214
lista,DLL sin cola,AddAfter,10000,26,172
lista,DLL sin cola,AddAfter,10000,27,158
lista,DLL sin cola,AddAfter,10000,28,167
lista,DLL sin cola,AddAfter,10000,29,131
lista,DLL sin cola,AddAfter,10000,30,149
lista,DLL sin cola,AddAfter,10000,31,177
lista,DLL sin cola,AddAfter,10000,32,200
lista,DLL sin cola,AddAfter,10000,33,148
lista,DLL sin cola,AddAfter,10000,34,222
lista,DLL sin cola,AddAfter,10000,35,181
lista,DLL sin cola,AddAfter,10000,36,210
lista,DLL sin cola,AddAfter,10000,37,141
lista,DLL sin cola,AddAfter,10000,38,138
lista,DLL sin cola,AddAfter,10000,39,148
lista,DLL sin cola,AddAfter,10000,40,129
lista,DLL sin cola,AddAfter,10000,41,164
lista,DLL sin cola,AddAfter,10000,42,164
lista,DLL sin cola,AddAfter,10000,43,163
lista,DLL sin cola,AddAfter,10000,44,199
lista,DLL sin cola,AddAfter,10000,45,159
lista,DLL sin cola,AddAfter,10000,46,170
lista,DLL sin cola,AddAfter,10000,47,139
lista,DLL sin cola,AddAfter,10000,48,129
lista,DLL sin cola,AddAfter,10000,49,137
lista,DLL sin cola,Empty,10000,0,51
lista,DLL sin cola,Empty,10000,1,53
lista,DLL sin cola,Empty,10000,2,53
lista,DLL sin cola,Empty,10000,3,51
lista,DLL sin cola,Empty,10000,4,51
lista,DLL sin cola,Empty,10000,5,52
lista,DLL sin cola,Empty,10000,6,53
lista,DLL sin cola,Empty,10000,7,53
lista,DLL sin cola,Empty,10000,8,52
lista,DLL sin cola,Empty,10000,9,52
lista,DLL sin cola,Empty,10000,10,52
lista,DLL sin cola,Empty,10000,11,53
lista,DLL sin cola,Empty,10000,12,53
lista,DLL sin cola,Empty,10000,13,54
lista,DLL sin cola,Empty,10000,14,51
lista,DLL sin cola,Empty,10000,15,52
lista,DLL sin cola,Empty,10000,16,51
lista,DLL sin cola,Empty,10000,17,53
lista,DLL sin cola,Empty,10000,18,53
lista,DLL sin cola,Empty,10000,19,52
lista,DLL sin cola,Empty,10000,20,52
lista,DLL sin cola,Empty,10000,21,52
lista,DLL sin cola,Empty,10000,22,52
lista,DLL sin cola,Empty,10000,23,53
lista,DLL sin cola,Empty,10000,24,53
lista,DLL sin cola,Empty,10000,25,52
lista,DLL sin cola,Empty,10000,26,52
lista,DLL sin cola,Empty,10000,27,52
lista,DLL sin cola,Empty,10000,28,52
lista,DLL sin cola,Empty,10000,29,53
lista,DLL sin cola,Empty,10000,30,51
lista,DLL sin cola,Empty,10000,31,52
lista,DLL sin cola,Empty,10000,32,51
lista,DLL sin cola,Empty,10000,33,54
lista,DLL sin cola,Empty,10000,34,52
lista,DLL sin cola,Empty,10000,35,52
lista,DLL sin cola,Empty,10000,36,51
lista,DLL sin cola,Empty,10000,37,52
lista,DLL sin cola,Empty,10000,38,52
lista,DLL sin cola,Empty,10000,39,53
lista,DLL sin cola,Empty,10000,40,53
lista,DLL sin cola,Empty,10000,41,52
lista,DLL sin cola,Empty,10000,42,51
lista,DLL sin cola,Empty,10000,43,53
lista,DLL sin cola,Empty,10000,44,53
lista,DLL sin cola,Empty,10000,45,52
lista,DLL sin cola,Empty,10000,46,52
lista,DLL sin cola,Empty,10000,47,52
lista,DLL sin cola,Empty,10000,48,52
lista,DLL sin cola,Empty,10000,49,53
lista,DLL sin cola,Size,10000,0,56
lista,DLL sin cola,Size,10000,1,80
lista,DLL sin cola,Size,10000,2,58
lista,DLL sin cola,Size,10000,3,57
lista,DLL sin cola,Size,10000,4,56
lista,DLL sin cola,Size,10000,5,56
lista,DLL sin cola,Size,10000,6,56
lista,DLL sin cola,Size,10000,7,57
lista,DLL sin cola,Size,10000,8,56
lista,DLL sin cola,Size,10000,9,56
lista,DLL sin cola,Size,10000,10,58
lista,DLL sin cola,Size,10000,11,56
lista,DLL sin cola,Size,10000,12,56
lista,DLL sin cola,Size,10000,13,58
lista,DLL sin cola,Size,10000,14,58
lista,DLL sin cola,Size,10000,15,56
lista,DLL sin cola,Size,10000,16,56
lista,DLL sin cola,Size,10000,17,57
lista,DLL sin cola,Size,10000,18,57
lista,DLL sin cola,Size,10000,19,56
lista,DLL sin cola,Size,10000,20,57
lista,DLL sin cola,Size,10000,21,58
lista,DLL sin cola,Size,10000,22,60
lista,DLL sin cola,Size,10000,23,56
lista,DLL sin cola,Size,10000,24,56
lista,DLL sin cola,Size,10000,25,56
lista,DLL sin cola,Size,10000,26,57
lista,DLL sin cola,Size,10000,27,57
lista,DLL sin cola,Size,10000,28,57
lista,DLL sin cola,Size,10000,29,63
lista,DLL sin cola,Size,10000,30,57
lista,DLL sin cola,Size,10000,31,57
lista,DLL sin cola,Size,10000,32,56
lista,DLL sin cola,Size,10000,33,62
lista,DLL sin cola,Size,10000,34,58
lista,DLL sin cola,Size,10000,35,57
lista,DLL sin cola,Size,10000,36,57
lista,DLL sin cola,Size,10000,37,62
lista,DLL sin cola,Size,10000,38,56
lista,DLL sin cola,Size,10000,39,56
lista,DLL sin cola,Size,10000,40,54
lista,DLL sin cola,Size,10000,41,63
lista,DLL sin cola,Size,10000,42,56
lista,DLL sin cola,Size,10000,43,56
lista,DLL sin cola,Size,10000,44,57
lista,DLL sin cola,Size,10000,45,57
lista,DLL sin cola,Size,10000,46,58
lista,DLL sin cola,Size,10000,47,58
lista,DLL sin cola,Size,10000,48,57
lista,DLL sin cola,Size,10000,49,173
lista,DLL con cola,PushFront,10000,0,47
lista,DLL con cola,PushFront,10000,1,45
lista,DLL con cola,PushFront,10000,2,45
lista,DLL con cola,PushFront,10000,3,44
lista,DLL con cola,PushFront,10000,4,45
lista,DLL con cola,PushFront,10000,5,44
lista,DLL con cola,PushFront,10000,6,44
lista,DLL con cola,PushFront,10000,7,44
lista,DLL con cola,PushFront,10000,8,44
lista,DLL con cola,PushFront,10000,9,43
lista,DLL con cola,PushFront,10000,10,44
lista,DLL con cola,PushFront,10000,11,44
lista,DLL con cola,PushFront,10000,12,43
lista,DLL con cola,PushFront,10000,13,45
lista,DLL con cola,PushFront,10000,14,45
lista,DLL con cola,PushFront,10000,15,45
lista,DLL con cola,PushFront,10000,16,43
lista,DLL con cola,PushFront,10000,17,44
lista,DLL con cola,PushFront,10000,18,45
lista,DLL con cola,PushFront,10000,19,43
lista,DLL con cola,PushFront,10000,20,45
lista,DLL con cola,PushFront,10000,21,45
lista,DLL con cola,PushFront,10000,22,45
lista,DLL con cola,PushFront,10000,23,45
lista,DLL con cola,PushFront,10000,24,44
lista,DLL con cola,PushFront,10000,25,45
lista,DLL con cola,PushFront,10000,26,45
lista,DLL con cola,PushFront,10000,27,44
lista,DLL con cola,PushFront,10000,28,43
lista,DLL con cola,PushFront,10000,29,44
lista,DLL con cola,PushFront,10000,30,43
lista,DLL con cola,PushFront,10000,31,44
lista,DLL con cola,PushFront,10000,32,44
lista,DLL con cola,PushFront,10000,33,45
lista,DLL con cola,PushFront,10000,34,45
lista,DLL con cola,PushFront,10000,35,45
lista,DLL con cola,PushFront,10000,36,44
lista,DLL con cola,PushFront,10000,37,45
lista,DLL con cola,PushFront,10000,38,44
lista,DLL con cola,PushFront,10000,39,45
lista,DLL con cola,PushFront,10000,40,44
lista,DLL con cola,PushFront,10000,41,44
lista,DLL con cola,PushFront,10000,42,44
lista,DLL con cola,PushFront,10000,43,45
lista,DLL con cola,PushFront,10000,44,45
lista,DLL con cola,PushFront,10000,45,45
lista,DLL con cola,PushFront,10000,46,45
lista,DLL con cola,PushFront,10000,47,44
lista,DLL con cola,PushFront,10000,48,45
lista,DLL con cola,PushFront,10000,49,43
lista,DLL con cola,PushBack,10000,0,47
lista,DLL con cola,PushBack,10000,1,48
lista,DLL con cola,PushBack,10000,2,47
lista,DLL con cola,PushBack,10000,3,47
lista,DLL con cola,PushBack,10000,4,46
lista,DLL con cola,PushBack,10000,5,48
lista,DLL con cola,PushBack,10000,6,48
lista,DLL con cola,PushBack,10000,7,47
lista,DLL con cola,PushBack,10000,8,48
lista,DLL con cola,PushBack,10000,9,47
lista,DLL con cola,PushBack,10000,10,46
lista,DLL con cola,PushBack,10000,11,46
lista,DLL con cola,PushBack,10000,12,47
lista,DLL con cola,PushBack,10000,13,47
lista,DLL con cola,PushBack,10000,14,47
lista,DLL con cola,PushBack,10000,15,48
lista,DLL con cola,PushBack,10000,16,48
lista,DLL con cola,PushBack,10000,17,46
lista,DLL con cola,PushBack,10000,18,46
lista,DLL con cola,PushBack,10000,19,47
lista,DLL con cola,PushBack,10000,20,48
lista,DLL con cola,PushBack,10000,21,48
lista,DLL con cola,PushBack,10000,22,46
lista,DLL con cola,PushBack,10000,23,47
lista,DLL con cola,PushBack,10000,24,45
lista,DLL con cola,PushBack,10000,25,48
lista,DLL con cola,PushBack,10000,26,48
lista,DLL con cola,PushBack,10000,27,48
lista,DLL con cola,PushBack,10000,28,47
lista,DLL con cola,PushBack,10000,29,46
lista,DLL con cola,PushBack,10000,30,60
lista,DLL con cola,PushBack,10000,31,47
lista,DLL con cola,PushBack,10000,32,46
lista,DLL con cola,PushBack,10000,33,47
lista,DLL con cola,PushBack,10000,34,45
lista,DLL con cola,PushBack,10000,35,63
lista,DLL con cola,PushBack,10000,36,46
lista,DLL con cola,PushBack,10000,37,46
lista,DLL con cola,PushBack,10000,38,47
lista,DLL con cola,PushBack,10000,39,47
lista,DLL con cola,PushBack,10000,40,46
lista,DLL con cola,PushBack,10000,41,62
lista,DLL con cola,PushBack,10000,42,48
lista,DLL con cola,PushBack,10000,43,47
lista,DLL con cola,PushBack,10000,44,48
lista,DLL con cola,PushBack,10000,45,48
lista,DLL con cola,PushBack,10000,46,46
lista,DLL con cola,PushBack,10000,47,47
lista,DLL con cola,PushBack,10000,48,48
lista,DLL con cola,PushBack,10000,49,47
lista,DLL con cola,PopFront,10000,0,48
lista,DLL con cola,PopFront,10000,1,48
lista,DLL con cola,PopFront,10000,2,49
lista,DLL con cola,PopFront,10000,3,49
lista,DLL con cola,PopFront,10000,4,49
lista,DLL con cola,PopFront,10000,5,50
lista,DLL con cola,PopFront,10000,6,50
lista,DLL con cola,PopFront,10000,7,49
lista,DLL con cola,PopFront,10000,8,49
lista,DLL con cola,PopFront,10000,9,49
lista,DLL con cola,PopFront,10000,10,49
lista,DLL con cola,PopFront,10000,11,49
lista,DLL con cola,PopFront,10000,12,48
lista,DLL con cola,PopFront,10000,13,48
lista,DLL con cola,PopFront,10000,14,49
lista,DLL con cola,PopFront,10000,15,48
lista,DLL con cola,PopFront,10000,16,49
lista,DLL con cola,PopFront,10000,17,50
lista,DLL con cola,PopFront,10000,18,49
lista,DLL con cola,PopFront,10000,19,49
lista,DLL con cola,PopFront,10000,20,50
lista,DLL con cola,PopFront,10000,21,49
lista,DLL con cola,PopFront,10000,22,48
lista,DLL con cola,PopFront,10000,23,47
lista,DLL con cola,PopFront,10000,24,47
lista,DLL con cola,PopFront,10000,25,48
lista,DLL con cola,PopFront,10000,26,49
lista,DLL con cola,PopFront,10000,27,49
lista,DLL con cola,PopFront,10000,28,49
lista,DLL con cola,PopFront,10000,29,48
lista,DLL con cola,PopFront,10000,30,48
lista,DLL con cola,PopFront,10000,31,49
lista,DLL con cola,PopFront,10000,32,48
lista,DLL con cola,PopFront,10000,33,48
lista,DLL con cola,PopFront,10000,34,48
lista,DLL con cola,PopFront,10000,35,47
lista,DLL con cola,PopFront,10000,36,49
lista,DLL con cola,PopFront,10000,37,49
lista,DLL con cola,PopFront,10000,38,49
lista,DLL con cola,PopFront,10000,39,51
lista,DLL con cola,PopFront,10000,40,49
lista,DLL con cola,PopFront,10000,41,50
lista,DLL con cola,PopFront,10000,42,49
lista,DLL con cola,PopFront,10000,43,48
lista,DLL con cola,PopFront,10000,44,48
lista,DLL con cola,PopFront,10000,45,48
lista,DLL con cola,PopFront,10000,46,47
lista,DLL con cola,PopFront,10000,47,48
lista,DLL con cola,PopFront,10000,48,50
lista,DLL con cola,PopFront,10000,49,50
lista,DLL con cola,PopBack,10000,0,48
lista,DLL con cola,PopBack,10000,1,71
lista,DLL con cola,PopBack,10000,2,49
lista,DLL con cola,PopBack,10000,3,50
lista,DLL con cola,PopBack,10000,4,50
lista,DLL con cola,PopBack,10000,5,50
lista,DLL con cola,PopBack,10000,6,49
lista,DLL con cola,PopBack,10000,7,50
lista,DLL con cola,PopBack,10000,8,49
lista,DLL con cola,PopBack,10000,9,48
lista,DLL con cola,PopBack,10000,10,49
lista,DLL con cola,PopBack,10000,11,50
lista,DLL con cola,PopBack,10000,12,49
lista,DLL con cola,PopBack,10000,13,49
lista,DLL con cola,PopBack,10000,14,48
lista,DLL con cola,PopBack,10000,15,49
lista,DLL con cola,PopBack,10000,16,48
lista,DLL con cola,PopBack,10000,17,49
lista,DLL con cola,PopBack,10000,18,50
lista,DLL con cola,PopBack,10000,19,50
lista,DLL con cola,PopBack,10000,20,50
lista,DLL con cola,PopBack,10000,21,50
lista,DLL con cola,PopBack,10000,22,49
lista,DLL con cola,PopBack,10000,23,50
lista,DLL con cola,PopBack,10000,24,50
lista,DLL con cola,PopBack,10000,25,49
lista,DLL con cola,PopBack,10000,26,50
lista,DLL con cola,PopBack,10000,27,49
lista,DLL con cola,PopBack,10000,28,49
lista,DLL con cola,PopBack,10000,29,49
lista,DLL con cola,PopBack,10000,30,48
lista,DLL con cola,PopBack,10000,31,48
lista,DLL con cola,PopBack,10000,32,47
lista,DLL con cola,PopBack,10000,33,48
lista,DLL con cola,PopBack,10000,34,49
lista,DLL con cola,PopBack,10000,35,49
lista,DLL con cola,PopBack,10000,36,49
lista,DLL con cola,PopBack,10000,37,50
lista,DLL con cola,PopBack,10000,38,49
lista,DLL con cola,PopBack,10000,39,47
lista,DLL con cola,PopBack,10000,40,50
lista,DLL con cola,PopBack,10000,41,49
lista,DLL con cola,PopBack,10000,42,48
lista,DLL con cola,PopBack,10000,43,48
lista,DLL con cola,PopBack,10000,44,48
lista,DLL con cola,PopBack,10000,45,48
lista,DLL con cola,PopBack,10000,46,48
lista,DLL con cola,PopBack,10000,47,48
lista,DLL con cola,PopBack,10000,48,49
lista,DLL con cola,PopBack,10000,49,49
lista,DLL con cola,TopFront,10000,0,52
lista,DLL con cola,TopFront,10000,1,52
lista,DLL con cola,TopFront,10000,2,52
lista,DLL con cola,TopFront,10000,3,66
lista,DLL con cola,TopFront,10000,4,63
lista,DLL con cola,TopFront,10000,5,50
lista,DLL con cola,TopFront,10000,6,50
lista,DLL con cola,TopFront,10000,7,52
lista,DLL con cola,TopFront,10000,8,53
lista,DLL con cola,TopFront,10000,9,55
lista,DLL con cola,TopFront,10000,10,52
lista,DLL con cola,TopFront,10000,11,51
lista,DLL con cola,TopFront,10000,12,52
lista,DLL con cola,TopFront,10000,13,53
lista,DLL con cola,TopFront,10000,14,53
lista,DLL con cola,TopFront,10000,15,50
lista,DLL con cola,TopFront,10000,16,52
lista,DLL con cola,TopFront,10000,17,52
lista,DLL con cola,TopFront,10000,18,52
lista,DLL con cola,TopFront,10000,19,55
lista,DLL con cola,TopFront,10000,20,52
lista,DLL con cola,TopFront,10000,21,51
lista,DLL con cola,TopFront,10000,22,54
lista,DLL con cola,TopFront,10000,23,51
lista,DLL con cola,TopFront,10000,24,51
lista,DLL con cola,TopFront,10000,25,53
lista,DLL con cola,TopFront,10000,26,52
lista,DLL con cola,TopFront,10000,27,51
lista,DLL con cola,TopFront,10000,28,52
lista,DLL con cola,TopFront,10000,29,51
lista,DLL con cola,TopFront,10000,30,53
lista,DLL con cola,TopFront,10000,31,53
lista,DLL con cola,TopFront,10000,32,52
lista,DLL con cola,TopFront,10000,33,51
lista,DLL con cola,TopFront,10000,34,52
lista,DLL con cola,TopFront,10000,35,52
lista,DLL con cola,TopFront,10000,36,52
lista,DLL con cola,TopFront,10000,37,52
lista,DLL con cola,TopFront,10000,38,51
lista,DLL con cola,TopFront,10000,39,52
lista,DLL con cola,TopFront,10000,40,53
lista,DLL con cola,TopFront,10000,41,53
lista,DLL con cola,TopFront,10000,42,51
lista,DLL con cola,TopFront,10000,43,52
lista,DLL con cola,TopFront,10000,44,51
lista,DLL con cola,TopFront,10000,45,52
lista,DLL con cola,TopFront,10000,46,53
lista,DLL con cola,TopFront,10000,47,52
lista,DLL con cola,TopFront,10000,48,53
lista,DLL con cola,TopFront,10000,49,51
lista,DLL con cola,TopBack,10000,0,52
lista,DLL con cola,TopBack,10000,1,75
lista,DLL con cola,TopBack,10000,2,54
lista,DLL con cola,TopBack,10000,3,52
lista,DLL con cola,TopBack,10000,4,51
lista,DLL con cola,TopBack,10000,5,52
lista,DLL con cola,TopBack,10000,6,52
lista,DLL con cola,TopBack,10000,7,53
lista,DLL con cola,TopBack,10000,8,53
lista,DLL con cola,TopBack,10000,9,53
lista,DLL con cola,TopBack,10000,10,52
lista,DLL con cola,TopBack,10000,11,52
lista,DLL con cola,TopBack,10000,12,52
lista,DLL con cola,TopBack,10000,13,53
lista,DLL con cola,TopBack,10000,14,53
lista,DLL con cola,TopBack,10000,15,52
lista,DLL con cola,TopBack,10000,16,53
lista,DLL con cola,TopBack,10000,17,52
lista,DLL con cola,TopBack,10000,18,51
lista,DLL con cola,TopBack,10000,19,53
lista,DLL con cola,TopBack,10000,20,53
lista,DLL con cola,TopBack,10000,21,52
lista,DLL con cola,TopBack,10000,22,51
lista,DLL con cola,TopBack,10000,23,51
lista,DLL con cola,TopBack,10000,24,53
lista,DLL con cola,TopBack,10000,25,53
lista,DLL con cola,TopBack,10000,26,52
lista,DLL con cola,TopBack,10000,27,52
lista,DLL con cola,TopBack,10000,28,52
lista,DLL con cola,TopBack,10000,29,52
lista,DLL con cola,TopBack,10000,30,53
lista,DLL con cola,TopBack,10000,31,52
lista,DLL con cola,TopBack,10000,32,52
lista,DLL con cola,TopBack,10000,33,52
lista,DLL con cola,TopBack,10000,34,52
lista,DLL con cola,TopBack,10000,35,52
lista,DLL con cola,TopBack,10000,36,53
lista,DLL con cola,TopBack,10000,37,53
lista,DLL con cola,TopBack,10000,38,51
lista,DLL con cola,TopBack,10000,39,52
lista,DLL con cola,TopBack,10000,40,52
lista,DLL con cola,TopBack,10000,41,53
lista,DLL con cola,TopBack,10000,42,52
lista,DLL con cola,TopBack,10000,43,51
lista,DLL con cola,TopBack,10000,44,52
lista,DLL con cola,TopBack,10000,45,52
lista,DLL con cola,TopBack,10000,46,52
lista,DLL con cola,TopBack,10000,47,53
lista,DLL con cola,TopBack,10000,48,52
lista,DLL con cola,TopBack,10000,49,52
lista,DLL con cola,Find,10000,0,40574
lista,DLL con cola,Find,10000,1,40598
lista,DLL con cola,Find,10000,2,59474
lista,DLL con cola,Find,10000,3,40601
lista,DLL con cola,Find,10000,4,40589
lista,DLL con cola,Find,10000,5,40586
lista,DLL con cola,Find,10000,6,40521
lista,DLL con cola,Find,10000,7,40606
lista,DLL con cola,Find,10000,8,40548
lista,DLL con cola,Find,10000,9,40599
lista,DLL con cola,Find,10000,10,43940
lista,DLL con cola,Find,10000,11,40590
lista,DLL con cola,Find,10000,12,40533
lista,DLL con cola,Find,10000,13,40499
lista,DLL con cola,Find,10000,14,40554
lista,DLL con cola,Find,10000,15,40533
lista,DLL con cola,Find,10000,16,40586
lista,DLL con cola,Find,10000,17,40515
lista,DLL con cola,Find,10000,18,40560
lista,DLL con cola,Find,10000,19,40580
lista,DLL con cola,Find,10000,20,40567
lista,DLL con cola,Find,10000,21,40530
lista,DLL con cola,Find,10000,22,40920
lista,DLL con cola,Find,10000,23,40774
lista,DLL con cola,Find,10000,24,40478
lista,DLL con cola,Find,10000,25,40664
lista,DLL con cola,Find,10000,26,52468
lista,DLL con cola,Find,10000,27,41521
lista,DLL con cola,Find,10000,28,40629
lista,DLL con cola,Find,10000,29,40620
lista,DLL con cola,Find,10000,30,40644
lista,DLL con cola,Find,10000,31,40617
lista,DLL con cola,Find,10000,32,40614
lista,DLL con cola,Find,10000,33,40633
lista,DLL con cola,Find,10000,34,45073
lista,DLL con cola,Find,10000,35,40597
lista,DLL con cola,Find,10000,36,40552
lista,DLL con cola,Find,10000,37,40552
lista,DLL con cola,Find,10000,38,40560
lista,DLL con cola,Find,10000,39,40575
lista,DLL con cola,Find,10000,40,40623
lista,DLL con cola,Find,10000,41,40540
lista,DLL con cola,Find,10000,42,40547
lista,DLL con cola,Find,10000,43,40553
lista,DLL con cola,Find,10000,44,40618
lista,DLL con cola,Find,10000,45,44467
lista,DLL con cola,Find,10000,46,40827
lista,DLL con cola,Find,10000,47,64043
lista,DLL con cola,Find,10000,48,40570
lista,DLL con cola,Find,10000,49,59358
lista,DLL con cola,Erase,10000,0,44582
lista,DLL con cola,Erase,10000,1,40774
lista,DLL con cola,Erase,10000,2,40591
lista,DLL con cola,Erase,10000,3,40462
lista,DLL con cola,Erase,10000,4,41685
lista,DLL con cola,Erase,10000,5,40610
lista,DLL con cola,Erase,10000,6,40499
lista,DLL con cola,Erase,10000,7,40426
lista,DLL con cola,Erase,10000,8,50770
lista,DLL con cola,Erase,10000,9,40718
lista,DLL con cola,Erase,10000,10,40682
lista,DLL con cola,Erase,10000,11,335454
lista,DLL con cola,Erase,10000,12,52032
lista,DLL con cola,Erase,10000,13,40365
lista,DLL con cola,Erase,10000,14,40559
lista,DLL con cola,Erase,10000,15,40191
lista,DLL con cola,Erase,10000,16,40231
lista,DLL con cola,Erase,10000,17,45104
lista,DLL con cola,Erase,10000,18,40486
lista,DLL con cola,Erase,10000,19,40508
lista,DLL con cola,Erase,10000,20,40327
lista,DLL con cola,Erase,10000,21,40328
lista,DLL con cola,Erase,10000,22,40228
lista,DLL con cola,Erase,10000,23,40228
lista,DLL con cola,Erase,10000,24,40327
lista,DLL con cola,Erase,10000,25,40286
lista,DLL con cola,Erase,10000,26,40209
lista,DLL con cola,Erase,10000,27,46000
lista,DLL con cola,Erase,10000,28,50823
lista,DLL con cola,Erase,10000,29,50801
lista,DLL con cola,Erase,10000,30,50754
lista,DLL con cola,Erase,10000,31,59156
lista,DLL con cola,Erase,10000,32,40706
lista,DLL con cola,Erase,10000,33,40238
lista,DLL con cola,Erase,10000,34,40355
lista,DLL con cola,Erase,10000,35,40312
lista,DLL con cola,Erase,10000,36,40252
lista,DLL con cola,Erase,10000,37,40326
lista,DLL con cola,Erase,10000,38,40188
lista,DLL con cola,Erase,10000,39,40170
lista,DLL con cola,Erase,10000,40,44590
lista,DLL con cola,Erase,10000,41,40532
lista,DLL con cola,Erase,10000,42,40489
lista,DLL con cola,Erase,10000,43,40230
lista,DLL con cola,Erase,10000,44,40254
lista,DLL con cola,Erase,10000,45,40315
lista,DLL con cola,Erase,10000,46,40243
lista,DLL con cola,Erase,10000,47,40185
lista,DLL con cola,Erase,10000,48,40213
lista,DLL con cola,Erase,10000,49,40220
lista,DLL con cola,AddBefore,10000,0,251
lista,DLL con cola,AddBefore,10000,1,271
lista,DLL con cola,AddBefore,10000,2,189
lista,DLL con cola,AddBefore,10000,3,238
lista,DLL con cola,AddBefore,10000,4,185
lista,DLL con cola,AddBefore,10000,5,217
lista,DLL con cola,AddBefore,10000,6,171
lista,DLL con cola,AddBefore,10000,7,187
lista,DLL con cola,AddBefore,10000,8,685
lista,DLL con cola,AddBefore,10000,9,178
lista,DLL con cola,AddBefore,10000,10,218
lista,DLL con cola,AddBefore,10000,11,189
lista,DLL con cola,AddBefore,10000,12,238085
lista,DLL con cola,AddBefore,10000,13,1749
lista,DLL con cola,AddBefore,10000,14,1715
lista,DLL con cola,AddBefore,10000,15,139
lista,DLL con cola,AddBefore,10000,16,187
lista,DLL con cola,AddBefore,10000,17,122
lista,DLL con cola,AddBefore,10000,18,123
lista,DLL con cola,AddBefore,10000,19,121
lista,DLL con cola,AddBefore,10000,20,113
lista,DLL con cola,AddBefore,10000,21,98
lista,DLL con cola,AddBefore,10000,22,131
lista,DLL con cola,AddBefore,10000,23,94
lista,DLL con cola,AddBefore,10000,24,123
lista,DLL con cola,AddBefore,10000,25,187
lista,DLL con cola,AddBefore,10000,26,112
lista,DLL con cola,AddBefore,10000,27,130
lista,DLL con cola,AddBefore,10000,28,96
lista,DLL con cola,AddBefore,10000,29,124
lista,DLL con cola,AddBefore,10000,30,107
lista,DLL con cola,AddBefore,10000,31,132
lista,DLL con cola,AddBefore,10000,32,106
lista,DLL con cola,AddBefore,10000,33,124
lista,DLL con cola,AddBefore,10000,34,103
lista,DLL con cola,AddBefore,10000,35,125
lista,DLL con cola,AddBefore,10000,36,98
lista,DLL con cola,AddBefore,10000,37,140
lista,DLL con cola,AddBefore,10000,38,97
lista,DLL con cola,AddBefore,10000,39,138
lista,DLL con cola,AddBefore,10000,40,162
lista,DLL con cola,AddBefore,10000,41,142
lista,DLL con cola,AddBefore,10000,42,140
lista,DLL con cola,AddBefore,10000,43,136
lista,DLL con cola,AddBefore,10000,44,111
lista,DLL con cola,AddBefore,10000,45,185
lista,DLL con cola,AddBefore,10000,46,142
lista,DLL con cola,AddBefore,10000,47,116
lista,DLL con cola,AddBefore,10000,48,101
lista,DLL con cola,AddBefore,10000,49,180
lista,DLL con cola,AddAfter,10000,0,721
lista,DLL con cola,AddAfter,10000,1,245
lista,DLL con cola,AddAfter,10000,2,259
lista,DLL con cola,AddAfter,10000,3,280
lista,DLL con cola,AddAfter,10000,4,254
lista,DLL con cola,AddAfter,10000,5,267
lista,DLL con cola,AddAfter,10000,6,225
lista,DLL con cola,AddAfter,10000,7,1060
lista,DLL con cola,AddAfter,10000,8,772
lista,DLL con cola,AddAfter,10000,9,446
lista,DLL con cola,AddAfter,10000,10,398
lista,DLL con cola,AddAfter,10000,11,396150
lista,DLL con cola,AddAfter,10000,12,12209
lista,DLL con cola,AddAfter,10000,13,402
lista,DLL con cola,AddAfter,10000,14,190
lista,DLL con cola,AddAfter,10000,15,246
lista,DLL con cola,AddAfter,10000,16,260
lista,DLL con cola,AddAfter,10000,17,249
lista,DLL con cola,AddAfter,10000,18,343
lista,DLL con cola,AddAfter,10000,19,287
lista,DLL con cola,AddAfter,10000,20,294
lista,DLL con cola,AddAfter,10000,21,1011
lista,DLL con cola,AddAfter,10000,22,518
lista,DLL con cola,AddAfter,10000,23,351
lista,DLL con cola,AddAfter,10000,24,2096
lista,DLL con cola,AddAfter,10000,25,182
lista,DLL con cola,AddAfter,10000,26,158
lista,DLL con cola,AddAfter,10000,27,161
lista,DLL con cola,AddAfter,10000,28,160
lista,DLL con cola,AddAfter,10000,29,670
lista,DLL con cola,AddAfter,10000,30,197
lista,DLL con cola,AddAfter,10000,31,195
lista,DLL con cola,AddAfter,10000,32,278
lista,DLL con cola,AddAfter,10000,33,201
lista,DLL con cola,AddAfter,10000,34,183
lista,DLL con cola,AddAfter,10000,35,160
lista,DLL con cola,AddAfter,10000,36,154
lista,DLL con cola,AddAfter,10000,37,150
lista,DLL con cola,AddAfter,10000,38,149
lista,DLL con cola,AddAfter,10000,39,160
lista,DLL con cola,AddAfter,10000,40,161
lista,DLL con cola,AddAfter,10000,41,930
lista,DLL con cola,AddAfter,10000,42,568
lista,DLL con cola,AddAfter,10000,43,973
lista,DLL con cola,AddAfter,10000,44,596
lista,DLL con cola,AddAfter,10000,45,312
lista,DLL con cola,AddAfter,10000,46,189
lista,DLL con cola,AddAfter,10000,47,194
lista,DLL con cola,AddAfter,10000,48,190
lista,DLL con cola,AddAfter,10000,49,198
lista,DLL con cola,Empty,10000,0,77
lista,DLL con cola,Empty,10000,1,76
lista,DLL con cola,Empty,10000,2,77
lista,DLL con cola,Empty,10000,3,77
lista,DLL con cola,Empty,10000,4,79
lista,DLL con cola,Empty,10000,5,77
lista,DLL con cola,Empty,10000,6,77
lista,DLL con cola,Empty,10000,7,77
lista,DLL con cola,Empty,10000,8,77
lista,DLL con cola,Empty,10000,9,77
lista,DLL con cola,Empty,10000,10,77
lista,DLL con cola,Empty,10000,11,156127
lista,DLL con cola,Empty,10000,12,1229
lista,DLL con cola,Empty,10000,13,71
lista,DLL con cola,Empty,10000,14,51
lista,DLL con cola,Empty,10000,15,51
lista,DLL con cola,Empty,10000,16,52
lista,DLL con cola,Empty,10000,17,52
lista,DLL con cola,Empty,10000,18,52
lista,DLL con cola,Empty,10000,19,51
lista,DLL con cola,Empty,10000,20,52
lista,DLL con cola,Empty,10000,21,52
lista,DLL con cola,Empty,10000,22,53
lista,DLL con cola,Empty,10000,23,53
lista,DLL con cola,Empty,10000,24,53
lista,DLL con cola,Empty,10000,25,52
lista,DLL con cola,Empty,10000,26,51
lista,DLL con cola,Empty,10000,27,54
lista,DLL con cola,Empty,10000,28,54
lista,DLL con cola,Empty,10000,29,52
lista,DLL con cola,Empty,10000,30,53
lista,DLL con cola,Empty,10000,31,52
lista,DLL con cola,Empty,10000,32,51
lista,DLL con cola,Empty,10000,33,52
lista,DLL con cola,Empty,10000,34,53
lista,DLL con cola,Empty,10000,35,53
lista,DLL con cola,Empty,10000,36,52
lista,DLL con cola,Empty,10000,37,52
lista,DLL con cola,Empty,10000,38,52
lista,DLL con cola,Empty,10000,39,52
lista,DLL con cola,Empty,10000,40,54
lista,DLL con cola,Empty,10000,41,52
lista,DLL con cola,Empty,10000,42,52
lista,DLL con cola,Empty,10000,43,52
lista,DLL con cola,Empty,10000,44,51
lista,DLL con cola,Empty,10000,45,52
lista,DLL con cola,Empty,10000,46,53
lista,DLL con cola,Empty,10000,47,53
lista,DLL con cola,Empty,10000,48,53
lista,DLL con cola,Empty,10000,49,52
lista,DLL con cola,Size,10000,0,57
lista,DLL con cola,Size,10000,1,74
lista,DLL con cola,Size,10000,2,57
lista,DLL con cola,Size,10000,3,57
lista,DLL con cola,Size,10000,4,57
lista,DLL con cola,Size,10000,5,56
lista,DLL con cola,Size,10000,6,56
lista,DLL con cola,Size,10000,7,56
lista,DLL con cola,Size,10000,8,56
lista,DLL con cola,Size,10000,9,57
lista,DLL con cola,Size,10000,10,57
lista,DLL con cola,Size,10000,11,56
lista,DLL con cola,Size,10000,12,55
lista,DLL con cola,Size,10000,13,56
lista,DLL con cola,Size,10000,14,55
lista,DLL con cola,Size,10000,15,55
lista,DLL con cola,Size,10000,16,56
lista,DLL con cola,Size,10000,17,12045
lista,DLL con cola,Size,10000,18,71
lista,DLL con cola,Size,10000,19,65
lista,DLL con cola,Size,10000,20,56
lista,DLL con cola,Size,10000,21,56
lista,DLL con cola,Size,10000,22,55
lista,DLL con cola,Size,10000,23,63
lista,DLL con cola,Size,10000,24,56
lista,DLL con cola,Size,10000,25,55
lista,DLL con cola,Size,10000,26,57
lista,DLL con cola,Size,10000,27,61
lista,DLL con cola,Size,10000,28,56
lista,DLL con cola,Size,10000,29,56
lista,DLL con cola,Size,10000,30,57
lista,DLL con cola,Size,10000,31,62
lista,DLL con cola,Size,10000,32,57
lista,DLL con cola,Size,10000,33,56
lista,DLL con cola,Size,10000,34,56
lista,DLL con cola,Size,10000,35,63
lista,DLL con cola,Size,10000,36,56
lista,DLL con cola,Size,10000,37,57
lista,DLL con cola,Size,10000,38,56
lista,DLL con cola,Size,10000,39,63
lista,DLL con cola,Size,10000,40,56
lista,DLL con cola,Size,10000,41,56
lista,DLL con cola,Size,10000,42,57
lista,DLL con cola,Size,10000,43,63
lista,DLL con cola,Size,10000,44,58
lista,DLL con cola,Size,10000,45,57
lista,DLL con cola,Size,10000,46,57
lista,DLL con cola,Size,10000,47,62
lista,DLL con cola,Size,10000,48,57
lista,DLL con cola,Size,10000,49,56
pilacola,ArrayStack,Push,10000,0,43
pilacola,ArrayStack,Push,10000,1,43
pilacola,ArrayStack,Push,10000,2,43
pilacola,ArrayStack,Push,10000,3,43
pilacola,ArrayStack,Push,10000,4,42
pilacola,ArrayStack,Push,10000,5,43
pilacola,ArrayStack,Push,10000,6,42
pilacola,ArrayStack,Push,10000,7,42
pilacola,ArrayStack,Push,10000,8,42
pilacola,ArrayStack,Push,10000,9,43
pilacola,ArrayStack,Push,10000,10,44
pilacola,ArrayStack,Push,10000,11,42
pilacola,ArrayStack,Push,10000,12,225
pilacola,ArrayStack,Push,10000,13,104
pilacola,ArrayStack,Push,10000,14,60
pilacola,ArrayStack,Push,10000,15,42
pilacola,ArrayStack,Push,10000,16,43
pilacola,ArrayStack,Push,10000,17,43
pilacola,ArrayStack,Push,10000,18,43
pilacola,ArrayStack,Push,10000,19,43
pilacola,ArrayStack,Push,10000,20,42
pilacola,ArrayStack,Push,10000,21,43
pilacola,ArrayStack,Push,10000,22,44
pilacola,ArrayStack,Push,10000,23,46
pilacola,ArrayStack,Push,10000,24,44
pilacola,ArrayStack,Push,10000,25,44
pilacola,ArrayStack,Push,10000,26,44
pilacola,ArrayStack,Push,10000,27,44
pilacola,ArrayStack,Push,10000,28,44
pilacola,ArrayStack,Push,10000,29,43
pilacola,ArrayStack,Push,10000,30,43
pilacola,ArrayStack,Push,10000,31,46
pilacola,ArrayStack,Push,10000,32,43
pilacola,ArrayStack,Push,10000,33,44
pilacola,ArrayStack,Push,10000,34,43
pilacola,ArrayStack,Push,10000,35,43
pilacola,ArrayStack,Push,10000,36,42
pilacola,ArrayStack,Push,10000,37,43
pilacola,ArrayStack,Push,10000,38,43
pilacola,ArrayStack,Push,10000,39,62
pilacola,ArrayStack,Push,10000,40,43
pilacola,ArrayStack,Push,10000,41,43
pilacola,ArrayStack,Push,10000,42,42
pilacola,ArrayStack,Push,10000,43,44
pilacola,ArrayStack,Push,10000,44,42
pilacola,ArrayStack,Push,10000,45,43
pilacola,ArrayStack,Push,10000,46,43
pilacola,ArrayStack,Push,10000,47,117
pilacola,ArrayStack,Push,10000,48,43
pilacola,ArrayStack,Push,10000,49,42
pilacola,ArrayStack,Pop,10000,0,91
pilacola,ArrayStack,Pop,10000,1,108
pilacola,ArrayStack,Pop,10000,2,92
pilacola,ArrayStack,Pop,10000,3,91
pilacola,ArrayStack,Pop,10000,4,90
pilacola,ArrayStack,Pop,10000,5,91
pilacola,ArrayStack,Pop,10000,6,91
pilacola,ArrayStack,Pop,10000,7,91
pilacola,ArrayStack,Pop,10000,8,90
pilacola,ArrayStack,Pop,10000,9,90
pilacola,ArrayStack,Pop,10000,10,90
pilacola,ArrayStack,Pop,10000,11,184993
pilacola,ArrayStack,Pop,10000,12,6161
pilacola,ArrayStack,Pop,10000,13,65
pilacola,ArrayStack,Pop,10000,14,46
pilacola,ArrayStack,Pop,10000,15,46
pilacola,ArrayStack,Pop,10000,16,45
pilacola,ArrayStack,Pop,10000,17,45
pilacola,ArrayStack,Pop,10000,18,46
pilacola,ArrayStack,Pop,10000,19,48
pilacola,ArrayStack,Pop,10000,20,46
pilacola,ArrayStack,Pop,10000,21,46
pilacola,ArrayStack,Pop,10000,22,50
pilacola,ArrayStack,Pop,10000,23,47
pilacola,ArrayStack,Pop,10000,24,46
pilacola,ArrayStack,Pop,10000,25,46
pilacola,ArrayStack,Pop,10000,26,48
pilacola,ArrayStack,Pop,10000,27,46
pilacola,ArrayStack,Pop,10000,28,46
pilacola,ArrayStack,Pop,10000,29,46
pilacola,ArrayStack,Pop,10000,30,50
pilacola,ArrayStack,Pop,10000,31,46
pilacola,ArrayStack,Pop,10000,32,46
pilacola,ArrayStack,Pop,10000,33,47
pilacola,ArrayStack,Pop,10000,34,49
pilacola,ArrayStack,Pop,10000,35,46
pilacola,ArrayStack,Pop,10000,36,47
pilacola,ArrayStack,Pop,10000,37,46
pilacola,ArrayStack,Pop,10000,38,50
pilacola,ArrayStack,Pop,10000,39,45
pilacola,ArrayStack,Pop,10000,40,49
pilacola,ArrayStack,Pop,10000,41,47
pilacola,ArrayStack,Pop,10000,42,47
pilacola,ArrayStack,Pop,10000,43,46
pilacola,ArrayStack,Pop,10000,44,47
pilacola,ArrayStack,Pop,10000,45,46
pilacola,ArrayStack,Pop,10000,46,47
pilacola,ArrayStack,Pop,10000,47,46
pilacola,ArrayStack,Pop,10000,48,47
pilacola,ArrayStack,Pop,10000,49,47
pilacola,ArrayStack,Peek,10000,0,170
pilacola,ArrayStack,Peek,10000,1,187
pilacola,ArrayStack,Peek,10000,2,183
pilacola,ArrayStack,Peek,10000,3,169
pilacola,ArrayStack,Peek,10000,4,168
pilacola,ArrayStack,Peek,10000,5,166
pilacola,ArrayStack,Peek,10000,6,168
pilacola,ArrayStack,Peek,10000,7,173
pilacola,ArrayStack,Peek,10000,8,171
pilacola,ArrayStack,Peek,10000,9,167
pilacola,ArrayStack,Peek,10000,10,166
pilacola,ArrayStack,Peek,10000,11,289200
pilacola,ArrayStack,Peek,10000,12,6819
pilacola,ArrayStack,Peek,10000,13,82
pilacola,ArrayStack,Peek,10000,14,136
pilacola,ArrayStack,Peek,10000,15,53
pilacola,ArrayStack,Peek,10000,16,54
pilacola,ArrayStack,Peek,10000,17,53
pilacola,ArrayStack,Peek,10000,18,53
pilacola,ArrayStack,Peek,10000,19,54
pilacola,ArrayStack,Peek,10000,20,54
pilacola,ArrayStack,Peek,10000,21,54
pilacola,ArrayStack,Peek,10000,22,54
pilacola,ArrayStack,Peek,10000,23,54
pilacola,ArrayStack,Peek,10000,24,54
pilacola,ArrayStack,Peek,10000,25,54
pilacola,ArrayStack,Peek,10000,26,54
pilacola,ArrayStack,Peek,10000,27,56
pilacola,ArrayStack,Peek,10000,28,54
pilacola,ArrayStack,Peek,10000,29,54
pilacola,ArrayStack,Peek,10000,30,53
pilacola,ArrayStack,Peek,10000,31,53
pilacola,ArrayStack,Peek,10000,32,54
pilacola,ArrayStack,Peek,10000,33,53
pilacola,ArrayStack,Peek,10000,34,54
pilacola,ArrayStack,Peek,10000,35,54
pilacola,ArrayStack,Peek,10000,36,54
pilacola,ArrayStack,Peek,10000,37,53
pilacola,ArrayStack,Peek,10000,38,53
pilacola,ArrayStack,Peek,10000,39,53
pilacola,ArrayStack,Peek,10000,40,53
pilacola,ArrayStack,Peek,10000,41,53
pilacola,ArrayStack,Peek,10000,42,53
pilacola,ArrayStack,Peek,10000,43,53
pilacola,ArrayStack,Peek,10000,44,54
pilacola,ArrayStack,Peek,10000,45,54
pilacola,ArrayStack,Peek,10000,46,53
pilacola,ArrayStack,Peek,10000,47,53
pilacola,ArrayStack,Peek,10000,48,54
pilacola,ArrayStack,Peek,10000,49,53
pilacola,ArrayStack,IsEmpty,10000,0,147
pilacola,ArrayStack,IsEmpty,10000,1,156
pilacola,ArrayStack,IsEmpty,10000,2,144
pilacola,ArrayStack,IsEmpty,10000,3,143
pilacola,ArrayStack,IsEmpty,10000,4,143
pilacola,ArrayStack,IsEmpty,10000,5,144
pilacola,ArrayStack,IsEmpty,10000,6,146
pilacola,ArrayStack,IsEmpty,10000,7,144
pilacola,ArrayStack,IsEmpty,10000,8,143
pilacola,ArrayStack,IsEmpty,10000,9,146
pilacola,ArrayStack,IsEmpty,10000,10,143
pilacola,ArrayStack,IsEmpty,10000,11,176573
pilacola,ArrayStack,IsEmpty,10000,12,890
pilacola,ArrayStack,IsEmpty,10000,13,121
pilacola,ArrayStack,IsEmpty,10000,14,52
pilacola,ArrayStack,IsEmpty,10000,15,53
pilacola,ArrayStack,IsEmpty,10000,16,53
pilacola,ArrayStack,IsEmpty,10000,17,53
pilacola,ArrayStack,IsEmpty,10000,18,52
pilacola,ArrayStack,IsEmpty,10000,19,52
pilacola,ArrayStack,IsEmpty,10000,20,52
pilacola,ArrayStack,IsEmpty,10000,21,53
pilacola,ArrayStack,IsEmpty,10000,22,54
pilacola,ArrayStack,IsEmpty,10000,23,52
pilacola,ArrayStack,IsEmpty,10000,24,52
pilacola,ArrayStack,IsEmpty,10000,25,52
pilacola,ArrayStack,IsEmpty,10000,26,53
pilacola,ArrayStack,IsEmpty,10000,27,53
pilacola,ArrayStack,IsEmpty,10000,28,52
pilacola,ArrayStack,IsEmpty,10000,29,51
pilacola,ArrayStack,IsEmpty,10000,30,52
pilacola,ArrayStack,IsEmpty,10000,31,52
pilacola,ArrayStack,IsEmpty,10000,32,52
pilacola,ArrayStack,IsEmpty,10000,33,52
pilacola,ArrayStack,IsEmpty,10000,34,51
pilacola,ArrayStack,IsEmpty,10000,35,52
pilacola,ArrayStack,IsEmpty,10000,36,52
pilacola,ArrayStack,IsEmpty,10000,37,52
pilacola,ArrayStack,IsEmpty,10000,38,54
pilacola,ArrayStack,IsEmpty,10000,39,53
pilacola,ArrayStack,IsEmpty,10000,40,52
pilacola,ArrayStack,IsEmpty,10000,41,52
pilacola,ArrayStack,IsEmpty,10000,42,52
pilacola,ArrayStack,IsEmpty,10000,43,52
pilacola,ArrayStack,IsEmpty,10000,44,52
pilacola,ArrayStack,IsEmpty,10000,45,52
pilacola,ArrayStack,IsEmpty,10000,46,52
pilacola,ArrayStack,IsEmpty,10000,47,52
pilacola,ArrayStack,IsEmpty,10000,48,51
pilacola,ArrayStack,IsEmpty,10000,49,52
pilacola,ArrayStack,Size,10000,0,117
pilacola,ArrayStack,Size,10000,1,116
pilacola,ArrayStack,Size,10000,2,116
pilacola,ArrayStack,Size,10000,3,115
pilacola,ArrayStack,Size,10000,4,114
pilacola,ArrayStack,Size,10000,5,114
pilacola,ArrayStack,Size,10000,6,113
pilacola,ArrayStack,Size,10000,7,114
pilacola,ArrayStack,Size,10000,8,113
pilacola,ArrayStack,Size,10000,9,113
pilacola,ArrayStack,Size,10000,10,113
pilacola,ArrayStack,Size,10000,11,111815
pilacola,ArrayStack,Size,10000,12,4048
pilacola,ArrayStack,Size,10000,13,102
pilacola,ArrayStack,Size,10000,14,68
pilacola,ArrayStack,Size,10000,15,52
pilacola,ArrayStack,Size,10000,16,54
pilacola,ArrayStack,Size,10000,17,60
pilacola,ArrayStack,Size,10000,18,54
pilacola,ArrayStack,Size,10000,19,53
pilacola,ArrayStack,Size,10000,20,52
pilacola,ArrayStack,Size,10000,21,58
pilacola,ArrayStack,Size,10000,22,53
pilacola,ArrayStack,Size,10000,23,53
pilacola,ArrayStack,Size,10000,24,53
pilacola,ArrayStack,Size,10000,25,52
pilacola,ArrayStack,Size,10000,26,54
pilacola,ArrayStack,Size,10000,27,53
pilacola,ArrayStack,Size,10000,28,53
pilacola,ArrayStack,Size,10000,29,53
pilacola,ArrayStack,Size,10000,30,54
pilacola,ArrayStack,Size,10000,31,53
pilacola,ArrayStack,Size,10000,32,51
pilacola,ArrayStack,Size,10000,33,53
pilacola,ArrayStack,Size,10000,34,53
pilacola,ArrayStack,Size,10000,35,52
pilacola,ArrayStack,Size,10000,36,52
pilacola,ArrayStack,Size,10000,37,52
pilacola,ArrayStack,Size,10000,38,52
pilacola,ArrayStack,Size,10000,39,53
pilacola,ArrayStack,Size,10000,40,53
pilacola,ArrayStack,Size,10000,41,52
pilacola,ArrayStack,Size,10000,42,52
pilacola,ArrayStack,Size,10000,43,52
pilacola,ArrayStack,Size,10000,44,52
pilacola,ArrayStack,Size,10000,45,53
pilacola,ArrayStack,Size,10000,46,54
pilacola,ArrayStack,Size,10000,47,52
pilacola,ArrayStack,Size,10000,48,52
pilacola,ArrayStack,Size,10000,49,52
pilacola,ArrayStack,Delete,10000,0,69494
pilacola,ArrayStack,Delete,10000,1,41168
pilacola,ArrayStack,Delete,10000,2,43201
pilacola,ArrayStack,Delete,10000,3,41238
pilacola,ArrayStack,Delete,10000,4,43081
pilacola,ArrayStack,Delete,10000,5,45936
pilacola,ArrayStack,Delete,10000,6,64134
pilacola,ArrayStack,Delete,10000,7,71980
pilacola,ArrayStack,Delete,10000,8,41400
pilacola,ArrayStack,Delete,10000,9,42953
pilacola,ArrayStack,Delete,10000,10,43470
pilacola,ArrayStack,Delete,10000,11,419387
pilacola,ArrayStack,Delete,10000,12,76629
pilacola,ArrayStack,Delete,10000,13,46621
pilacola,ArrayStack,Delete,10000,14,43420
pilacola,ArrayStack,Delete,10000,15,63083
pilacola,ArrayStack,Delete,10000,16,66186
pilacola,ArrayStack,Delete,10000,17,56285
pilacola,ArrayStack,Delete,10000,18,42781
pilacola,ArrayStack,Delete,10000,19,44280
pilacola,ArrayStack,Delete,10000,20,111157
pilacola,ArrayStack,Delete,10000,21,42800
pilacola,ArrayStack,Delete,10000,22,70171
pilacola,ArrayStack,Delete,10000,23,44056
pilacola,ArrayStack,Delete,10000,24,40484
pilacola,ArrayStack,Delete,10000,25,40477
pilacola,ArrayStack,Delete,10000,26,40708
pilacola,ArrayStack,Delete,10000,27,42712
pilacola,ArrayStack,Delete,10000,28,47168
pilacola,ArrayStack,Delete,10000,29,42004
pilacola,ArrayStack,Delete,10000,30,64567
pilacola,ArrayStack,Delete,10000,31,65711
pilacola,ArrayStack,Delete,10000,32,40417
pilacola,ArrayStack,Delete,10000,33,40422
pilacola,ArrayStack,Delete,10000,34,40587
pilacola,ArrayStack,Delete,10000,35,40396
pilacola,ArrayStack,Delete,10000,36,42126
pilacola,ArrayStack,Delete,10000,37,43981
pilacola,ArrayStack,Delete,10000,38,82193
pilacola,ArrayStack,Delete,10000,39,43386
pilacola,ArrayStack,Delete,10000,40,40428
pilacola,ArrayStack,Delete,10000,41,43246
pilacola,ArrayStack,Delete,10000,42,44328
pilacola,ArrayStack,Delete,10000,43,52223
pilacola,ArrayStack,Delete,10000,44,40484
pilacola,ArrayStack,Delete,10000,45,40569
pilacola,ArrayStack,Delete,10000,46,40501
pilacola,ArrayStack,Delete,10000,47,40661
pilacola,ArrayStack,Delete,10000,48,40422
pilacola,ArrayStack,Delete,10000,49,43002
pilacola,ArrayQueue,Enqueue,10000,0,44
pilacola,ArrayQueue,Enqueue,10000,1,43
pilacola,ArrayQueue,Enqueue,10000,2,50
pilacola,ArrayQueue,Enqueue,10000,3,43
pilacola,ArrayQueue,Enqueue,10000,4,42
pilacola,ArrayQueue,Enqueue,10000,5,42
pilacola,ArrayQueue,Enqueue,10000,6,43
pilacola,ArrayQueue,Enqueue,10000,7,63
pilacola,ArrayQueue,Enqueue,10000,8,42
pilacola,ArrayQueue,Enqueue,10000,9,42
pilacola,ArrayQueue,Enqueue,10000,10,42
pilacola,ArrayQueue,Enqueue,10000,11,43
pilacola,ArrayQueue,Enqueue,10000,12,43
pilacola,ArrayQueue,Enqueue,10000,13,42
pilacola,ArrayQueue,Enqueue,10000,14,42
pilacola,ArrayQueue,Enqueue,10000,15,55
pilacola,ArrayQueue,Enqueue,10000,16,41
pilacola,ArrayQueue,Enqueue,10000,17,42
pilacola,ArrayQueue,Enqueue,10000,18,42
pilacola,ArrayQueue,Enqueue,10000,19,43
pilacola,ArrayQueue,Enqueue,10000,20,42
pilacola,ArrayQueue,Enqueue,10000,21,41
pilacola,ArrayQueue,Enqueue,10000,22,43
pilacola,ArrayQueue,Enqueue,10000,23,59
pilacola,ArrayQueue,Enqueue,10000,24,43
pilacola,ArrayQueue,Enqueue,10000,25,42
pilacola,ArrayQueue,Enqueue,10000,26,40
pilacola,ArrayQueue,Enqueue,10000,27,43
pilacola,ArrayQueue,Enqueue,10000,28,43
pilacola,ArrayQueue,Enqueue,10000,29,43
pilacola,ArrayQueue,Enqueue,10000,30,43
pilacola,ArrayQueue,Enqueue,10000,31,44
pilacola,ArrayQueue,Enqueue,10000,32,42
pilacola,ArrayQueue,Enqueue,10000,33,42
pilacola,ArrayQueue,Enqueue,10000,34,42
pilacola,ArrayQueue,Enqueue,10000,35,42
pilacola,ArrayQueue,Enqueue,10000,36,42
pilacola,ArrayQueue,Enqueue,10000,37,43
pilacola,ArrayQueue,Enqueue,10000,38,42
pilacola,ArrayQueue,Enqueue,10000,39,45
pilacola,ArrayQueue,Enqueue,10000,40,42
pilacola,ArrayQueue,Enqueue,10000,41,42
pilacola,ArrayQueue,Enqueue,10000,42,42
pilacola,ArrayQueue,Enqueue,10000,43,42
pilacola,ArrayQueue,Enqueue,10000,44,42
pilacola,ArrayQueue,Enqueue,10000,45,42
pilacola,ArrayQueue,Enqueue,10000,46,41
pilacola,ArrayQueue,Enqueue,10000,47,70
pilacola,ArrayQueue,Enqueue,10000,48,42
pilacola,ArrayQueue,Enqueue,10000,49,42
pilacola,ArrayQueue,Dequeue,10000,0,45
pilacola,ArrayQueue,Dequeue,10000,1,45
pilacola,ArrayQueue,Dequeue,10000,2,45
pilacola,ArrayQueue,Dequeue,10000,3,45
pilacola,ArrayQueue,Dequeue,10000,4,45
pilacola,ArrayQueue,Dequeue,10000,5,45
pilacola,ArrayQueue,Dequeue,10000,6,45
pilacola,ArrayQueue,Dequeue,10000,7,45
pilacola,ArrayQueue,Dequeue,10000,8,45
pilacola,ArrayQueue,Dequeue,10000,9,45
pilacola,ArrayQueue,Dequeue,10000,10,428
pilacola,ArrayQueue,Dequeue,10000,11,44
pilacola,ArrayQueue,Dequeue,10000,12,190
pilacola,ArrayQueue,Dequeue,10000,13,48
pilacola,ArrayQueue,Dequeue,10000,14,45
pilacola,ArrayQueue,Dequeue,10000,15,46
pilacola,ArrayQueue,Dequeue,10000,16,43
pilacola,ArrayQueue,Dequeue,10000,17,46
pilacola,ArrayQueue,Dequeue,10000,18,44
pilacola,ArrayQueue,Dequeue,10000,19,45
pilacola,ArrayQueue,Dequeue,10000,20,46
pilacola,ArrayQueue,Dequeue,10000,21,46
pilacola,ArrayQueue,Dequeue,10000,22,46
pilacola,ArrayQueue,Dequeue,10000,23,45
pilacola,ArrayQueue,Dequeue,10000,24,46
pilacola,ArrayQueue,Dequeue,10000,25,45
pilacola,ArrayQueue,Dequeue,10000,26,45
pilacola,ArrayQueue,Dequeue,10000,27,45
pilacola,ArrayQueue,Dequeue,10000,28,47
pilacola,ArrayQueue,Dequeue,10000,29,45
pilacola,ArrayQueue,Dequeue,10000,30,45
pilacola,ArrayQueue,Dequeue,10000,31,46
pilacola,ArrayQueue,Dequeue,10000,32,47
pilacola,ArrayQueue,Dequeue,10000,33,44
pilacola,ArrayQueue,Dequeue,10000,34,46
pilacola,ArrayQueue,Dequeue,10000,35,47
pilacola,ArrayQueue,Dequeue,10000,36,46
pilacola,ArrayQueue,Dequeue,10000,37,45
pilacola,ArrayQueue,Dequeue,10000,38,46
pilacola,ArrayQueue,Dequeue,10000,39,45
pilacola,ArrayQueue,Dequeue,10000,40,47
pilacola,ArrayQueue,Dequeue,10000,41,46
pilacola,ArrayQueue,Dequeue,10000,42,45
pilacola,ArrayQueue,Dequeue,10000,43,48
pilacola,ArrayQueue,Dequeue,10000,44,46
pilacola,ArrayQueue,Dequeue,10000,45,45
pilacola,ArrayQueue,Dequeue,10000,46,46
pilacola,ArrayQueue,Dequeue,10000,47,46
pilacola,ArrayQueue,Dequeue,10000,48,47
pilacola,ArrayQueue,Dequeue,10000,49,47
pilacola,ArrayQueue,Front,10000,0,51
pilacola,ArrayQueue,Front,10000,1,65
pilacola,ArrayQueue,Front,10000,2,51
pilacola,ArrayQueue,Front,10000,3,52
pilacola,ArrayQueue,Front,10000,4,51
pilacola,ArrayQueue,Front,10000,5,53
pilacola,ArrayQueue,Front,10000,6,52
pilacola,ArrayQueue,Front,10000,7,52
pilacola,ArrayQueue,Front,10000,8,52
pilacola,ArrayQueue,Front,10000,9,52
pilacola,ArrayQueue,Front,10000,10,51
pilacola,ArrayQueue,Front,10000,11,53
pilacola,ArrayQueue,Front,10000,12,51
pilacola,ArrayQueue,Front,10000,13,50
pilacola,ArrayQueue,Front,10000,14,51
pilacola,ArrayQueue,Front,10000,15,52
pilacola,ArrayQueue,Front,10000,16,52
pilacola,ArrayQueue,Front,10000,17,53
pilacola,ArrayQueue,Front,10000,18,51
pilacola,ArrayQueue,Front,10000,19,52
pilacola,ArrayQueue,Front,10000,20,51
pilacola,ArrayQueue,Front,10000,21,53
pilacola,ArrayQueue,Front,10000,22,52
pilacola,ArrayQueue,Front,10000,23,52
pilacola,ArrayQueue,Front,10000,24,51
pilacola,ArrayQueue,Front,10000,25,52
pilacola,ArrayQueue,Front,10000,26,52
pilacola,ArrayQueue,Front,10000,27,53
pilacola,ArrayQueue,Front,10000,28,52
pilacola,ArrayQueue,Front,10000,29,52
pilacola,ArrayQueue,Front,10000,30,51
pilacola,ArrayQueue,Front,10000,31,52
pilacola,ArrayQueue,Front,10000,32,52
pilacola,ArrayQueue,Front,10000,33,53
pilacola,ArrayQueue,Front,10000,34,51
pilacola,ArrayQueue,Front,10000,35,52
pilacola,ArrayQueue,Front,10000,36,51
pilacola,ArrayQueue,Front,10000,37,53
pilacola,ArrayQueue,Front,10000,38,52
pilacola,ArrayQueue,Front,10000,39,52
pilacola,ArrayQueue,Front,10000,40,51
pilacola,ArrayQueue,Front,10000,41,52
pilacola,ArrayQueue,Front,10000,42,51
pilacola,ArrayQueue,Front,10000,43,53
pilacola,ArrayQueue,Front,10000,44,52
pilacola,ArrayQueue,Front,10000,45,52
pilacola,ArrayQueue,Front,10000,46,51
pilacola,ArrayQueue,Front,10000,47,52
pilacola,ArrayQueue,Front,10000,48,52
pilacola,ArrayQueue,Front,10000,49,53
pilacola,ArrayQueue,IsEmpty,10000,0,143
pilacola,ArrayQueue,IsEmpty,10000,1,141
pilacola,ArrayQueue,IsEmpty,10000,2,141
pilacola,ArrayQueue,IsEmpty,10000,3,142
pilacola,ArrayQueue,IsEmpty,10000,4,143
pilacola,ArrayQueue,IsEmpty,10000,5,140
pilacola,ArrayQueue,IsEmpty,10000,6,142
pilacola,ArrayQueue,IsEmpty,10000,7,141
pilacola,ArrayQueue,IsEmpty,10000,8,141
pilacola,ArrayQueue,IsEmpty,10000,9,140
pilacola,ArrayQueue,IsEmpty,10000,10,141
pilacola,ArrayQueue,IsEmpty,10000,11,194832
pilacola,ArrayQueue,IsEmpty,10000,12,1070
pilacola,ArrayQueue,IsEmpty,10000,13,84
pilacola,ArrayQueue,IsEmpty,10000,14,51
pilacola,ArrayQueue,IsEmpty,10000,15,52
pilacola,ArrayQueue,IsEmpty,10000,16,52
pilacola,ArrayQueue,IsEmpty,10000,17,51
pilacola,ArrayQueue,IsEmpty,10000,18,53
pilacola,ArrayQueue,IsEmpty,10000,19,55
pilacola,ArrayQueue,IsEmpty,10000,20,52
pilacola,ArrayQueue,IsEmpty,10000,21,52
pilacola,ArrayQueue,IsEmpty,10000,22,51
pilacola,ArrayQueue,IsEmpty,10000,23,52
pilacola,ArrayQueue,IsEmpty,10000,24,51
pilacola,ArrayQueue,IsEmpty,10000,25,53
pilacola,ArrayQueue,IsEmpty,10000,26,52
pilacola,ArrayQueue,IsEmpty,10000,27,53
pilacola,ArrayQueue,IsEmpty,10000,28,52
pilacola,ArrayQueue,IsEmpty,10000,29,52
pilacola,ArrayQueue,IsEmpty,10000,30,52
pilacola,ArrayQueue,IsEmpty,10000,31,52
pilacola,ArrayQueue,IsEmpty,10000,32,51
pilacola,ArrayQueue,IsEmpty,10000,33,52
pilacola,ArrayQueue,IsEmpty,10000,34,53
pilacola,ArrayQueue,IsEmpty,10000,35,52
pilacola,ArrayQueue,IsEmpty,10000,36,51
pilacola,ArrayQueue,IsEmpty,10000,37,52
pilacola,ArrayQueue,IsEmpty,10000,38,51
pilacola,ArrayQueue,IsEmpty,10000,39,53
pilacola,ArrayQueue,IsEmpty,10000,40,53
pilacola,ArrayQueue,IsEmpty,10000,41,51
pilacola,ArrayQueue,IsEmpty,10000,42,51
pilacola,ArrayQueue,IsEmpty,10000,43,51
pilacola,ArrayQueue,IsEmpty,10000,44,53
pilacola,ArrayQueue,IsEmpty,10000,45,52
pilacola,ArrayQueue,IsEmpty,10000,46,52
pilacola,ArrayQueue,IsEmpty,10000,47,52
pilacola,ArrayQueue,IsEmpty,10000,48,52
pilacola,ArrayQueue,IsEmpty,10000,49,52
pilacola,ArrayQueue,Size,10000,0,146
pilacola,ArrayQueue,Size,10000,1,159
pilacola,ArrayQueue,Size,10000,2,72786
pilacola,ArrayQueue,Size,10000,3,1020
pilacola,ArrayQueue,Size,10000,4,126
pilacola,ArrayQueue,Size,10000,5,124
pilacola,ArrayQueue,Size,10000,6,121
pilacola,ArrayQueue,Size,10000,7,120
pilacola,ArrayQueue,Size,10000,8,120
pilacola,ArrayQueue,Size,10000,9,120
pilacola,ArrayQueue,Size,10000,10,122
pilacola,ArrayQueue,Size,10000,11,5122
pilacola,ArrayQueue,Size,10000,12,243
pilacola,ArrayQueue,Size,10000,13,122
pilacola,ArrayQueue,Size,10000,14,118
pilacola,ArrayQueue,Size,10000,15,118
pilacola,ArrayQueue,Size,10000,16,117
pilacola,ArrayQueue,Size,10000,17,120
pilacola,ArrayQueue,Size,10000,18,118
pilacola,ArrayQueue,Size,10000,19,118
pilacola,ArrayQueue,Size,10000,20,116
pilacola,ArrayQueue,Size,10000,21,116
pilacola,ArrayQueue,Size,10000,22,116
pilacola,ArrayQueue,Size,10000,23,116
pilacola,ArrayQueue,Size,10000,24,115
pilacola,ArrayQueue,Size,10000,25,116
pilacola,ArrayQueue,Size,10000,26,115
pilacola,ArrayQueue,Size,10000,27,115
pilacola,ArrayQueue,Size,10000,28,116
pilacola,ArrayQueue,Size,10000,29,113
pilacola,ArrayQueue,Size,10000,30,115
pilacola,ArrayQueue,Size,10000,31,113
pilacola,ArrayQueue,Size,10000,32,114
pilacola,ArrayQueue,Size,10000,33,115
pilacola,ArrayQueue,Size,10000,34,114
pilacola,ArrayQueue,Size,10000,35,114
pilacola,ArrayQueue,Size,10000,36,114
pilacola,ArrayQueue,Size,10000,37,114
pilacola,ArrayQueue,Size,10000,38,115
pilacola,ArrayQueue,Size,10000,39,115
pilacola,ArrayQueue,Size,10000,40,116
pilacola,ArrayQueue,Size,10000,41,114
pilacola,ArrayQueue,Size,10000,42,114
pilacola,ArrayQueue,Size,10000,43,114
pilacola,ArrayQueue,Size,10000,44,115
pilacola,ArrayQueue,Size,10000,45,114
pilacola,ArrayQueue,Size,10000,46,114
pilacola,ArrayQueue,Size,10000,47,115
pilacola,ArrayQueue,Size,10000,48,114
pilacola,ArrayQueue,Size,10000,49,114
pilacola,ArrayQueue,Delete,10000,0,31338
pilacola,ArrayQueue,Delete,10000,1,31367
pilacola,ArrayQueue,Delete,10000,2,31332
pilacola,ArrayQueue,Delete,10000,3,73171
pilacola,ArrayQueue,Delete,10000,4,31693
pilacola,ArrayQueue,Delete,10000,5,57465
pilacola,ArrayQueue,Delete,10000,6,39489
pilacola,ArrayQueue,Delete,10000,7,30370
pilacola,ArrayQueue,Delete,10000,8,30287
pilacola,ArrayQueue,Delete,10000,9,30236
pilacola,ArrayQueue,Delete,10000,10,30224
pilacola,ArrayQueue,Delete,10000,11,36895
pilacola,ArrayQueue,Delete,10000,12,36857
pilacola,ArrayQueue,Delete,10000,13,31450
pilacola,ArrayQueue,Delete,10000,14,37414
pilacola,ArrayQueue,Delete,10000,15,30327
pilacola,ArrayQueue,Delete,10000,16,30278
pilacola,ArrayQueue,Delete,10000,17,30263
pilacola,ArrayQueue,Delete,10000,18,30258
pilacola,ArrayQueue,Delete,10000,19,30226
pilacola,ArrayQueue,Delete,10000,20,30259
pilacola,ArrayQueue,Delete,10000,21,30231
pilacola,ArrayQueue,Delete,10000,22,30223
pilacola,ArrayQueue,Delete,10000,23,30211
pilacola,ArrayQueue,Delete,10000,24,30185
pilacola,ArrayQueue,Delete,10000,25,30196
pilacola,ArrayQueue,Delete,10000,26,30196
pilacola,ArrayQueue,Delete,10000,27,30202
pilacola,ArrayQueue,Delete,10000,28,30191
pilacola,ArrayQueue,Delete,10000,29,30197
pilacola,ArrayQueue,Delete,10000,30,30197
pilacola,ArrayQueue,Delete,10000,31,37861
pilacola,ArrayQueue,Delete,10000,32,48148
pilacola,ArrayQueue,Delete,10000,33,46802
pilacola,ArrayQueue,Delete,10000,34,64317
pilacola,ArrayQueue,Delete,10000,35,40077
pilacola,ArrayQueue,Delete,10000,36,30531
pilacola,ArrayQueue,Delete,10000,37,30461
pilacola,ArrayQueue,Delete,10000,38,30302
pilacola,ArrayQueue,Delete,10000,39,30254
pilacola,ArrayQueue,Delete,10000,40,30262
pilacola,ArrayQueue,Delete,10000,41,30236
pilacola,ArrayQueue,Delete,10000,42,30252
pilacola,ArrayQueue,Delete,10000,43,30242
pilacola,ArrayQueue,Delete,10000,44,35104
pilacola,ArrayQueue,Delete,10000,45,30305
pilacola,ArrayQueue,Delete,10000,46,30236
pilacola,ArrayQueue,Delete,10000,47,30223
pilacola,ArrayQueue,Delete,10000,48,30230
pilacola,ArrayQueue,Delete,10000,49,30230
crecimiento,Duplicar (x2),Push total,10000,0,51948
crecimiento,Duplicar (x2),Push total,10000,1,48711
crecimiento,Duplicar (x2),Push total,10000,2,92362
crecimiento,Duplicar (x2),Push total,10000,3,52325
crecimiento,Duplicar (x2),Push total,10000,4,50370
crecimiento,Duplicar (x2),Push total,10000,5,49821
crecimiento,Duplicar (x2),Push total,10000,6,47765
crecimiento,Duplicar (x2),Push total,10000,7,54093
crecimiento,Duplicar (x2),Push total,10000,8,50490
crecimiento,Duplicar (x2),Push total,10000,9,48414
crecimiento,Duplicar (x2),Enqueue total,10000,0,56737
crecimiento,Duplicar (x2),Enqueue total,10000,1,49971
crecimiento,Duplicar (x2),Enqueue total,10000,2,49116
crecimiento,Duplicar (x2),Enqueue total,10000,3,49010
crecimiento,Duplicar (x2),Enqueue total,10000,4,53030
crecimiento,Duplicar (x2),Enqueue total,10000,5,90397
crecimiento,Duplicar (x2),Enqueue total,10000,6,81370
crecimiento,Duplicar (x2),Enqueue total,10000,7,255916
crecimiento,Duplicar (x2),Enqueue total,10000,8,52737
crecimiento,Duplicar (x2),Enqueue total,10000,9,52238
crecimiento,Incremento fijo (+1000),Push total,10000,0,66718
crecimiento,Incremento fijo (+1000),Push total,10000,1,73731
crecimiento,Incremento fijo (+1000),Push total,10000,2,75271
crecimiento,Incremento fijo (+1000),Push total,10000,3,65535
crecimiento,Incremento fijo (+1000),Push total,10000,4,65582
crecimiento,Incremento fijo (+1000),Push total,10000,5,65397
crecimiento,Incremento fijo (+1000),Push total,10000,6,103872
crecimiento,Incremento fijo (+1000),Push total,10000,7,67084
crecimiento,Incremento fijo (+1000),Push total,10000,8,67258
crecimiento,Incremento fijo (+1000),Push total,10000,9,70859
crecimiento,Duplicar (x2),Push con redimension,10000,0,13974
crecimiento,Duplicar (x2),Push con redimension,10000,1,13877
crecimiento,Duplicar (x2),Push con redimension,10000,2,14296
crecimiento,Duplicar (x2),Push con redimension,10000,3,14011
crecimiento,Duplicar (x2),Push con redimension,10000,4,13605
crecimiento,Duplicar (x2),Push con redimension,10000,5,15333
crecimiento,Duplicar (x2),Push con redimension,10000,6,16287
crecimiento,Duplicar (x2),Push con redimension,10000,7,14488
crecimiento,Duplicar (x2),Push con redimension,10000,8,13870
crecimiento,Duplicar (x2),Push con redimension,10000,9,13925
lista,SLL sin cola,PushFront,100000,0,45
lista,SLL sin cola,PushFront,100000,1,44
lista,SLL sin cola,PushFront,100000,2,44
lista,SLL sin cola,PushFront,100000,3,44
lista,SLL sin cola,PushFront,100000,4,45
lista,SLL sin cola,PushFront,100000,5,44
lista,SLL sin cola,PushFront,100000,6,44
lista,SLL sin cola,PushFront,100000,7,63
lista,SLL sin cola,PushFront,100000,8,42
lista,SLL sin cola,PushFront,100000,9,44
lista,SLL sin cola,PushFront,100000,10,44
lista,SLL sin cola,PushFront,100000,11,45
lista,SLL sin cola,PushFront,100000,12,44
lista,SLL sin cola,PushFront,100000,13,44
lista,SLL sin cola,PushFront,100000,14,43
lista,SLL sin cola,PushFront,100000,15,63
lista,SLL sin cola,PushFront,100000,16,44
lista,SLL sin cola,PushFront,100000,17,44
lista,SLL sin cola,PushFront,100000,18,44
lista,SLL sin cola,PushFront,100000,19,41
lista,SLL sin cola,PushFront,100000,20,43
lista,SLL sin cola,PushFront,100000,21,43
lista,SLL sin cola,PushFront,100000,22,45
lista,SLL sin cola,PushFront,100000,23,64
lista,SLL sin cola,PushFront,100000,24,44
lista,SLL sin cola,PushFront,100000,25,43
lista,SLL sin cola,PushFront,100000,26,44
lista,SLL sin cola,PushFront,100000,27,44
lista,SLL sin cola,PushFront,100000,28,45
lista,SLL sin cola,PushFront,100000,29,44
lista,SLL sin cola,PushFront,100000,30,45
lista,SLL sin cola,PushFront,100000,31,65
lista,SLL sin cola,PushFront,100000,32,42
lista,SLL sin cola,PushFront,100000,33,43
lista,SLL sin cola,PushFront,100000,34,44
lista,SLL sin cola,PushFront,100000,35,43
lista,SLL sin cola,PushFront,100000,36,42
lista,SLL sin cola,PushFront,100000,37,44
lista,SLL sin cola,PushFront,100000,38,44
lista,SLL sin cola,PushFront,100000,39,44
lista,SLL sin cola,PushFront,100000,40,43
lista,SLL sin cola,PushFront,100000,41,45
lista,SLL sin cola,PushFront,100000,42,44
lista,SLL sin cola,PushFront,100000,43,45
lista,SLL sin cola,PushFront,100000,44,44
lista,SLL sin cola,PushFront,100000,45,65
lista,SLL sin cola,PushFront,100000,46,44
lista,SLL sin cola,PushFront,100000,47,44
lista,SLL sin cola,PushFront,100000,48,43
lista,SLL sin cola,PushFront,100000,49,44
lista,SLL sin cola,PushBack,100000,0,310671
lista,SLL sin cola,PushBack,100000,1,257765
lista,SLL sin cola,PushBack,100000,2,255317
lista,SLL sin cola,PushBack,100000,3,222972
lista,SLL sin cola,PushBack,100000,4,221342
lista,SLL sin cola,PushBack,100000,5,212890
lista,SLL sin cola,PushBack,100000,6,260856
lista,SLL sin cola,PushBack,100000,7,183147
lista,SLL sin cola,PushBack,100000,8,212202
lista,SLL sin cola,PushBack,100000,9,226676
lista,SLL sin cola,PushBack,100000,10,201930
lista,SLL sin cola,PushBack,100000,11,225961
lista,SLL sin cola,PushBack,100000,12,184896
lista,SLL sin cola,PushBack,100000,13,198555
lista,SLL sin cola,PushBack,100000,14,205359
lista,SLL sin cola,PushBack,100000,15,191868
lista,SLL sin cola,PushBack,100000,16,222812
lista,SLL sin cola,PushBack,100000,17,185301
lista,SLL sin cola,PushBack,100000,18,283791
lista,SLL sin cola,PushBack,100000,19,227409
lista,SLL sin cola,PushBack,100000,20,241615
lista,SLL sin cola,PushBack,100000,21,209938
lista,SLL sin cola,PushBack,100000,22,184942
lista,SLL sin cola,PushBack,100000,23,198070
lista,SLL sin cola,PushBack,100000,24,185374
lista,SLL sin cola,PushBack,100000,25,185149
lista,SLL sin cola,PushBack,100000,26,185195
lista,SLL sin cola,PushBack,100000,27,263265
lista,SLL sin cola,PushBack,100000,28,196100
lista,SLL sin cola,PushBack,100000,29,185087
lista,SLL sin cola,PushBack,100000,30,328558
lista,SLL sin cola,PushBack,100000,31,182706
lista,SLL sin cola,PushBack,100000,32,196425
lista,SLL sin cola,PushBack,100000,33,186245
lista,SLL sin cola,PushBack,100000,34,186735
lista,SLL sin cola,PushBack,100000,35,186493
lista,SLL sin cola,PushBack,100000,36,236169
lista,SLL sin cola,PushBack,100000,37,186466
lista,SLL sin cola,PushBack,100000,38,185246
lista,SLL sin cola,PushBack,100000,39,195659
lista,SLL sin cola,PushBack,100000,40,186586
lista,SLL sin cola,PushBack,100000,41,208166
lista,SLL sin cola,PushBack,100000,42,184364
lista,SLL sin cola,PushBack,100000,43,207119
lista,SLL sin cola,PushBack,100000,44,195842
lista,SLL sin cola,PushBack,100000,45,254042
lista,SLL sin cola,PushBack,100000,46,219750
lista,SLL sin cola,PushBack,100000,47,191114
lista,SLL sin cola,PushBack,100000,48,199258
lista,SLL sin cola,PushBack,100000,49,186227
lista,SLL sin cola,PopFront,100000,0,45
lista,SLL sin cola,PopFront,100000,1,47
lista,SLL sin cola,PopFront,100000,2,45
lista,SLL sin cola,PopFront,100000,3,47
lista,SLL sin cola,PopFront,100000,4,46
lista,SLL sin cola,PopFront,100000,5,46
lista,SLL sin cola,PopFront,100000,6,46
lista,SLL sin cola,PopFront,100000,7,45
lista,SLL sin cola,PopFront,100000,8,46
lista,SLL sin cola,PopFront,100000,9,47
lista,SLL sin cola,PopFront,100000,10,47
lista,SLL sin cola,PopFront,100000,11,43
lista,SLL sin cola,PopFront,100000,12,47
lista,SLL sin cola,PopFront,100000,13,47
lista,SLL sin cola,PopFront,100000,14,46
lista,SLL sin cola,PopFront,100000,15,47
lista,SLL sin cola,PopFront,100000,16,46
lista,SLL sin cola,PopFront,100000,17,46
lista,SLL sin cola,PopFront,100000,18,45
lista,SLL sin cola,PopFront,100000,19,45
lista,SLL sin cola,PopFront,100000,20,46
lista,SLL sin cola,PopFront,100000,21,46
lista,SLL sin cola,PopFront,100000,22,46
lista,SLL sin cola,PopFront,100000,23,46
lista,SLL sin cola,PopFront,100000,24,46
lista,SLL sin cola,PopFront,100000,25,46
lista,SLL sin cola,PopFront,100000,26,45
lista,SLL sin cola,PopFront,100000,27,45
lista,SLL sin cola,PopFront,100000,28,47
lista,SLL sin cola,PopFront,100000,29,47
lista,SLL sin cola,PopFront,100000,30,47
lista,SLL sin cola,PopFront,100000,31,46
lista,SLL sin cola,PopFront,100000,32,46
lista,SLL sin cola,PopFront,100000,33,46
lista,SLL sin cola,PopFront,100000,34,45
lista,SLL sin cola,PopFront,100000,35,46
lista,SLL sin cola,PopFront,100000,36,45
lista,SLL sin cola,PopFront,100000,37,47
lista,SLL sin cola,PopFront,100000,38,46
lista,SLL sin cola,PopFront,100000,39,46
lista,SLL sin cola,PopFront,100000,40,47
lista,SLL sin cola,PopFront,100000,41,46
lista,SLL sin cola,PopFront,100000,42,46
lista,SLL sin cola,PopFront,100000,43,47
lista,SLL sin cola,PopFront,100000,44,46
lista,SLL sin cola,PopFront,100000,45,47
lista,SLL sin cola,PopFront,100000,46,46
lista,SLL sin cola,PopFront,100000,47,46
lista,SLL sin cola,PopFront,100000,48,46
lista,SLL sin cola,PopFront,100000,49,45
lista,SLL sin cola,PopBack,100000,0,270860
lista,SLL sin cola,PopBack,100000,1,215319
lista,SLL sin cola,PopBack,100000,2,236479
lista,SLL sin cola,PopBack,100000,3,216573
lista,SLL sin cola,PopBack,100000,4,237985
lista,SLL sin cola,PopBack,100000,5,216114
lista,SLL sin cola,PopBack,100000,6,217266
lista,SLL sin cola,PopBack,100000,7,225993
lista,SLL sin cola,PopBack,100000,8,217236
lista,SLL sin cola,PopBack,100000,9,239431
lista,SLL sin cola,PopBack,100000,10,232498
lista,SLL sin cola,PopBack,100000,11,253104
lista,SLL sin cola,PopBack,100000,12,225351
lista,SLL sin cola,PopBack,100000,13,215856
lista,SLL sin cola,PopBack,100000,14,225997
lista,SLL sin cola,PopBack,100000,15,214132
lista,SLL sin cola,PopBack,100000,16,247072
lista,SLL sin cola,PopBack,100000,17,227049
lista,SLL sin cola,PopBack,100000,18,317119
lista,SLL sin cola,PopBack,100000,19,213045
lista,SLL sin cola,PopBack,100000,20,243931
lista,SLL sin cola,PopBack,100000,21,229471
lista,SLL sin cola,PopBack,100000,22,214793
lista,SLL sin cola,PopBack,100000,23,226783
lista,SLL sin cola,PopBack,100000,24,215696
lista,SLL sin cola,PopBack,100000,25,259126
lista,SLL sin cola,PopBack,100000,26,219841
lista,SLL sin cola,PopBack,100000,27,293528
lista,SLL sin cola,PopBack,100000,28,214530
lista,SLL sin cola,PopBack,100000,29,215697
lista,SLL sin cola,PopBack,100000,30,225431
lista,SLL sin cola,PopBack,100000,31,219642
lista,SLL sin cola,PopBack,100000,32,258829
lista,SLL sin cola,PopBack,100000,33,222032
lista,SLL sin cola,PopBack,100000,34,260990
lista,SLL sin cola,PopBack,100000,35,215982
lista,SLL sin cola,PopBack,100000,36,286126
lista,SLL sin cola,PopBack,100000,37,225959
lista,SLL sin cola,PopBack,100000,38,216036
lista,SLL sin cola,PopBack,100000,39,225956
lista,SLL sin cola,PopBack,100000,40,220501
lista,SLL sin cola,PopBack,100000,41,246833
lista,SLL sin cola,PopBack,100000,42,227068
lista,SLL sin cola,PopBack,100000,43,277556
lista,SLL sin cola,PopBack,100000,44,226797
lista,SLL sin cola,PopBack,100000,45,304647
lista,SLL sin cola,PopBack,100000,46,224895
lista,SLL sin cola,PopBack,100000,47,234327
lista,SLL sin cola,PopBack,100000,48,237610
lista,SLL sin cola,PopBack,100000,49,235415
lista,SLL sin cola,TopFront,100000,0,64
lista,SLL sin cola,TopFront,100000,1,67
lista,SLL sin cola,TopFront,100000,2,68
lista,SLL sin cola,TopFront,100000,3,65
lista,SLL sin cola,TopFront,100000,4,67
lista,SLL sin cola,TopFront,100000,5,69
lista,SLL sin cola,TopFront,100000,6,68
lista,SLL sin cola,TopFront,100000,7,67
lista,SLL sin cola,TopFront,100000,8,68
lista,SLL sin cola,TopFront,100000,9,68
lista,SLL sin cola,TopFront,100000,10,66
lista,SLL sin cola,TopFront,100000,11,65
lista,SLL sin cola,TopFront,100000,12,80
lista,SLL sin cola,TopFront,100000,13,68
lista,SLL sin cola,TopFront,100000,14,66
lista,SLL sin cola,TopFront,100000,15,71
lista,SLL sin cola,TopFront,100000,16,70
lista,SLL sin cola,TopFront,100000,17,66
lista,SLL sin cola,TopFront,100000,18,66
lista,SLL sin cola,TopFront,100000,19,65
lista,SLL sin cola,TopFront,100000,20,69
lista,SLL sin cola,TopFront,100000,21,63
lista,SLL sin cola,TopFront,100000,22,58
lista,SLL sin cola,TopFront,100000,23,65
lista,SLL sin cola,TopFront,100000,24,60
lista,SLL sin cola,TopFront,100000,25,67
lista,SLL sin cola,TopFront,100000,26,73
lista,SLL sin cola,TopFront,100000,27,65
lista,SLL sin cola,TopFront,100000,28,77
lista,SLL sin cola,TopFront,100000,29,68
lista,SLL sin cola,TopFront,100000,30,68
lista,SLL sin cola,TopFront,100000,31,71
lista,SLL sin cola,TopFront,100000,32,65
lista,SLL sin cola,TopFront,100000,33,67
lista,SLL sin cola,TopFront,100000,34,70
lista,SLL sin cola,TopFront,100000,35,68
lista,SLL sin cola,TopFront,100000,36,67
lista,SLL sin cola,TopFront,100000,37,69
lista,SLL sin cola,TopFront,100000,38,67
lista,SLL sin cola,TopFront,100000,39,70
lista,SLL sin cola,TopFront,100000,40,80
lista,SLL sin cola,TopFront,100000,41,70
lista,SLL sin cola,TopFront,100000,42,66
lista,SLL sin cola,TopFront,100000,43,67
lista,SLL sin cola,TopFront,100000,44,68
lista,SLL sin cola,TopFront,100000,45,72
lista,SLL sin cola,TopFront,100000,46,69
lista,SLL sin cola,TopFront,100000,47,71
lista,SLL sin cola,TopFront,100000,48,66
lista,SLL sin cola,TopFront,100000,49,68
lista,SLL sin cola,TopBack,100000,0,456061
lista,SLL sin cola,TopBack,100000,1,316490
lista,SLL sin cola,TopBack,100000,2,219913
lista,SLL sin cola,TopBack,100000,3,197520
lista,SLL sin cola,TopBack,100000,4,196834
lista,SLL sin cola,TopBack,100000,5,197890
lista,SLL sin cola,TopBack,100000,6,227625
lista,SLL sin cola,TopBack,100000,7,205565
lista,SLL sin cola,TopBack,100000,8,191839
lista,SLL sin cola,TopBack,100000,9,210505
lista,SLL sin cola,TopBack,100000,10,223780
lista,SLL sin cola,TopBack,100000,11,194904
lista,SLL sin cola,TopBack,100000,12,206835
lista,SLL sin cola,TopBack,100000,13,191360
lista,SLL sin cola,TopBack,100000,14,192320
lista,SLL sin cola,TopBack,100000,15,221352
lista,SLL sin cola,TopBack,100000,16,200786
lista,SLL sin cola,TopBack,100000,17,222676
lista,SLL sin cola,TopBack,100000,18,192204
lista,SLL sin cola,TopBack,100000,19,195954
lista,SLL sin cola,TopBack,100000,20,275417
lista,SLL sin cola,TopBack,100000,21,205474
lista,SLL sin cola,TopBack,100000,22,193805
lista,SLL sin cola,TopBack,100000,23,193031
lista,SLL sin cola,TopBack,100000,24,199129
lista,SLL sin cola,TopBack,100000,25,229880
lista,SLL sin cola,TopBack,100000,26,252103
lista,SLL sin cola,TopBack,100000,27,203306
lista,SLL sin cola,TopBack,100000,28,208093
lista,SLL sin cola,TopBack,100000,29,255603
lista,SLL sin cola,TopBack,100000,30,237744
lista,SLL sin cola,TopBack,100000,31,215742
lista,SLL sin cola,TopBack,100000,32,201351
lista,SLL sin cola,TopBack,100000,33,195815
lista,SLL sin cola,TopBack,100000,34,225739
lista,SLL sin cola,TopBack,100000,35,215985
lista,SLL sin cola,TopBack,100000,36,209525
lista,SLL sin cola,TopBack,100000,37,194414
lista,SLL sin cola,TopBack,100000,38,279617
lista,SLL sin cola,TopBack,100000,39,222539
lista,SLL sin cola,TopBack,100000,40,193812
lista,SLL sin cola,TopBack,100000,41,194405
lista,SLL sin cola,TopBack,100000,42,195782
lista,SLL sin cola,TopBack,100000,43,227944
lista,SLL sin cola,TopBack,100000,44,205870
lista,SLL sin cola,TopBack,100000,45,195270
lista,SLL sin cola,TopBack,100000,46,201646
lista,SLL sin cola,TopBack,100000,47,214560
lista,SLL sin cola,TopBack,100000,48,256422
lista,SLL sin cola,TopBack,100000,49,215877
lista,SLL sin cola,Find,100000,0,479564
lista,SLL sin cola,Find,100000,1,422046
lista,SLL sin cola,Find,100000,2,472190
lista,SLL sin cola,Find,100000,3,423867
lista,SLL sin cola,Find,100000,4,494910
lista,SLL sin cola,Find,100000,5,451444
lista,SLL sin cola,Find,100000,6,494670
lista,SLL sin cola,Find,100000,7,454097
lista,SLL sin cola,Find,100000,8,476225
lista,SLL sin cola,Find,100000,9,434012
lista,SLL sin cola,Find,100000,10,442045
lista,SLL sin cola,Find,100000,11,465317
lista,SLL sin cola,Find,100000,12,497060
lista,SLL sin cola,Find,100000,13,489129
lista,SLL sin cola,Find,100000,14,418256
lista,SLL sin cola,Find,100000,15,470719
lista,SLL sin cola,Find,100000,16,451168
lista,SLL sin cola,Find,100000,17,464153
lista,SLL sin cola,Find,100000,18,423764
lista,SLL sin cola,Find,100000,19,450626
lista,SLL sin cola,Find,100000,20,435195
lista,SLL sin cola,Find,100000,21,488143
lista,SLL sin cola,Find,100000,22,491216
lista,SLL sin cola,Find,100000,23,525196
lista,SLL sin cola,Find,100000,24,671903
lista,SLL sin cola,Find,100000,25,533795
lista,SLL sin cola,Find,100000,26,556558
lista,SLL sin cola,Find,100000,27,534744
lista,SLL sin cola,Find,100000,28,435482
lista,SLL sin cola,Find,100000,29,530616
lista,SLL sin cola,Find,100000,30,449890
lista,SLL sin cola,Find,100000,31,536850
lista,SLL sin cola,Find,100000,32,475898
lista,SLL sin cola,Find,100000,33,525971
lista,SLL sin cola,Find,100000,34,490857
lista,SLL sin cola,Find,100000,35,551962
lista,SLL sin cola,Find,100000,36,537746
lista,SLL sin cola,Find,100000,37,480673
lista,SLL sin cola,Find,100000,38,474556
lista,SLL sin cola,Find,100000,39,547723
lista,SLL sin cola,Find,100000,40,475102
lista,SLL sin cola,Find,100000,41,537810
lista,SLL sin cola,Find,100000,42,467552
lista,SLL sin cola,Find,100000,43,529443
lista,SLL sin cola,Find,100000,44,615398
lista,SLL sin cola,Find,100000,45,513495
lista,SLL sin cola,Find,100000,46,514933
lista,SLL sin cola,Find,100000,47,513569
lista,SLL sin cola,Find,100000,48,514944
lista,SLL sin cola,Find,100000,49,483708
lista,SLL sin cola,Erase,100000,0,456977
lista,SLL sin cola,Erase,100000,1,459509
lista,SLL sin cola,Erase,100000,2,540276
lista,SLL sin cola,Erase,100000,3,448890
lista,SLL sin cola,Erase,100000,4,463035
lista,SLL sin cola,Erase,100000,5,484490
lista,SLL sin cola,Erase,100000,6,444913
lista,SLL sin cola,Erase,100000,7,455062
lista,SLL sin cola,Erase,100000,8,521334
lista,SLL sin cola,Erase,100000,9,435376
lista,SLL sin cola,Erase,100000,10,435425
lista,SLL sin cola,Erase,100000,11,462975
lista,SLL sin cola,Erase,100000,12,455213
lista,SLL sin cola,Erase,100000,13,431785
lista,SLL sin cola,Erase,100000,14,476503
lista,SLL sin cola,Erase,100000,15,507315
lista,SLL sin cola,Erase,100000,16,413854
lista,SLL sin cola,Erase,100000,17,445080
lista,SLL sin cola,Erase,100000,18,461918
lista,SLL sin cola,Erase,100000,19,523672
lista,SLL sin cola,Erase,100000,20,467603
lista,SLL sin cola,Erase,100000,21,459294
lista,SLL sin cola,Erase,100000,22,429981
lista,SLL sin cola,Erase,100000,23,466582
lista,SLL sin cola,Erase,100000,24,475548
lista,SLL sin cola,Erase,100000,25,483811
lista,SLL sin cola,Erase,100000,26,416653
lista,SLL sin cola,Erase,100000,27,490153
lista,SLL sin cola,Erase,100000,28,462068
lista,SLL sin cola,Erase,100000,29,436292
lista,SLL sin cola,Erase,100000,30,481744
lista,SLL sin cola,Erase,100000,31,502502
lista,SLL sin cola,Erase,100000,32,446043
lista,SLL sin cola,Erase,100000,33,485349
lista,SLL sin cola,Erase,100000,34,435403
lista,SLL sin cola,Erase,100000,35,444187
lista,SLL sin cola,Erase,100000,36,485274
lista,SLL sin cola,Erase,100000,37,515219
lista,SLL sin cola,Erase,100000,38,476072
lista,SLL sin cola,Erase,100000,39,472932
lista,SLL sin cola,Erase,100000,40,478944
lista,SLL sin cola,Erase,100000,41,471308
lista,SLL sin cola,Erase,100000,42,515299
lista,SLL sin cola,Erase,100000,43,489749
lista,SLL sin cola,Erase,100000,44,462881
lista,SLL sin cola,Erase,100000,45,439616
lista,SLL sin cola,Erase,100000,46,499996
lista,SLL sin cola,Erase,100000,47,511261
lista,SLL sin cola,Erase,100000,48,497180
lista,SLL sin cola,Erase,100000,49,529957
lista,SLL sin cola,AddBefore,100000,0,430890
lista,SLL sin cola,AddBefore,100000,1,495974
lista,SLL sin cola,AddBefore,100000,2,413950
lista,SLL sin cola,AddBefore,100000,3,556751
lista,SLL sin cola,AddBefore,100000,4,455540
lista,SLL sin cola,AddBefore,100000,5,412598
lista,SLL sin cola,AddBefore,100000,6,419362
lista,SLL sin cola,AddBefore,100000,7,437046
lista,SLL sin cola,AddBefore,100000,8,433327
lista,SLL sin cola,AddBefore,100000,9,446676
lista,SLL sin cola,AddBefore,100000,10,697451
lista,SLL sin cola,AddBefore,100000,11,454278
lista,SLL sin cola,AddBefore,100000,12,615880
lista,SLL sin cola,AddBefore,100000,13,418076
lista,SLL sin cola,AddBefore,100000,14,472015
lista,SLL sin cola,AddBefore,100000,15,451637
lista,SLL sin cola,AddBefore,100000,16,416006
lista,SLL sin cola,AddBefore,100000,17,563266
lista,SLL sin cola,AddBefore,100000,18,470851
lista,SLL sin cola,AddBefore,100000,19,624172
lista,SLL sin cola,AddBefore,100000,20,447847
lista,SLL sin cola,AddBefore,100000,21,438327
lista,SLL sin cola,AddBefore,100000,22,439968
lista,SLL sin cola,AddBefore,100000,23,477020
lista,SLL sin cola,AddBefore,100000,24,559957
lista,SLL sin cola,AddBefore,100000,25,814463
lista,SLL sin cola,AddBefore,100000,26,450909
lista,SLL sin cola,AddBefore,100000,27,427101
lista,SLL sin cola,AddBefore,100000,28,458615
lista,SLL sin cola,AddBefore,100000,29,485490
lista,SLL sin cola,AddBefore,100000,30,431541
lista,SLL sin cola,AddBefore,100000,31,475377
lista,SLL sin cola,AddBefore,100000,32,462832
lista,SLL sin cola,AddBefore,100000,33,431886
lista,SLL sin cola,AddBefore,100000,34,470423
lista,SLL sin cola,AddBefore,100000,35,499962
lista,SLL sin cola,AddBefore,100000,36,464059
lista,SLL sin cola,AddBefore,100000,37,445043
lista,SLL sin cola,AddBefore,100000,38,439626
lista,SLL sin cola,AddBefore,100000,39,458135
lista,SLL sin cola,AddBefore,100000,40,428760
lista,SLL sin cola,AddBefore,100000,41,440699
lista,SLL sin cola,AddBefore,100000,42,453446
lista,SLL sin cola,AddBefore,100000,43,535495
lista,SLL sin cola,AddBefore,100000,44,450590
lista,SLL sin cola,AddBefore,100000,45,415564
lista,SLL sin cola,AddBefore,100000,46,454718
lista,SLL sin cola,AddBefore,100000,47,433129
lista,SLL sin cola,AddBefore,100000,48,432827
lista,SLL sin cola,AddBefore,100000,49,442666
lista,SLL sin cola,AddAfter,100000,0,1218
lista,SLL sin cola,AddAfter,100000,1,1145
lista,SLL sin cola,AddAfter,100000,2,1243
lista,SLL sin cola,AddAfter,100000,3,1105
lista,SLL sin cola,AddAfter,100000,4,1096
lista,SLL sin cola,AddAfter,100000,5,1294
lista,SLL sin cola,AddAfter,100000,6,1295
lista,SLL sin cola,AddAfter,100000,7,1039
lista,SLL sin cola,AddAfter,100000,8,1052
lista,SLL sin cola,AddAfter,100000,9,981
lista,SLL sin cola,AddAfter,100000,10,780
lista,SLL sin cola,AddAfter,100000,11,478
lista,SLL sin cola,AddAfter,100000,12,1004
lista,SLL sin cola,AddAfter,100000,13,688
lista,SLL sin cola,AddAfter,100000,14,952
lista,SLL sin cola,AddAfter,100000,15,1010
lista,SLL sin cola,AddAfter,100000,16,478
lista,SLL sin cola,AddAfter,100000,17,1017
lista,SLL sin cola,AddAfter,100000,18,1125
lista,SLL sin cola,AddAfter,100000,19,1018
lista,SLL sin cola,AddAfter,100000,20,474
lista,SLL sin cola,AddAfter,100000,21,680
lista,SLL sin cola,AddAfter,100000,22,534
lista,SLL sin cola,AddAfter,100000,23,523
lista,SLL sin cola,AddAfter,100000,24,876
lista,SLL sin cola,AddAfter,100000,25,489
lista,SLL sin cola,AddAfter,100000,26,1139
lista,SLL sin cola,AddAfter,100000,27,1210
lista,SLL sin cola,AddAfter,100000,28,497
lista,SLL sin cola,AddAfter,100000,29,1012
lista,SLL sin cola,AddAfter,100000,30,863
lista,SLL sin cola,AddAfter,100000,31,817
lista,SLL sin cola,AddAfter,100000,32,869
lista,SLL sin cola,AddAfter,100000,33,914
lista,SLL sin cola,AddAfter,100000,34,1015
lista,SLL sin cola,AddAfter,100000,35,999
lista,SLL sin cola,AddAfter,100000,36,973
lista,SLL sin cola,AddAfter,100000,37,942
lista,SLL sin cola,AddAfter,100000,38,738
lista,SLL sin cola,AddAfter,100000,39,672
lista,SLL sin cola,AddAfter,100000,40,992
lista,SLL sin cola,AddAfter,100000,41,996
lista,SLL sin cola,AddAfter,100000,42,633
lista,SLL sin cola,AddAfter,100000,43,951
lista,SLL sin cola,AddAfter,100000,44,970
lista,SLL sin cola,AddAfter,100000,45,968
lista,SLL sin cola,AddAfter,100000,46,1107
lista,SLL sin cola,AddAfter,100000,47,1013
lista,SLL sin cola,AddAfter,100000,48,737
lista,SLL sin cola,AddAfter,100000,49,953
lista,SLL sin cola,Empty,100000,0,53
lista,SLL sin cola,Empty,100000,1,51
lista,SLL sin cola,Empty,100000,2,52
lista,SLL sin cola,Empty,100000,3,52
lista,SLL sin cola,Empty,100000,4,53
lista,SLL sin cola,Empty,100000,5,53
lista,SLL sin cola,Empty,100000,6,52
lista,SLL sin cola,Empty,100000,7,53
lista,SLL sin cola,Empty,100000,8,52
lista,SLL sin cola,Empty,100000,9,52
lista,SLL sin cola,Empty,100000,10,54
lista,SLL sin cola,Empty,100000,11,52
lista,SLL sin cola,Empty,100000,12,52
lista,SLL sin cola,Empty,100000,13,52
lista,SLL sin cola,Empty,100000,14,52
lista,SLL sin cola,Empty,100000,15,52
lista,SLL sin cola,Empty,100000,16,53
lista,SLL sin cola,Empty,100000,17,53
lista,SLL sin cola,Empty,100000,18,52
lista,SLL sin cola,Empty,100000,19,52
lista,SLL sin cola,Empty,100000,20,51
lista,SLL sin cola,Empty,100000,21,53
lista,SLL sin cola,Empty,100000,22,53
lista,SLL sin cola,Empty,100000,23,52
lista,SLL sin cola,Empty,100000,24,51
lista,SLL sin cola,Empty,100000,25,52
lista,SLL sin cola,Empty,100000,26,52
lista,SLL sin cola,Empty,100000,27,53
lista,SLL sin cola,Empty,100000,28,52
lista,SLL sin cola,Empty,100000,29,52
lista,SLL sin cola,Empty,100000,30,52
lista,SLL sin cola,Empty,100000,31,52
lista,SLL sin cola,Empty,100000,32,53
lista,SLL sin cola,Empty,100000,33,53
lista,SLL sin cola,Empty,100000,34,52
lista,SLL sin cola,Empty,100000,35,52
lista,SLL sin cola,Empty,100000,36,54
lista,SLL sin cola,Empty,100000,37,52
lista,SLL sin cola,Empty,100000,38,53
lista,SLL sin cola,Empty,100000,39,53
lista,SLL sin cola,Empty,100000,40,52
lista,SLL sin cola,Empty,100000,41,53
lista,SLL sin cola,Empty,100000,42,52
lista,SLL sin cola,Empty,100000,43,51
lista,SLL sin cola,Empty,100000,44,52
lista,SLL sin cola,Empty,100000,45,53
lista,SLL sin cola,Empty,100000,46,52
lista,SLL sin cola,Empty,100000,47,52
lista,SLL sin cola,Empty,100000,48,52
lista,SLL sin cola,Empty,100000,49,53
lista,SLL sin cola,Size,100000,0,59
lista,SLL sin cola,Size,100000,1,52
lista,SLL sin cola,Size,100000,2,52
lista,SLL sin cola,Size,100000,3,53
lista,SLL sin cola,Size,100000,4,60
lista,SLL sin cola,Size,100000,5,54
lista,SLL sin cola,Size,100000,6,53
lista,SLL sin cola,Size,100000,7,54
lista,SLL sin cola,Size,100000,8,54
lista,SLL sin cola,Size,100000,9,53
lista,SLL sin cola,Size,100000,10,54
lista,SLL sin cola,Size,100000,11,55
lista,SLL sin cola,Size,100000,12,54
lista,SLL sin cola,Size,100000,13,54
lista,SLL sin cola,Size,100000,14,54
lista,SLL sin cola,Size,100000,15,53
lista,SLL sin cola,Size,100000,16,53
lista,SLL sin cola,Size,100000,17,54
lista,SLL sin cola,Size,100000,18,54
lista,SLL sin cola,Size,100000,19,53
lista,SLL sin cola,Size,100000,20,53
lista,SLL sin cola,Size,100000,21,54
lista,SLL sin cola,Size,100000,22,54
lista,SLL sin cola,Size,100000,23,55
lista,SLL sin cola,Size,100000,24,55
lista,SLL sin cola,Size,100000,25,54
lista,SLL sin cola,Size,100000,26,54
lista,SLL sin cola,Size,100000,27,54
lista,SLL sin cola,Size,100000,28,53
lista,SLL sin cola,Size,100000,29,53
lista,SLL sin cola,Size,100000,30,54
lista,SLL sin cola,Size,100000,31,54
lista,SLL sin cola,Size,100000,32,54
lista,SLL sin cola,Size,100000,33,54
lista,SLL sin cola,Size,100000,34,54
lista,SLL sin cola,Size,100000,35,55
lista,SLL sin cola,Size,100000,36,55
lista,SLL sin cola,Size,100000,37,54
lista,SLL sin cola,Size,100000,38,53
lista,SLL sin cola,Size,100000,39,54
lista,SLL sin cola,Size,100000,40,54
lista,SLL sin cola,Size,100000,41,54
lista,SLL sin cola,Size,100000,42,54
lista,SLL sin cola,Size,100000,43,53
lista,SLL sin cola,Size,100000,44,53
lista,SLL sin cola,Size,100000,45,54
lista,SLL sin cola,Size,100000,46,54
lista,SLL sin cola,Size,100000,47,55
lista,SLL sin cola,Size,100000,48,55
lista,SLL sin cola,Size,100000,49,54
lista,SLL con cola,PushFront,100000,0,44
lista,SLL con cola,PushFront,100000,1,45
lista,SLL con cola,PushFront,100000,2,66
lista,SLL con cola,PushFront,100000,3,44
lista,SLL con cola,PushFront,100000,4,44
lista,SLL con cola,PushFront,100000,5,45
lista,SLL con cola,PushFront,100000,6,43
lista,SLL con cola,PushFront,100000,7,48
lista,SLL con cola,PushFront,100000,8,44
lista,SLL con cola,PushFront,100000,9,43
lista,SLL con cola,PushFront,100000,10,44
lista,SLL con cola,PushFront,100000,11,45
lista,SLL con cola,PushFront,100000,12,44
lista,SLL con cola,PushFront,100000,13,45
lista,SLL con cola,PushFront,100000,14,43
lista,SLL con cola,PushFront,100000,15,44
lista,SLL con cola,PushFront,100000,16,44
lista,SLL con cola,PushFront,100000,17,45
lista,SLL con cola,PushFront,100000,18,45
lista,SLL con cola,PushFront,100000,19,43
lista,SLL con cola,PushFront,100000,20,44
lista,SLL con cola,PushFront,100000,21,44
lista,SLL con cola,PushFront,100000,22,43
lista,SLL con cola,PushFront,100000,23,44
lista,SLL con cola,PushFront,100000,24,44
lista,SLL con cola,PushFront,100000,25,43
lista,SLL con cola,PushFront,100000,26,43
lista,SLL con cola,PushFront,100000,27,44
lista,SLL con cola,PushFront,100000,28,44
lista,SLL con cola,PushFront,100000,29,44
lista,SLL con cola,PushFront,100000,30,43
lista,SLL con cola,PushFront,100000,31,44
lista,SLL con cola,PushFront,100000,32,44
lista,SLL con cola,PushFront,100000,33,45
lista,SLL con cola,PushFront,100000,34,44
lista,SLL con cola,PushFront,100000,35,45
lista,SLL con cola,PushFront,100000,36,45
lista,SLL con cola,PushFront,100000,37,43
lista,SLL con cola,PushFront,100000,38,44
lista,SLL con cola,PushFront,100000,39,44
lista,SLL con cola,PushFront,100000,40,45
lista,SLL con cola,PushFront,100000,41,44
lista,SLL con cola,PushFront,100000,42,45
lista,SLL con cola,PushFront,100000,43,44
lista,SLL con cola,PushFront,100000,44,44
lista,SLL con cola,PushFront,100000,45,44
lista,SLL con cola,PushFront,100000,46,45
lista,SLL con cola,PushFront,100000,47,43
lista,SLL con cola,PushFront,100000,48,44
lista,SLL con cola,PushFront,100000,49,43
lista,SLL con cola,PushBack,100000,0,391
lista,SLL con cola,PushBack,100000,1,224
lista,SLL con cola,PushBack,100000,2,237
lista,SLL con cola,PushBack,100000,3,213
lista,SLL con cola,PushBack,100000,4,150
lista,SLL con cola,PushBack,100000,5,802
lista,SLL con cola,PushBack,100000,6,214
lista,SLL con cola,PushBack,100000,7,393
lista,SLL con cola,PushBack,100000,8,198
lista,SLL con cola,PushBack,100000,9,286
lista,SLL con cola,PushBack,100000,10,260
lista,SLL con cola,PushBack,100000,11,294
lista,SLL con cola,PushBack,100000,12,395
lista,SLL con cola,PushBack,100000,13,363
lista,SLL con cola,PushBack,100000,14,369
lista,SLL con cola,PushBack,100000,15,234
lista,SLL con cola,PushBack,100000,16,194
lista,SLL con cola,PushBack,100000,17,389
lista,SLL con cola,PushBack,100000,18,703
lista,SLL con cola,PushBack,100000,19,641
lista,SLL con cola,PushBack,100000,20,792
lista,SLL con cola,PushBack,100000,21,706
lista,SLL con cola,PushBack,100000,22,416
lista,SLL con cola,PushBack,100000,23,570
lista,SLL con cola,PushBack,100000,24,385
lista,SLL con cola,PushBack,100000,25,281
lista,SLL con cola,PushBack,100000,26,359
lista,SLL con cola,PushBack,100000,27,220
lista,SLL con cola,PushBack,100000,28,469
lista,SLL con cola,PushBack,100000,29,220
lista,SLL con cola,PushBack,100000,30,363
lista,SLL con cola,PushBack,100000,31,220
lista,SLL con cola,PushBack,100000,32,220
lista,SLL con cola,PushBack,100000,33,419
lista,SLL con cola,PushBack,100000,34,231
lista,SLL con cola,PushBack,100000,35,373
lista,SLL con cola,PushBack,100000,36,193
lista,SLL con cola,PushBack,100000,37,184
lista,SLL con cola,PushBack,100000,38,409
lista,SLL con cola,PushBack,100000,39,278
lista,SLL con cola,PushBack,100000,40,360
lista,SLL con cola,PushBack,100000,41,198
lista,SLL con cola,PushBack,100000,42,148
lista,SLL con cola,PushBack,100000,43,424
lista,SLL con cola,PushBack,100000,44,334
lista,SLL con cola,PushBack,100000,45,247
lista,SLL con cola,PushBack,100000,46,175
lista,SLL con cola,PushBack,100000,47,176
lista,SLL con cola,PushBack,100000,48,246
lista,SLL con cola,PushBack,100000,49,398
lista,SLL con cola,PopFront,100000,0,48
lista,SLL con cola,PopFront,100000,1,47
lista,SLL con cola,PopFront,100000,2,46
lista,SLL con cola,PopFront,100000,3,44
lista,SLL con cola,PopFront,100000,4,46
lista,SLL con cola,PopFront,100000,5,46
lista,SLL con cola,PopFront,100000,6,48
lista,SLL con cola,PopFront,100000,7,46
lista,SLL con cola,PopFront,100000,8,46
lista,SLL con cola,PopFront,100000,9,46
lista,SLL con cola,PopFront,100000,10,46
lista,SLL con cola,PopFront,100000,11,45
lista,SLL con cola,PopFront,100000,12,45
lista,SLL con cola,PopFront,100000,13,47
lista,SLL con cola,PopFront,100000,14,47
lista,SLL con cola,PopFront,100000,15,46
lista,SLL con cola,PopFront,100000,16,45
lista,SLL con cola,PopFront,100000,17,47
lista,SLL con cola,PopFront,100000,18,47
lista,SLL con cola,PopFront,100000,19,46
lista,SLL con cola,PopFront,100000,20,45
lista,SLL con cola,PopFront,100000,21,46
lista,SLL con cola,PopFront,100000,22,47
lista,SLL con cola,PopFront,100000,23,46
lista,SLL con cola,PopFront,100000,24,45
lista,SLL con cola,PopFront,100000,25,46
lista,SLL con cola,PopFront,100000,26,46
lista,SLL con cola,PopFront,100000,27,46
lista,SLL con cola,PopFront,100000,28,45
lista,SLL con cola,PopFront,100000,29,46
lista,SLL con cola,PopFront,100000,30,45
lista,SLL con cola,PopFront,100000,31,46
lista,SLL con cola,PopFront,100000,32,45
lista,SLL con cola,PopFront,100000,33,46
lista,SLL con cola,PopFront,100000,34,46
lista,SLL con cola,PopFront,100000,35,45
lista,SLL con cola,PopFront,100000,36,46
lista,SLL con cola,PopFront,100000,37,46
lista,SLL con cola,PopFront,100000,38,46
lista,SLL con cola,PopFront,100000,39,46
lista,SLL con cola,PopFront,100000,40,46
lista,SLL con cola,PopFront,100000,41,47
lista,SLL con cola,PopFront,100000,42,45
lista,SLL con cola,PopFront,100000,43,46
lista,SLL con cola,PopFront,100000,44,46
lista,SLL con cola,PopFront,100000,45,45
lista,SLL con cola,PopFront,100000,46,46
lista,SLL con cola,PopFront,100000,47,46
lista,SLL con cola,PopFront,100000,48,46
lista,SLL con cola,PopFront,100000,49,46
lista,SLL con cola,PopBack,100000,0,183912
lista,SLL con cola,PopBack,100000,1,185531
lista,SLL con cola,PopBack,100000,2,237891
lista,SLL con cola,PopBack,100000,3,183570
lista,SLL con cola,PopBack,100000,4,196944
lista,SLL con cola,PopBack,100000,5,187003
lista,SLL con cola,PopBack,100000,6,184690
lista,SLL con cola,PopBack,100000,7,222864
lista,SLL con cola,PopBack,100000,8,193392
lista,SLL con cola,PopBack,100000,9,194823
lista,SLL con cola,PopBack,100000,10,197879
lista,SLL con cola,PopBack,100000,11,200115
lista,SLL con cola,PopBack,100000,12,211685
lista,SLL con cola,PopBack,100000,13,186379
lista,SLL con cola,PopBack,100000,14,196732
lista,SLL con cola,PopBack,100000,15,186785
lista,SLL con cola,PopBack,100000,16,196553
lista,SLL con cola,PopBack,100000,17,214781
lista,SLL con cola,PopBack,100000,18,205104
lista,SLL con cola,PopBack,100000,19,198145
lista,SLL con cola,PopBack,100000,20,184613
lista,SLL con cola,PopBack,100000,21,184986
lista,SLL con cola,PopBack,100000,22,237505
lista,SLL con cola,PopBack,100000,23,183836
lista,SLL con cola,PopBack,100000,24,195953
lista,SLL con cola,PopBack,100000,25,185631
lista,SLL con cola,PopBack,100000,26,188583
lista,SLL con cola,PopBack,100000,27,210533
lista,SLL con cola,PopBack,100000,28,201493
lista,SLL con cola,PopBack,100000,29,199973
lista,SLL con cola,PopBack,100000,30,185271
lista,SLL con cola,PopBack,100000,31,182289
lista,SLL con cola,PopBack,100000,32,206711
lista,SLL con cola,PopBack,100000,33,199056
lista,SLL con cola,PopBack,100000,34,194571
lista,SLL con cola,PopBack,100000,35,184857
lista,SLL con cola,PopBack,100000,36,184052
lista,SLL con cola,PopBack,100000,37,258062
lista,SLL con cola,PopBack,100000,38,185389
lista,SLL con cola,PopBack,100000,39,194439
lista,SLL con cola,PopBack,100000,40,197246
lista,SLL con cola,PopBack,100000,41,189213
lista,SLL con cola,PopBack,100000,42,241703
lista,SLL con cola,PopBack,100000,43,185334
lista,SLL con cola,PopBack,100000,44,210919
lista,SLL con cola,PopBack,100000,45,197223
lista,SLL con cola,PopBack,100000,46,185689
lista,SLL con cola,PopBack,100000,47,208434
lista,SLL con cola,PopBack,100000,48,185537
lista,SLL con cola,PopBack,100000,49,196258
lista,SLL con cola,TopFront,100000,0,52
lista,SLL con cola,TopFront,100000,1,51
lista,SLL con cola,TopFront,100000,2,53
lista,SLL con cola,TopFront,100000,3,51
lista,SLL con cola,TopFront,100000,4,52
lista,SLL con cola,TopFront,100000,5,51
lista,SLL con cola,TopFront,100000,6,53
lista,SLL con cola,TopFront,100000,7,52
lista,SLL con cola,TopFront,100000,8,52
lista,SLL con cola,TopFront,100000,9,53
lista,SLL con cola,TopFront,100000,10,51
lista,SLL con cola,TopFront,100000,11,52
lista,SLL con cola,TopFront,100000,12,53
lista,SLL con cola,TopFront,100000,13,52
lista,SLL con cola,TopFront,100000,14,51
lista,SLL con cola,TopFront,100000,15,51
lista,SLL con cola,TopFront,100000,16,52
lista,SLL con cola,TopFront,100000,17,51
lista,SLL con cola,TopFront,100000,18,52
lista,SLL con cola,TopFront,100000,19,52
lista,SLL con cola,TopFront,100000,20,52
lista,SLL con cola,TopFront,100000,21,53
lista,SLL con cola,TopFront,100000,22,52
lista,SLL con cola,TopFront,100000,23,51
lista,SLL con cola,TopFront,100000,24,51
lista,SLL con cola,TopFront,100000,25,52
lista,SLL con cola,TopFront,100000,26,52
lista,SLL con cola,TopFront,100000,27,51
lista,SLL con cola,TopFront,100000,28,51
lista,SLL con cola,TopFront,100000,29,52
lista,SLL con cola,TopFront,100000,30,52
lista,SLL con cola,TopFront,100000,31,52
lista,SLL con cola,TopFront,100000,32,52
lista,SLL con cola,TopFront,100000,33,51
lista,SLL con cola,TopFront,100000,34,52
lista,SLL con cola,TopFront,100000,35,52
lista,SLL con cola,TopFront,100000,36,52
lista,SLL con cola,TopFront,100000,37,52
lista,SLL con cola,TopFront,100000,38,52
lista,SLL con cola,TopFront,100000,39,53
lista,SLL con cola,TopFront,100000,40,51
lista,SLL con cola,TopFront,100000,41,52
lista,SLL con cola,TopFront,100000,42,52
lista,SLL con cola,TopFront,100000,43,52
lista,SLL con cola,TopFront,100000,44,50
lista,SLL con cola,TopFront,100000,45,51
lista,SLL con cola,TopFront,100000,46,51
lista,SLL con cola,TopFront,100000,47,53
lista,SLL con cola,TopFront,100000,48,52
lista,SLL con cola,TopFront,100000,49,51
lista,SLL con cola,TopBack,100000,0,51
lista,SLL con cola,TopBack,100000,1,52
lista,SLL con cola,TopBack,100000,2,52
lista,SLL con cola,TopBack,100000,3,52
lista,SLL con cola,TopBack,100000,4,51
lista,SLL con cola,TopBack,100000,5,52
lista,SLL con cola,TopBack,100000,6,52
lista,SLL con cola,TopBack,100000,7,53
lista,SLL con cola,TopBack,100000,8,52
lista,SLL con cola,TopBack,100000,9,52
lista,SLL con cola,TopBack,100000,10,52
lista,SLL con cola,TopBack,100000,11,52
lista,SLL con cola,TopBack,100000,12,53
lista,SLL con cola,TopBack,100000,13,53
lista,SLL con cola,TopBack,100000,14,51
lista,SLL con cola,TopBack,100000,15,52
lista,SLL con cola,TopBack,100000,16,52
lista,SLL con cola,TopBack,100000,17,52
lista,SLL con cola,TopBack,100000,18,54
lista,SLL con cola,TopBack,100000,19,52
lista,SLL con cola,TopBack,100000,20,52
lista,SLL con cola,TopBack,100000,21,52
lista,SLL con cola,TopBack,100000,22,52
lista,SLL con cola,TopBack,100000,23,52
lista,SLL con cola,TopBack,100000,24,53
lista,SLL con cola,TopBack,100000,25,52
lista,SLL con cola,TopBack,100000,26,52
lista,SLL con cola,TopBack,100000,27,51
lista,SLL con cola,TopBack,100000,28,52
lista,SLL con cola,TopBack,100000,29,52
lista,SLL con cola,TopBack,100000,30,53
lista,SLL con cola,TopBack,100000,31,52
lista,SLL con cola,TopBack,100000,32,52
lista,SLL con cola,TopBack,100000,33,52
lista,SLL con cola,TopBack,100000,34,52
lista,SLL con cola,TopBack,100000,35,53
lista,SLL con cola,TopBack,100000,36,53
lista,SLL con cola,TopBack,100000,37,51
lista,SLL con cola,TopBack,100000,38,52
lista,SLL con cola,TopBack,100000,39,51
lista,SLL con cola,TopBack,100000,40,53
lista,SLL con cola,TopBack,100000,41,52
lista,SLL con cola,TopBack,100000,42,53
lista,SLL con cola,TopBack,100000,43,52
lista,SLL con cola,TopBack,100000,44,52
lista,SLL con cola,TopBack,100000,45,52
lista,SLL con cola,TopBack,100000,46,53
lista,SLL con cola,TopBack,100000,47,52
lista,SLL con cola,TopBack,100000,48,52
lista,SLL con cola,TopBack,100000,49,51
lista,SLL con cola,Find,100000,0,447972
lista,SLL con cola,Find,100000,1,483437
lista,SLL con cola,Find,100000,2,443858
lista,SLL con cola,Find,100000,3,474048
lista,SLL con cola,Find,100000,4,442839
lista,SLL con cola,Find,100000,5,426207
lista,SLL con cola,Find,100000,6,487225
lista,SLL con cola,Find,100000,7,426933
lista,SLL con cola,Find,100000,8,520377
lista,SLL con cola,Find,100000,9,438413
lista,SLL con cola,Find,100000,10,465167
lista,SLL con cola,Find,100000,11,514403
lista,SLL con cola,Find,100000,12,467864
lista,SLL con cola,Find,100000,13,463969
lista,SLL con cola,Find,100000,14,452875
lista,SLL con cola,Find,100000,15,438511
lista,SLL con cola,Find,100000,16,520170
lista,SLL con cola,Find,100000,17,455256
lista,SLL con cola,Find,100000,18,503146
lista,SLL con cola,Find,100000,19,446153
lista,SLL con cola,Find,100000,20,513982
lista,SLL con cola,Find,100000,21,450837
lista,SLL con cola,Find,100000,22,753600
lista,SLL con cola,Find,100000,23,446910
lista,SLL con cola,Find,100000,24,519213
lista,SLL con cola,Find,100000,25,425958
lista,SLL con cola,Find,100000,26,455173
lista,SLL con cola,Find,100000,27,443270
lista,SLL con cola,Find,100000,28,450066
lista,SLL con cola,Find,100000,29,440722
lista,SLL con cola,Find,100000,30,425103
lista,SLL con cola,Find,100000,31,470911
lista,SLL con cola,Find,100000,32,438948
lista,SLL con cola,Find,100000,33,512075
lista,SLL con cola,Find,100000,34,428487
lista,SLL con cola,Find,100000,35,467187
lista,SLL con cola,Find,100000,36,445602
lista,SLL con cola,Find,100000,37,526048
lista,SLL con cola,Find,100000,38,449624
lista,SLL con cola,Find,100000,39,448845
lista,SLL con cola,Find,100000,40,470571
lista,SLL con cola,Find,100000,41,529581
lista,SLL con cola,Find,100000,42,443996
lista,SLL con cola,Find,100000,43,443744
lista,SLL con cola,Find,100000,44,469416
lista,SLL con cola,Find,100000,45,428215
lista,SLL con cola,Find,100000,46,472304
lista,SLL con cola,Find,100000,47,427340
lista,SLL con cola,Find,100000,48,481705
lista,SLL con cola,Find,100000,49,426897
lista,SLL con cola,Erase,100000,0,276309
lista,SLL con cola,Erase,100000,1,263807
lista,SLL con cola,Erase,100000,2,278347
lista,SLL con cola,Erase,100000,3,278208
lista,SLL con cola,Erase,100000,4,266819
lista,SLL con cola,Erase,100000,5,263646
lista,SLL con cola,Erase,100000,6,299792
lista,SLL con cola,Erase,100000,7,269078
lista,SLL con cola,Erase,100000,8,263980
lista,SLL con cola,Erase,100000,9,294459
lista,SLL con cola,Erase,100000,10,284464
lista,SLL con cola,Erase,100000,11,264874
lista,SLL con cola,Erase,100000,12,276138
lista,SLL con cola,Erase,100000,13,378944
lista,SLL con cola,Erase,100000,14,303709
lista,SLL con cola,Erase,100000,15,352443
lista,SLL con cola,Erase,100000,16,378387
lista,SLL con cola,Erase,100000,17,292519
lista,SLL con cola,Erase,100000,18,345346
lista,SLL con cola,Erase,100000,19,330050
lista,SLL con cola,Erase,100000,20,605860
lista,SLL con cola,Erase,100000,21,514881
lista,SLL con cola,Erase,100000,22,446010
lista,SLL con cola,Erase,100000,23,329993
lista,SLL con cola,Erase,100000,24,278248
lista,SLL con cola,Erase,100000,25,285774
lista,SLL con cola,Erase,100000,26,286307
lista,SLL con cola,Erase,100000,27,341498
lista,SLL con cola,Erase,100000,28,270794
lista,SLL con cola,Erase,100000,29,294049
lista,SLL con cola,Erase,100000,30,317896
lista,SLL con cola,Erase,100000,31,275381
lista,SLL con cola,Erase,100000,32,264885
lista,SLL con cola,Erase,100000,33,299027
lista,SLL con cola,Erase,100000,34,300244
lista,SLL con cola,Erase,100000,35,263440
lista,SLL con cola,Erase,100000,36,291284
lista,SLL con cola,Erase,100000,37,308748
lista,SLL con cola,Erase,100000,38,273006
lista,SLL con cola,Erase,100000,39,264276
lista,SLL con cola,Erase,100000,40,264085
lista,SLL con cola,Erase,100000,41,320581
lista,SLL con cola,Erase,100000,42,263906
lista,SLL con cola,Erase,100000,43,267867
lista,SLL con cola,Erase,100000,44,286259
lista,SLL con cola,Erase,100000,45,283999
lista,SLL con cola,Erase,100000,46,260358
lista,SLL con cola,Erase,100000,47,316046
lista,SLL con cola,Erase,100000,48,307468
lista,SLL con cola,Erase,100000,49,286901
lista,SLL con cola,AddBefore,100000,0,487250
lista,SLL con cola,AddBefore,100000,1,406626
lista,SLL con cola,AddBefore,100000,2,468700
lista,SLL con cola,AddBefore,100000,3,514224
lista,SLL con cola,AddBefore,100000,4,457861
lista,SLL con cola,AddBefore,100000,5,413597
lista,SLL con cola,AddBefore,100000,6,500623
lista,SLL con cola,AddBefore,100000,7,431843
lista,SLL con cola,AddBefore,100000,8,419213
lista,SLL con cola,AddBefore,100000,9,513231
lista,SLL con cola,AddBefore,100000,10,431425
lista,SLL con cola,AddBefore,100000,11,407398
lista,SLL con cola,AddBefore,100000,12,488926
lista,SLL con cola,AddBefore,100000,13,467563
lista,SLL con cola,AddBefore,100000,14,399678
lista,SLL con cola,AddBefore,100000,15,444859
lista,SLL con cola,AddBefore,100000,16,451314
lista,SLL con cola,AddBefore,100000,17,429231
lista,SLL con cola,AddBefore,100000,18,412693
lista,SLL con cola,AddBefore,100000,19,445479
lista,SLL con cola,AddBefore,100000,20,469050
lista,SLL con cola,AddBefore,100000,21,439575
lista,SLL con cola,AddBefore,100000,22,416771
lista,SLL con cola,AddBefore,100000,23,449273
lista,SLL con cola,AddBefore,100000,24,432412
lista,SLL con cola,AddBefore,100000,25,417428
lista,SLL con cola,AddBefore,100000,26,447184
lista,SLL con cola,AddBefore,100000,27,473667
lista,SLL con cola,AddBefore,100000,28,420698
lista,SLL con cola,AddBefore,100000,29,425433
lista,SLL con cola,AddBefore,100000,30,482136
lista,SLL con cola,AddBefore,100000,31,411164
lista,SLL con cola,AddBefore,100000,32,413043
lista,SLL con cola,AddBefore,100000,33,450214
lista,SLL con cola,AddBefore,100000,34,436476
lista,SLL con cola,AddBefore,100000,35,407964
lista,SLL con cola,AddBefore,100000,36,411805
lista,SLL con cola,AddBefore,100000,37,527259
lista,SLL con cola,AddBefore,100000,38,440913
lista,SLL con cola,AddBefore,100000,39,408345
lista,SLL con cola,AddBefore,100000,40,493026
lista,SLL con cola,AddBefore,100000,41,434011
lista,SLL con cola,AddBefore,100000,42,419988
lista,SLL con cola,AddBefore,100000,43,506134
lista,SLL con cola,AddBefore,100000,44,441737
lista,SLL con cola,AddBefore,100000,45,407936
lista,SLL con cola,AddBefore,100000,46,486619
lista,SLL con cola,AddBefore,100000,47,482084
lista,SLL con cola,AddBefore,100000,48,430073
lista,SLL con cola,AddBefore,100000,49,458125
lista,SLL con cola,AddAfter,100000,0,776
lista,SLL con cola,AddAfter,100000,1,408
lista,SLL con cola,AddAfter,100000,2,891
lista,SLL con cola,AddAfter,100000,3,608
lista,SLL con cola,AddAfter,100000,4,669
lista,SLL con cola,AddAfter,100000,5,871
lista,SLL con cola,AddAfter,100000,6,503
lista,SLL con cola,AddAfter,100000,7,498
lista,SLL con cola,AddAfter,100000,8,951
lista,SLL con cola,AddAfter,100000,9,793
lista,SLL con cola,AddAfter,100000,10,493
lista,SLL con cola,AddAfter,100000,11,929
lista,SLL con cola,AddAfter,100000,12,940
lista,SLL con cola,AddAfter,100000,13,505
lista,SLL con cola,AddAfter,100000,14,1265
lista,SLL con cola,AddAfter,100000,15,420
lista,SLL con cola,AddAfter,100000,16,533
lista,SLL con cola,AddAfter,100000,17,529
lista,SLL con cola,AddAfter,100000,18,793
lista,SLL con cola,AddAfter,100000,19,1437
lista,SLL con cola,AddAfter,100000,20,510
lista,SLL con cola,AddAfter,100000,21,535
lista,SLL con cola,AddAfter,100000,22,512
lista,SLL con cola,AddAfter,100000,23,536
lista,SLL con cola,AddAfter,100000,24,521
lista,SLL con cola,AddAfter,100000,25,518
lista,SLL con cola,AddAfter,100000,26,769
lista,SLL con cola,AddAfter,100000,27,935
lista,SLL con cola,AddAfter,100000,28,401
lista,SLL con cola,AddAfter,100000,29,530
lista,SLL con cola,AddAfter,100000,30,497
lista,SLL con cola,AddAfter,100000,31,851
lista,SLL con cola,AddAfter,100000,32,793
lista,SLL con cola,AddAfter,100000,33,724
lista,SLL con cola,AddAfter,100000,34,1024
lista,SLL con cola,AddAfter,100000,35,429
lista,SLL con cola,AddAfter,100000,36,764
lista,SLL con cola,AddAfter,100000,37,492
lista,SLL con cola,AddAfter,100000,38,510
lista,SLL con cola,AddAfter,100000,39,510
lista,SLL con cola,AddAfter,100000,40,471
lista,SLL con cola,AddAfter,100000,41,936
lista,SLL con cola,AddAfter,100000,42,652
lista,SLL con cola,AddAfter,100000,43,772
lista,SLL con cola,AddAfter,100000,44,5948
lista,SLL con cola,AddAfter,100000,45,977
lista,SLL con cola,AddAfter,100000,46,897
lista,SLL con cola,AddAfter,100000,47,1055
lista,SLL con cola,AddAfter,100000,48,897
lista,SLL con cola,AddAfter,100000,49,705
lista,SLL con cola,Empty,100000,0,52
lista,SLL con cola,Empty,100000,1,54
lista,SLL con cola,Empty,100000,2,51
lista,SLL con cola,Empty,100000,3,51
lista,SLL con cola,Empty,100000,4,52
lista,SLL con cola,Empty,100000,5,52
lista,SLL con cola,Empty,100000,6,51
lista,SLL con cola,Empty,100000,7,50
lista,SLL con cola,Empty,100000,8,52
lista,SLL con cola,Empty,100000,9,52
lista,SLL con cola,Empty,100000,10,52
lista,SLL con cola,Empty,100000,11,50
lista,SLL con cola,Empty,100000,12,51
lista,SLL con cola,Empty,100000,13,53
lista,SLL con cola,Empty,100000,14,52
lista,SLL con cola,Empty,100000,15,51
lista,SLL con cola,Empty,100000,16,50
lista,SLL con cola,Empty,100000,17,52
lista,SLL con cola,Empty,100000,18,53
lista,SLL con cola,Empty,100000,19,51
lista,SLL con cola,Empty,100000,20,51
lista,SLL con cola,Empty,100000,21,50
lista,SLL con cola,Empty,100000,22,53
lista,SLL con cola,Empty,100000,23,51
lista,SLL con cola,Empty,100000,24,50
lista,SLL con cola,Empty,100000,25,51
lista,SLL con cola,Empty,100000,26,52
lista,SLL con cola,Empty,100000,27,52
lista,SLL con cola,Empty,100000,28,51
lista,SLL con cola,Empty,100000,29,50
lista,SLL con cola,Empty,100000,30,50
lista,SLL con cola,Empty,100000,31,53
lista,SLL con cola,Empty,100000,32,52
lista,SLL con cola,Empty,100000,33,50
lista,SLL con cola,Empty,100000,34,51
lista,SLL con cola,Empty,100000,35,55
lista,SLL con cola,Empty,100000,36,53
lista,SLL con cola,Empty,100000,37,51
lista,SLL con cola,Empty,100000,38,51
lista,SLL con cola,Empty,100000,39,52
lista,SLL con cola,Empty,100000,40,52
lista,SLL con cola,Empty,100000,41,52
lista,SLL con cola,Empty,100000,42,50
lista,SLL con cola,Empty,100000,43,51
lista,SLL con cola,Empty,100000,44,52
lista,SLL con cola,Empty,100000,45,52
lista,SLL con cola,Empty,100000,46,52
lista,SLL con cola,Empty,100000,47,50
lista,SLL con cola,Empty,100000,48,52
lista,SLL con cola,Empty,100000,49,52
lista,SLL con cola,Size,100000,0,52
lista,SLL con cola,Size,100000,1,71
lista,SLL con cola,Size,100000,2,52
lista,SLL con cola,Size,100000,3,54
lista,SLL con cola,Size,100000,4,53
lista,SLL con cola,Size,100000,5,53
lista,SLL con cola,Size,100000,6,53
lista,SLL con cola,Size,100000,7,53
lista,SLL con cola,Size,100000,8,53
lista,SLL con cola,Size,100000,9,53
lista,SLL con cola,Size,100000,10,53
lista,SLL con cola,Size,100000,11,52
lista,SLL con cola,Size,100000,12,52
lista,SLL con cola,Size,100000,13,52
lista,SLL con cola,Size,100000,14,56
lista,SLL con cola,Size,100000,15,52
lista,SLL con cola,Size,100000,16,53
lista,SLL con cola,Size,100000,17,54
lista,SLL con cola,Size,100000,18,54
lista,SLL con cola,Size,100000,19,52
lista,SLL con cola,Size,100000,20,51
lista,SLL con cola,Size,100000,21,53
lista,SLL con cola,Size,100000,22,52
lista,SLL con cola,Size,100000,23,53
lista,SLL con cola,Size,100000,24,53
lista,SLL con cola,Size,100000,25,52
lista,SLL con cola,Size,100000,26,53
lista,SLL con cola,Size,100000,27,53
lista,SLL con cola,Size,100000,28,52
lista,SLL con cola,Size,100000,29,53
lista,SLL con cola,Size,100000,30,53
lista,SLL con cola,Size,100000,31,52
lista,SLL con cola,Size,100000,32,52
lista,SLL con cola,Size,100000,33,52
lista,SLL con cola,Size,100000,34,53
lista,SLL con cola,Size,100000,35,53
lista,SLL con cola,Size,100000,36,52
lista,SLL con cola,Size,100000,37,52
lista,SLL con cola,Size,100000,38,52
lista,SLL con cola,Size,100000,39,52
lista,SLL con cola,Size,100000,40,52
lista,SLL con cola,Size,100000,41,54
lista,SLL con cola,Size,100000,42,53
lista,SLL con cola,Size,100000,43,52
lista,SLL con cola,Size,100000,44,52
lista,SLL con cola,Size,100000,45,52
lista,SLL con cola,Size,100000,46,53
lista,SLL con cola,Size,100000,47,54
lista,SLL con cola,Size,100000,48,53
lista,SLL con cola,Size,100000,49,52
lista,DLL sin cola,PushFront,100000,0,49
lista,DLL sin cola,PushFront,100000,1,147
lista,DLL sin cola,PushFront,100000,2,55
lista,DLL sin cola,PushFront,100000,3,47
lista,DLL sin cola,PushFront,100000,4,48
lista,DLL sin cola,PushFront,100000,5,58
lista,DLL sin cola,PushFront,100000,6,115
lista,DLL sin cola,PushFront,100000,7,57
lista,DLL sin cola,PushFront,100000,8,54
lista,DLL sin cola,PushFront,100000,9,49
lista,DLL sin cola,PushFront,100000,10,50
lista,DLL sin cola,PushFront,100000,11,54
lista,DLL sin cola,PushFront,100000,12,52
lista,DLL sin cola,PushFront,100000,13,50
lista,DLL sin cola,PushFront,100000,14,129
lista,DLL sin cola,PushFront,100000,15,51
lista,DLL sin cola,PushFront,100000,16,59
lista,DLL sin cola,PushFront,100000,17,48
lista,DLL sin cola,PushFront,100000,18,60
lista,DLL sin cola,PushFront,100000,19,48
lista,DLL sin cola,PushFront,100000,20,53
lista,DLL sin cola,PushFront,100000,21,52
lista,DLL sin cola,PushFront,100000,22,116
lista,DLL sin cola,PushFront,100000,23,56
lista,DLL sin cola,PushFront,100000,24,57
lista,DLL sin cola,PushFront,100000,25,56
lista,DLL sin cola,PushFront,100000,26,51
lista,DLL sin cola,PushFront,100000,27,54
lista,DLL sin cola,PushFront,100000,28,50
lista,DLL sin cola,PushFront,100000,29,56
lista,DLL sin cola,PushFront,100000,30,157
lista,DLL sin cola,PushFront,100000,31,54
lista,DLL sin cola,PushFront,100000,32,76
lista,DLL sin cola,PushFront,100000,33,52
lista,DLL sin cola,PushFront,100000,34,49
lista,DLL sin cola,PushFront,100000,35,57
lista,DLL sin cola,PushFront,100000,36,53
lista,DLL sin cola,PushFront,100000,37,52
lista,DLL sin cola,PushFront,100000,38,148
lista,DLL sin cola,PushFront,100000,39,52
lista,DLL sin cola,PushFront,100000,40,51
lista,DLL sin cola,PushFront,100000,41,55
lista,DLL sin cola,PushFront,100000,42,57
lista,DLL sin cola,PushFront,100000,43,53
lista,DLL sin cola,PushFront,100000,44,51
lista,DLL sin cola,PushFront,100000,45,55
lista,DLL sin cola,PushFront,100000,46,100
lista,DLL sin cola,PushFront,100000,47,51
lista,DLL sin cola,PushFront,100000,48,56
lista,DLL sin cola,PushFront,100000,49,55
lista,DLL sin cola,PushBack,100000,0,196903
lista,DLL sin cola,PushBack,100000,1,205713
lista,DLL sin cola,PushBack,100000,2,224774
lista,DLL sin cola,PushBack,100000,3,262916
lista,DLL sin cola,PushBack,100000,4,235443
lista,DLL sin cola,PushBack,100000,5,208724
lista,DLL sin cola,PushBack,100000,6,198602
lista,DLL sin cola,PushBack,100000,7,202792
lista,DLL sin cola,PushBack,100000,8,196024
lista,DLL sin cola,PushBack,100000,9,219468
lista,DLL sin cola,PushBack,100000,10,201324
lista,DLL sin cola,PushBack,100000,11,223033
lista,DLL sin cola,PushBack,100000,12,225502
lista,DLL sin cola,PushBack,100000,13,222447
lista,DLL sin cola,PushBack,100000,14,195099
lista,DLL sin cola,PushBack,100000,15,199961
lista,DLL sin cola,PushBack,100000,16,226069
lista,DLL sin cola,PushBack,100000,17,206157
lista,DLL sin cola,PushBack,100000,18,233302
lista,DLL sin cola,PushBack,100000,19,203529
lista,DLL sin cola,PushBack,100000,20,205226
lista,DLL sin cola,PushBack,100000,21,215463
lista,DLL sin cola,PushBack,100000,22,188202
lista,DLL sin cola,PushBack,100000,23,185814
lista,DLL sin cola,PushBack,100000,24,213613
lista,DLL sin cola,PushBack,100000,25,194727
lista,DLL sin cola,PushBack,100000,26,222380
lista,DLL sin cola,PushBack,100000,27,183665
lista,DLL sin cola,PushBack,100000,28,236492
lista,DLL sin cola,PushBack,100000,29,199137
lista,DLL sin cola,PushBack,100000,30,183903
lista,DLL sin cola,PushBack,100000,31,207606
lista,DLL sin cola,PushBack,100000,32,187235
lista,DLL sin cola,PushBack,100000,33,186042
lista,DLL sin cola,PushBack,100000,34,183787
lista,DLL sin cola,PushBack,100000,35,186174
lista,DLL sin cola,PushBack,100000,36,226865
lista,DLL sin cola,PushBack,100000,37,206530
lista,DLL sin cola,PushBack,100000,38,229803
lista,DLL sin cola,PushBack,100000,39,206958
lista,DLL sin cola,PushBack,100000,40,200230
lista,DLL sin cola,PushBack,100000,41,219850
lista,DLL sin cola,PushBack,100000,42,187069
lista,DLL sin cola,PushBack,100000,43,186938
lista,DLL sin cola,PushBack,100000,44,192870
lista,DLL sin cola,PushBack,100000,45,205650
lista,DLL sin cola,PushBack,100000,46,227050
lista,DLL sin cola,PushBack,100000,47,193623
lista,DLL sin cola,PushBack,100000,48,292796
lista,DLL sin cola,PushBack,100000,49,202124
lista,DLL sin cola,PopFront,100000,0,47
lista,DLL sin cola,PopFront,100000,1,48
lista,DLL sin cola,PopFront,100000,2,47
lista,DLL sin cola,PopFront,100000,3,46
lista,DLL sin cola,PopFront,100000,4,47
lista,DLL sin cola,PopFront,100000,5,46
lista,DLL sin cola,PopFront,100000,6,46
lista,DLL sin cola,PopFront,100000,7,48
lista,DLL sin cola,PopFront,100000,8,47
lista,DLL sin cola,PopFront,100000,9,46
lista,DLL sin cola,PopFront,100000,10,46
lista,DLL sin cola,PopFront,100000,11,47
lista,DLL sin cola,PopFront,100000,12,47
lista,DLL sin cola,PopFront,100000,13,47
lista,DLL sin cola,PopFront,100000,14,47
lista,DLL sin cola,PopFront,100000,15,47
lista,DLL sin cola,PopFront,100000,16,47
lista,DLL sin cola,PopFront,100000,17,47
lista,DLL sin cola,PopFront,100000,18,46
lista,DLL sin cola,PopFront,100000,19,47
lista,DLL sin cola,PopFront,100000,20,46
lista,DLL sin cola,PopFront,100000,21,46
lista,DLL sin cola,PopFront,100000,22,46
lista,DLL sin cola,PopFront,100000,23,47
lista,DLL sin cola,PopFront,100000,24,46
lista,DLL sin cola,PopFront,100000,25,46
lista,DLL sin cola,PopFront,100000,26,46
lista,DLL sin cola,PopFront,100000,27,46
lista,DLL sin cola,PopFront,100000,28,47
lista,DLL sin cola,PopFront,100000,29,46
lista,DLL sin cola,PopFront,100000,30,47
lista,DLL sin cola,PopFront,100000,31,47
lista,DLL sin cola,PopFront,100000,32,47
lista,DLL sin cola,PopFront,100000,33,46
lista,DLL sin cola,PopFront,100000,34,46
lista,DLL sin cola,PopFront,100000,35,47
lista,DLL sin cola,PopFront,100000,36,48
lista,DLL sin cola,PopFront,100000,37,47
lista,DLL sin cola,PopFront,100000,38,46
lista,DLL sin cola,PopFront,100000,39,45
lista,DLL sin cola,PopFront,100000,40,47
lista,DLL sin cola,PopFront,100000,41,46
lista,DLL sin cola,PopFront,100000,42,46
lista,DLL sin cola,PopFront,100000,43,45
lista,DLL sin cola,PopFront,100000,44,47
lista,DLL sin cola,PopFront,100000,45,46
lista,DLL sin cola,PopFront,100000,46,46
lista,DLL sin cola,PopFront,100000,47,45
lista,DLL sin cola,PopFront,100000,48,49
lista,DLL sin cola,PopFront,100000,49,46
lista,DLL sin cola,PopBack,100000,0,223229
lista,DLL sin cola,PopBack,100000,1,199073
lista,DLL sin cola,PopBack,100000,2,183575
lista,DLL sin cola,PopBack,100000,3,183998
lista,DLL sin cola,PopBack,100000,4,191515
lista,DLL sin cola,PopBack,100000,5,209878
lista,DLL sin cola,PopBack,100000,6,195222
lista,DLL sin cola,PopBack,100000,7,197987
lista,DLL sin cola,PopBack,100000,8,221091
lista,DLL sin cola,PopBack,100000,9,185278
lista,DLL sin cola,PopBack,100000,10,184938
lista,DLL sin cola,PopBack,100000,11,202140
lista,DLL sin cola,PopBack,100000,12,196306
lista,DLL sin cola,PopBack,100000,13,185431
lista,DLL sin cola,PopBack,100000,14,183921
lista,DLL sin cola,PopBack,100000,15,191026
lista,DLL sin cola,PopBack,100000,16,201375
lista,DLL sin cola,PopBack,100000,17,184361
lista,DLL sin cola,PopBack,100000,18,211812
lista,DLL sin cola,PopBack,100000,19,191484
lista,DLL sin cola,PopBack,100000,20,185068
lista,DLL sin cola,PopBack,100000,21,192359
lista,DLL sin cola,PopBack,100000,22,185492
lista,DLL sin cola,PopBack,100000,23,210185
lista,DLL sin cola,PopBack,100000,24,185558
lista,DLL sin cola,PopBack,100000,25,186579
lista,DLL sin cola,PopBack,100000,26,189701
lista,DLL sin cola,PopBack,100000,27,185308
lista,DLL sin cola,PopBack,100000,28,230910
lista,DLL sin cola,PopBack,100000,29,206485
lista,DLL sin cola,PopBack,100000,30,195578
lista,DLL sin cola,PopBack,100000,31,190976
lista,DLL sin cola,PopBack,100000,32,216328
lista,DLL sin cola,PopBack,100000,33,219096
lista,DLL sin cola,PopBack,100000,34,190012
lista,DLL sin cola,PopBack,100000,35,193228
lista,DLL sin cola,PopBack,100000,36,199475
lista,DLL sin cola,PopBack,100000,37,208627
lista,DLL sin cola,PopBack,100000,38,211156
lista,DLL sin cola,PopBack,100000,39,207265
lista,DLL sin cola,PopBack,100000,40,218630
lista,DLL sin cola,PopBack,100000,41,202241
lista,DLL sin cola,PopBack,100000,42,185078
lista,DLL sin cola,PopBack,100000,43,184443
lista,DLL sin cola,PopBack,100000,44,183243
lista,DLL sin cola,PopBack,100000,45,207629
lista,DLL sin cola,PopBack,100000,46,197707
lista,DLL sin cola,PopBack,100000,47,186152
lista,DLL sin cola,PopBack,100000,48,185035
lista,DLL sin cola,PopBack,100000,49,184617
lista,DLL sin cola,TopFront,100000,0,72
lista,DLL sin cola,TopFront,100000,1,63
lista,DLL sin cola,TopFront,100000,2,66
lista,DLL sin cola,TopFront,100000,3,69
lista,DLL sin cola,TopFront,100000,4,60
lista,DLL sin cola,TopFront,100000,5,58
lista,DLL sin cola,TopFront,100000,6,58
lista,DLL sin cola,TopFront,100000,7,5527
lista,DLL sin cola,TopFront,100000,8,64
lista,DLL sin cola,TopFront,100000,9,52
lista,DLL sin cola,TopFront,100000,10,69
lista,DLL sin cola,TopFront,100000,11,77
lista,DLL sin cola,TopFront,100000,12,63
lista,DLL sin cola,TopFront,100000,13,56
lista,DLL sin cola,TopFront,100000,14,57
lista,DLL sin cola,TopFront,100000,15,67
lista,DLL sin cola,TopFront,100000,16,70
lista,DLL sin cola,TopFront,100000,17,60
lista,DLL sin cola,TopFront,100000,18,64
lista,DLL sin cola,TopFront,100000,19,60
lista,DLL sin cola,TopFront,100000,20,57
lista,DLL sin cola,TopFront,100000,21,62
lista,DLL sin cola,TopFront,100000,22,60
lista,DLL sin cola,TopFront,100000,23,64
lista,DLL sin cola,TopFront,100000,24,52
lista,DLL sin cola,TopFront,100000,25,54
lista,DLL sin cola,TopFront,100000,26,66
lista,DLL sin cola,TopFront,100000,27,51
lista,DLL sin cola,TopFront,100000,28,52
lista,DLL sin cola,TopFront,100000,29,52
lista,DLL sin cola,TopFront,100000,30,52
lista,DLL sin cola,TopFront,100000,31,52
lista,DLL sin cola,TopFront,100000,32,52
lista,DLL sin cola,TopFront,100000,33,52
lista,DLL sin cola,TopFront,100000,34,52
lista,DLL sin cola,TopFront,100000,35,51
lista,DLL sin cola,TopFront,100000,36,51
lista,DLL sin cola,TopFront,100000,37,53
lista,DLL sin cola,TopFront,100000,38,53
lista,DLL sin cola,TopFront,100000,39,52
lista,DLL sin cola,TopFront,100000,40,52
lista,DLL sin cola,TopFront,100000,41,53
lista,DLL sin cola,TopFront,100000,42,53
lista,DLL sin cola,TopFront,100000,43,52
lista,DLL sin cola,TopFront,100000,44,51
lista,DLL sin cola,TopFront,100000,45,51
lista,DLL sin cola,TopFront,100000,46,51
lista,DLL sin cola,TopFront,100000,47,53
lista,DLL sin cola,TopFront,100000,48,52
lista,DLL sin cola,TopFront,100000,49,51
lista,DLL sin cola,TopBack,100000,0,194704
lista,DLL sin cola,TopBack,100000,1,184046
lista,DLL sin cola,TopBack,100000,2,184137
lista,DLL sin cola,TopBack,100000,3,187383
lista,DLL sin cola,TopBack,100000,4,210852
lista,DLL sin cola,TopBack,100000,5,186903
lista,DLL sin cola,TopBack,100000,6,194891
lista,DLL sin cola,TopBack,100000,7,209471
lista,DLL sin cola,TopBack,100000,8,185954
lista,DLL sin cola,TopBack,100000,9,211185
lista,DLL sin cola,TopBack,100000,10,185318
lista,DLL sin cola,TopBack,100000,11,201185
lista,DLL sin cola,TopBack,100000,12,196726
lista,DLL sin cola,TopBack,100000,13,198385
lista,DLL sin cola,TopBack,100000,14,227477
lista,DLL sin cola,TopBack,100000,15,196148
lista,DLL sin cola,TopBack,100000,16,209707
lista,DLL sin cola,TopBack,100000,17,202428
lista,DLL sin cola,TopBack,100000,18,246808
lista,DLL sin cola,TopBack,100000,19,220644
lista,DLL sin cola,TopBack,100000,20,205187
lista,DLL sin cola,TopBack,100000,21,196282
lista,DLL sin cola,TopBack,100000,22,197482
lista,DLL sin cola,TopBack,100000,23,227330
lista,DLL sin cola,TopBack,100000,24,196843
lista,DLL sin cola,TopBack,100000,25,208257
lista,DLL sin cola,TopBack,100000,26,210967
lista,DLL sin cola,TopBack,100000,27,212191
lista,DLL sin cola,TopBack,100000,28,233236
lista,DLL sin cola,TopBack,100000,29,191688
lista,DLL sin cola,TopBack,100000,30,210601
lista,DLL sin cola,TopBack,100000,31,208060
lista,DLL sin cola,TopBack,100000,32,194037
lista,DLL sin cola,TopBack,100000,33,226639
lista,DLL sin cola,TopBack,100000,34,195290
lista,DLL sin cola,TopBack,100000,35,203483
lista,DLL sin cola,TopBack,100000,36,273518
lista,DLL sin cola,TopBack,100000,37,290020
lista,DLL sin cola,TopBack,100000,38,211681
lista,DLL sin cola,TopBack,100000,39,212477
lista,DLL sin cola,TopBack,100000,40,231943
lista,DLL sin cola,TopBack,100000,41,197527
lista,DLL sin cola,TopBack,100000,42,227904
lista,DLL sin cola,TopBack,100000,43,214889
lista,DLL sin cola,TopBack,100000,44,194688
lista,DLL sin cola,TopBack,100000,45,197618
lista,DLL sin cola,TopBack,100000,46,195701
lista,DLL sin cola,TopBack,100000,47,224645
lista,DLL sin cola,TopBack,100000,48,227012
lista,DLL sin cola,TopBack,100000,49,222740
lista,DLL sin cola,Find,100000,0,433526
lista,DLL sin cola,Find,100000,1,456160
lista,DLL sin cola,Find,100000,2,442347
lista,DLL sin cola,Find,100000,3,457667
lista,DLL sin cola,Find,100000,4,439949
lista,DLL sin cola,Find,100000,5,499332
lista,DLL sin cola,Find,100000,6,440010
lista,DLL sin cola,Find,100000,7,465726
lista,DLL sin cola,Find,100000,8,451143
lista,DLL sin cola,Find,100000,9,425267
lista,DLL sin cola,Find,100000,10,475506
lista,DLL sin cola,Find,100000,11,423851
lista,DLL sin cola,Find,100000,12,457425
lista,DLL sin cola,Find,100000,13,438668
lista,DLL sin cola,Find,100000,14,565718
lista,DLL sin cola,Find,100000,15,436634
lista,DLL sin cola,Find,100000,16,475369
lista,DLL sin cola,Find,100000,17,480533
lista,DLL sin cola,Find,100000,18,520372
lista,DLL sin cola,Find,100000,19,509947
lista,DLL sin cola,Find,100000,20,528505
lista,DLL sin cola,Find,100000,21,880138
lista,DLL sin cola,Find,100000,22,533262
lista,DLL sin cola,Find,100000,23,549268
lista,DLL sin cola,Find,100000,24,499296
lista,DLL sin cola,Find,100000,25,549859
lista,DLL sin cola,Find,100000,26,531469
lista,DLL sin cola,Find,100000,27,515399
lista,DLL sin cola,Find,100000,28,435225
lista,DLL sin cola,Find,100000,29,515432
lista,DLL sin cola,Find,100000,30,435020
lista,DLL sin cola,Find,100000,31,454518
lista,DLL sin cola,Find,100000,32,446338
lista,DLL sin cola,Find,100000,33,455773
lista,DLL sin cola,Find,100000,34,435843
lista,DLL sin cola,Find,100000,35,422192
lista,DLL sin cola,Find,100000,36,489092
lista,DLL sin cola,Find,100000,37,584157
lista,DLL sin cola,Find,100000,38,529471
lista,DLL sin cola,Find,100000,39,522530
lista,DLL sin cola,Find,100000,40,508574
lista,DLL sin cola,Find,100000,41,525122
lista,DLL sin cola,Find,100000,42,523164
lista,DLL sin cola,Find,100000,43,521960
lista,DLL sin cola,Find,100000,44,520786
lista,DLL sin cola,Find,100000,45,523327
lista,DLL sin cola,Find,100000,46,460427
lista,DLL sin cola,Find,100000,47,520214
lista,DLL sin cola,Find,100000,48,481507
lista,DLL sin cola,Find,100000,49,532351
lista,DLL sin cola,Erase,100000,0,507489
lista,DLL sin cola,Erase,100000,1,532622
lista,DLL sin cola,Erase,100000,2,577328
lista,DLL sin cola,Erase,100000,3,496477
lista,DLL sin cola,Erase,100000,4,499982
lista,DLL sin cola,Erase,100000,5,550980
lista,DLL sin cola,Erase,100000,6,530287
lista,DLL sin cola,Erase,100000,7,498033
lista,DLL sin cola,Erase,100000,8,533863
lista,DLL sin cola,Erase,100000,9,532375
lista,DLL sin cola,Erase,100000,10,523929
lista,DLL sin cola,Erase,100000,11,504369
lista,DLL sin cola,Erase,100000,12,510116
lista,DLL sin cola,Erase,100000,13,591482
lista,DLL sin cola,Erase,100000,14,495984
lista,DLL sin cola,Erase,100000,15,453027
lista,DLL sin cola,Erase,100000,16,486609
lista,DLL sin cola,Erase,100000,17,454832
lista,DLL sin cola,Erase,100000,18,439992
lista,DLL sin cola,Erase,100000,19,464135
lista,DLL sin cola,Erase,100000,20,465907
lista,DLL sin cola,Erase,100000,21,565252
lista,DLL sin cola,Erase,100000,22,441195
lista,DLL sin cola,Erase,100000,23,453885
lista,DLL sin cola,Erase,100000,24,429138
lista,DLL sin cola,Erase,100000,25,603593
lista,DLL sin cola,Erase,100000,26,469419
lista,DLL sin cola,Erase,100000,27,425584
lista,DLL sin cola,Erase,100000,28,544619
lista,DLL sin cola,Erase,100000,29,453849
lista,DLL sin cola,Erase,100000,30,469386
lista,DLL sin cola,Erase,100000,31,460142
lista,DLL sin cola,Erase,100000,32,503044
lista,DLL sin cola,Erase,100000,33,435772
lista,DLL sin cola,Erase,100000,34,448322
lista,DLL sin cola,Erase,100000,35,470157
lista,DLL sin cola,Erase,100000,36,463880
lista,DLL sin cola,Erase,100000,37,435601
lista,DLL sin cola,Erase,100000,38,489938
lista,DLL sin cola,Erase,100000,39,502294
lista,DLL sin cola,Erase,100000,40,452393
lista,DLL sin cola,Erase,100000,41,466473
lista,DLL sin cola,Erase,100000,42,543467
lista,DLL sin cola,Erase,100000,43,438644
lista,DLL sin cola,Erase,100000,44,532809
lista,DLL sin cola,Erase,100000,45,494335
lista,DLL sin cola,Erase,100000,46,454108
lista,DLL sin cola,Erase,100000,47,465971
lista,DLL sin cola,Erase,100000,48,483946
lista,DLL sin cola,Erase,100000,49,435887
lista,DLL sin cola,AddBefore,100000,0,484
lista,DLL sin cola,AddBefore,100000,1,465
lista,DLL sin cola,AddBefore,100000,2,470
lista,DLL sin cola,AddBefore,100000,3,705
lista,DLL sin cola,AddBefore,100000,4,563
lista,DLL sin cola,AddBefore,100000,5,509
lista,DLL sin cola,AddBefore,100000,6,607
lista,DLL sin cola,AddBefore,100000,7,489
lista,DLL sin cola,AddBefore,100000,8,576
lista,DLL sin cola,AddBefore,100000,9,1052
lista,DLL sin cola,AddBefore,100000,10,860
lista,DLL sin cola,AddBefore,100000,11,575
lista,DLL sin cola,AddBefore,100000,12,549
lista,DLL sin cola,AddBefore,100000,13,910
lista,DLL sin cola,AddBefore,100000,14,468
lista,DLL sin cola,AddBefore,100000,15,473
lista,DLL sin cola,AddBefore,100000,16,501
lista,DLL sin cola,AddBefore,100000,17,774
lista,DLL sin cola,AddBefore,100000,18,710
lista,DLL sin cola,AddBefore,100000,19,6271
lista,DLL sin cola,AddBefore,100000,20,1182
lista,DLL sin cola,AddBefore,100000,21,1014
lista,DLL sin cola,AddBefore,100000,22,508
lista,DLL sin cola,AddBefore,100000,23,488
lista,DLL sin cola,AddBefore,100000,24,482
lista,DLL sin cola,AddBefore,100000,25,723
lista,DLL sin cola,AddBefore,100000,26,581
lista,DLL sin cola,AddBefore,100000,27,710
lista,DLL sin cola,AddBefore,100000,28,480
lista,DLL sin cola,AddBefore,100000,29,495
lista,DLL sin cola,AddBefore,100000,30,555
lista,DLL sin cola,AddBefore,100000,31,772
lista,DLL sin cola,AddBefore,100000,32,975
lista,DLL sin cola,AddBefore,100000,33,1002
lista,DLL sin cola,AddBefore,100000,34,519
lista,DLL sin cola,AddBefore,100000,35,809
lista,DLL sin cola,AddBefore,100000,36,528
lista,DLL sin cola,AddBefore,100000,37,518
lista,DLL sin cola,AddBefore,100000,38,517
lista,DLL sin cola,AddBefore,100000,39,785
lista,DLL sin cola,AddBefore,100000,40,760
lista,DLL sin cola,AddBefore,100000,41,493
lista,DLL sin cola,AddBefore,100000,42,481
lista,DLL sin cola,AddBefore,100000,43,675
lista,DLL sin cola,AddBefore,100000,44,661
lista,DLL sin cola,AddBefore,100000,45,674
lista,DLL sin cola,AddBefore,100000,46,492
lista,DLL sin cola,AddBefore,100000,47,518
lista,DLL sin cola,AddBefore,100000,48,500
lista,DLL sin cola,AddBefore,100000,49,486
lista,DLL sin cola,AddAfter,100000,0,1214
lista,DLL sin cola,AddAfter,100000,1,1342
lista,DLL sin cola,AddAfter,100000,2,583
lista,DLL sin cola,AddAfter,100000,3,1114
lista,DLL sin cola,AddAfter,100000,4,513
lista,DLL sin cola,AddAfter,100000,5,769
lista,DLL sin cola,AddAfter,100000,6,887
lista,DLL sin cola,AddAfter,100000,7,741
lista,DLL sin cola,AddAfter,100000,8,783
lista,DLL sin cola,AddAfter,100000,9,554
lista,DLL sin cola,AddAfter,100000,10,986
lista,DLL sin cola,AddAfter,100000,11,772
lista,DLL sin cola,AddAfter,100000,12,665
lista,DLL sin cola,AddAfter,100000,13,526
lista,DLL sin cola,AddAfter,100000,14,551
lista,DLL sin cola,AddAfter,100000,15,533
lista,DLL sin cola,AddAfter,100000,16,497
lista,DLL sin cola,AddAfter,100000,17,1234
lista,DLL sin cola,AddAfter,100000,18,938
lista,DLL sin cola,AddAfter,100000,19,1317
lista,DLL sin cola,AddAfter,100000,20,1017
lista,DLL sin cola,AddAfter,100000,21,1090
lista,DLL sin cola,AddAfter,100000,22,693
lista,DLL sin cola,AddAfter,100000,23,1098
lista,DLL sin cola,AddAfter,100000,24,1007
lista,DLL sin cola,AddAfter,100000,25,887
lista,DLL sin cola,AddAfter,100000,26,496
lista,DLL sin cola,AddAfter,100000,27,915
lista,DLL sin cola,AddAfter,100000,28,665
lista,DLL sin cola,AddAfter,100000,29,821
lista,DLL sin cola,AddAfter,100000,30,540
lista,DLL sin cola,AddAfter,100000,31,800
lista,DLL sin cola,AddAfter,100000,32,913
lista,DLL sin cola,AddAfter,100000,33,630
lista,DLL sin cola,AddAfter,100000,34,633
lista,DLL sin cola,AddAfter,100000,35,863
lista,DLL sin cola,AddAfter,100000,36,742
lista,DLL sin cola,AddAfter,100000,37,503
lista,DLL sin cola,AddAfter,100000,38,506
lista,DLL sin cola,AddAfter,100000,39,627
lista,DLL sin cola,AddAfter,100000,40,525
lista,DLL sin cola,AddAfter,100000,41,945
lista,DLL sin cola,AddAfter,100000,42,510
lista,DLL sin cola,AddAfter,100000,43,928
lista,DLL sin cola,AddAfter,100000,44,532
lista,DLL sin cola,AddAfter,100000,45,639
lista,DLL sin cola,AddAfter,100000,46,512
lista,DLL sin cola,AddAfter,100000,47,1106
lista,DLL sin cola,AddAfter,100000,48,969
lista,DLL sin cola,AddAfter,100000,49,616
lista,DLL sin cola,Empty,100000,0,52
lista,DLL sin cola,Empty,100000,1,51
lista,DLL sin cola,Empty,100000,2,52
lista,DLL sin cola,Empty,100000,3,53
lista,DLL sin cola,Empty,100000,4,51
lista,DLL sin cola,Empty,100000,5,51
lista,DLL sin cola,Empty,100000,6,52
lista,DLL sin cola,Empty,100000,7,8242
lista,DLL sin cola,Empty,100000,8,60
lista,DLL sin cola,Empty,100000,9,66
lista,DLL sin cola,Empty,100000,10,51
lista,DLL sin cola,Empty,100000,11,51
lista,DLL sin cola,Empty,100000,12,51
lista,DLL sin cola,Empty,100000,13,53
lista,DLL sin cola,Empty,100000,14,53
lista,DLL sin cola,Empty,100000,15,52
lista,DLL sin cola,Empty,100000,16,51
lista,DLL sin cola,Empty,100000,17,51
lista,DLL sin cola,Empty,100000,18,53
lista,DLL sin cola,Empty,100000,19,52
lista,DLL sin cola,Empty,100000,20,52
lista,DLL sin cola,Empty,100000,21,57
lista,DLL sin cola,Empty,100000,22,52
lista,DLL sin cola,Empty,100000,23,53
lista,DLL sin cola,Empty,100000,24,52
lista,DLL sin cola,Empty,100000,25,52
lista,DLL sin cola,Empty,100000,26,52
lista,DLL sin cola,Empty,100000,27,51
lista,DLL sin cola,Empty,100000,28,51
lista,DLL sin cola,Empty,100000,29,52
lista,DLL sin cola,Empty,100000,30,52
lista,DLL sin cola,Empty,100000,31,52
lista,DLL sin cola,Empty,100000,32,53
lista,DLL sin cola,Empty,100000,33,51
lista,DLL sin cola,Empty,100000,34,52
lista,DLL sin cola,Empty,100000,35,52
lista,DLL sin cola,Empty,100000,36,52
lista,DLL sin cola,Empty,100000,37,52
lista,DLL sin cola,Empty,100000,38,52
lista,DLL sin cola,Empty,100000,39,52
lista,DLL sin cola,Empty,100000,40,52
lista,DLL sin cola,Empty,100000,41,52
lista,DLL sin cola,Empty,100000,42,52
lista,DLL sin cola,Empty,100000,43,51
lista,DLL sin cola,Empty,100000,44,52
lista,DLL sin cola,Empty,100000,45,52
lista,DLL sin cola,Empty,100000,46,53
lista,DLL sin cola,Empty,100000,47,51
lista,DLL sin cola,Empty,100000,48,52
lista,DLL sin cola,Empty,100000,49,51
lista,DLL sin cola,Size,100000,0,55
lista,DLL sin cola,Size,100000,1,75
lista,DLL sin cola,Size,100000,2,54
lista,DLL sin cola,Size,100000,3,55
lista,DLL sin cola,Size,100000,4,54
lista,DLL sin cola,Size,100000,5,55
lista,DLL sin cola,Size,100000,6,54
lista,DLL sin cola,Size,100000,7,55
lista,DLL sin cola,Size,100000,8,56
lista,DLL sin cola,Size,100000,9,55
lista,DLL sin cola,Size,100000,10,56
lista,DLL sin cola,Size,100000,11,54
lista,DLL sin cola,Size,100000,12,54
lista,DLL sin cola,Size,100000,13,54
lista,DLL sin cola,Size,100000,14,53
lista,DLL sin cola,Size,100000,15,53
lista,DLL sin cola,Size,100000,16,55
lista,DLL sin cola,Size,100000,17,54
lista,DLL sin cola,Size,100000,18,54
lista,DLL sin cola,Size,100000,19,55
lista,DLL sin cola,Size,100000,20,54
lista,DLL sin cola,Size,100000,21,56
lista,DLL sin cola,Size,100000,22,54
lista,DLL sin cola,Size,100000,23,54
lista,DLL sin cola,Size,100000,24,53
lista,DLL sin cola,Size,100000,25,54
lista,DLL sin cola,Size,100000,26,54
lista,DLL sin cola,Size,100000,27,54
lista,DLL sin cola,Size,100000,28,53
lista,DLL sin cola,Size,100000,29,55
lista,DLL sin cola,Size,100000,30,54
lista,DLL sin cola,Size,100000,31,55
lista,DLL sin cola,Size,100000,32,54
lista,DLL sin cola,Size,100000,33,53
lista,DLL sin cola,Size,100000,34,54
lista,DLL sin cola,Size,100000,35,53
lista,DLL sin cola,Size,100000,36,55
lista,DLL sin cola,Size,100000,37,54
lista,DLL sin cola,Size,100000,38,53
lista,DLL sin cola,Size,100000,39,54
lista,DLL sin cola,Size,100000,40,53
lista,DLL sin cola,Size,100000,41,54
lista,DLL sin cola,Size,100000,42,53
lista,DLL sin cola,Size,100000,43,53
lista,DLL sin cola,Size,100000,44,53
lista,DLL sin cola,Size,100000,45,53
lista,DLL sin cola,Size,100000,46,53
lista,DLL sin cola,Size,100000,47,53
lista,DLL sin cola,Size,100000,48,54
lista,DLL sin cola,Size,100000,49,54
lista,DLL con cola,PushFront,100000,0,41
lista,DLL con cola,PushFront,100000,1,61
lista,DLL con cola,PushFront,100000,2,38
lista,DLL con cola,PushFront,100000,3,39
lista,DLL con cola,PushFront,100000,4,40
lista,DLL con cola,PushFront,100000,5,39
lista,DLL con cola,PushFront,100000,6,39
lista,DLL con cola,PushFront,100000,7,39
lista,DLL con cola,PushFront,100000,8,39
lista,DLL con cola,PushFront,100000,9,39
lista,DLL con cola,PushFront,100000,10,39
lista,DLL con cola,PushFront,100000,11,39
lista,DLL con cola,PushFront,100000,12,38
lista,DLL con cola,PushFront,100000,13,40
lista,DLL con cola,PushFront,100000,14,38
lista,DLL con cola,PushFront,100000,15,40
lista,DLL con cola,PushFront,100000,16,39
lista,DLL con cola,PushFront,100000,17,39
lista,DLL con cola,PushFront,100000,18,38
lista,DLL con cola,PushFront,100000,19,40
lista,DLL con cola,PushFront,100000,20,38
lista,DLL con cola,PushFront,100000,21,40
lista,DLL con cola,PushFront,100000,22,38
lista,DLL con cola,PushFront,100000,23,39
lista,DLL con cola,PushFront,100000,24,40
lista,DLL con cola,PushFront,100000,25,39
lista,DLL con cola,PushFront,100000,26,40
lista,DLL con cola,PushFront,100000,27,39
lista,DLL con cola,PushFront,100000,28,39
lista,DLL con cola,PushFront,100000,29,38
lista,DLL con cola,PushFront,100000,30,39
lista,DLL con cola,PushFront,100000,31,53
lista,DLL con cola,PushFront,100000,32,38
lista,DLL con cola,PushFront,100000,33,37
lista,DLL con cola,PushFront,100000,34,38
lista,DLL con cola,PushFront,100000,35,38
lista,DLL con cola,PushFront,100000,36,38
lista,DLL con cola,PushFront,100000,37,37
lista,DLL con cola,PushFront,100000,38,40
lista,DLL con cola,PushFront,100000,39,53
lista,DLL con cola,PushFront,100000,40,39
lista,DLL con cola,PushFront,100000,41,39
lista,DLL con cola,PushFront,100000,42,39
lista,DLL con cola,PushFront,100000,43,40
lista,DLL con cola,PushFront,100000,44,39
lista,DLL con cola,PushFront,100000,45,39
lista,DLL con cola,PushFront,100000,46,39
lista,DLL con cola,PushFront,100000,47,54
lista,DLL con cola,PushFront,100000,48,37
lista,DLL con cola,PushFront,100000,49,38
lista,DLL con cola,PushBack,100000,0,46
lista,DLL con cola,PushBack,100000,1,47
lista,DLL con cola,PushBack,100000,2,47
lista,DLL con cola,PushBack,100000,3,47
lista,DLL con cola,PushBack,100000,4,47
lista,DLL con cola,PushBack,100000,5,45
lista,DLL con cola,PushBack,100000,6,48
lista,DLL con cola,PushBack,100000,7,47
lista,DLL con cola,PushBack,100000,8,48
lista,DLL con cola,PushBack,100000,9,48
lista,DLL con cola,PushBack,100000,10,47
lista,DLL con cola,PushBack,100000,11,46
lista,DLL con cola,PushBack,100000,12,47
lista,DLL con cola,PushBack,100000,13,48
lista,DLL con cola,PushBack,100000,14,48
lista,DLL con cola,PushBack,100000,15,47
lista,DLL con cola,PushBack,100000,16,48
lista,DLL con cola,PushBack,100000,17,46
lista,DLL con cola,PushBack,100000,18,47
lista,DLL con cola,PushBack,100000,19,45
lista,DLL con cola,PushBack,100000,20,48
lista,DLL con cola,PushBack,100000,21,49
lista,DLL con cola,PushBack,100000,22,48
lista,DLL con cola,PushBack,100000,23,47
lista,DLL con cola,PushBack,100000,24,48
lista,DLL con cola,PushBack,100000,25,47
lista,DLL con cola,PushBack,100000,26,47
lista,DLL con cola,PushBack,100000,27,47
lista,DLL con cola,PushBack,100000,28,46
lista,DLL con cola,PushBack,100000,29,47
lista,DLL con cola,PushBack,100000,30,48
lista,DLL con cola,PushBack,100000,31,50
lista,DLL con cola,PushBack,100000,32,48
lista,DLL con cola,PushBack,100000,33,47
lista,DLL con cola,PushBack,100000,34,47
lista,DLL con cola,PushBack,100000,35,48
lista,DLL con cola,PushBack,100000,36,45
lista,DLL con cola,PushBack,100000,37,46
lista,DLL con cola,PushBack,100000,38,47
lista,DLL con cola,PushBack,100000,39,48
lista,DLL con cola,PushBack,100000,40,48
lista,DLL con cola,PushBack,100000,41,48
lista,DLL con cola,PushBack,100000,42,47
lista,DLL con cola,PushBack,100000,43,47
lista,DLL con cola,PushBack,100000,44,46
lista,DLL con cola,PushBack,100000,45,47
lista,DLL con cola,PushBack,100000,46,46
lista,DLL con cola,PushBack,100000,47,47
lista,DLL con cola,PushBack,100000,48,48
lista,DLL con cola,PushBack,100000,49,48
lista,DLL con cola,PopFront,100000,0,58
lista,DLL con cola,PopFront,100000,1,64
lista,DLL con cola,PopFront,100000,2,57
lista,DLL con cola,PopFront,100000,3,53
lista,DLL con cola,PopFront,100000,4,59
lista,DLL con cola,PopFront,100000,5,70
lista,DLL con cola,PopFront,100000,6,69
lista,DLL con cola,PopFront,100000,7,69
lista,DLL con cola,PopFront,100000,8,70
lista,DLL con cola,PopFront,100000,9,57
lista,DLL con cola,PopFront,100000,10,53
lista,DLL con cola,PopFront,100000,11,70
lista,DLL con cola,PopFront,100000,12,64
lista,DLL con cola,PopFront,100000,13,73
lista,DLL con cola,PopFront,100000,14,54
lista,DLL con cola,PopFront,100000,15,60
lista,DLL con cola,PopFront,100000,16,56
lista,DLL con cola,PopFront,100000,17,58
lista,DLL con cola,PopFront,100000,18,71
lista,DLL con cola,PopFront,100000,19,50
lista,DLL con cola,PopFront,100000,20,54
lista,DLL con cola,PopFront,100000,21,55
lista,DLL con cola,PopFront,100000,22,56
lista,DLL con cola,PopFront,100000,23,60
lista,DLL con cola,PopFront,100000,24,53
lista,DLL con cola,PopFront,100000,25,51
lista,DLL con cola,PopFront,100000,26,60
lista,DLL con cola,PopFront,100000,27,57
lista,DLL con cola,PopFront,100000,28,74
lista,DLL con cola,PopFront,100000,29,100
lista,DLL con cola,PopFront,100000,30,86
lista,DLL con cola,PopFront,100000,31,56
lista,DLL con cola,PopFront,100000,32,62
lista,DLL con cola,PopFront,100000,33,53
lista,DLL con cola,PopFront,100000,34,64
lista,DLL con cola,PopFront,100000,35,58
lista,DLL con cola,PopFront,100000,36,73
lista,DLL con cola,PopFront,100000,37,65
lista,DLL con cola,PopFront,100000,38,65
lista,DLL con cola,PopFront,100000,39,71
lista,DLL con cola,PopFront,100000,40,66
lista,DLL con cola,PopFront,100000,41,58
lista,DLL con cola,PopFront,100000,42,68
lista,DLL con cola,PopFront,100000,43,66
lista,DLL con cola,PopFront,100000,44,58
lista,DLL con cola,PopFront,100000,45,52
lista,DLL con cola,PopFront,100000,46,64
lista,DLL con cola,PopFront,100000,47,60
lista,DLL con cola,PopFront,100000,48,55
lista,DLL con cola,PopFront,100000,49,53
lista,DLL con cola,PopBack,100000,0,49
lista,DLL con cola,PopBack,100000,1,72
lista,DLL con cola,PopBack,100000,2,48
lista,DLL con cola,PopBack,100000,3,49
lista,DLL con cola,PopBack,100000,4,48
lista,DLL con cola,PopBack,100000,5,48
lista,DLL con cola,PopBack,100000,6,48
lista,DLL con cola,PopBack,100000,7,48
lista,DLL con cola,PopBack,100000,8,49
lista,DLL con cola,PopBack,100000,9,48
lista,DLL con cola,PopBack,100000,10,48
lista,DLL con cola,PopBack,100000,11,48
lista,DLL con cola,PopBack,100000,12,48
lista,DLL con cola,PopBack,100000,13,49
lista,DLL con cola,PopBack,100000,14,49
lista,DLL con cola,PopBack,100000,15,49
lista,DLL con cola,PopBack,100000,16,49
lista,DLL con cola,PopBack,100000,17,48
lista,DLL con cola,PopBack,100000,18,48
lista,DLL con cola,PopBack,100000,19,48
lista,DLL con cola,PopBack,100000,20,48
lista,DLL con cola,PopBack,100000,21,49
lista,DLL con cola,PopBack,100000,22,49
lista,DLL con cola,PopBack,100000,23,50
lista,DLL con cola,PopBack,100000,24,50
lista,DLL con cola,PopBack,100000,25,49
lista,DLL con cola,PopBack,100000,26,50
lista,DLL con cola,PopBack,100000,27,49
lista,DLL con cola,PopBack,100000,28,49
lista,DLL con cola,PopBack,100000,29,50
lista,DLL con cola,PopBack,100000,30,50
lista,DLL con cola,PopBack,100000,31,50
lista,DLL con cola,PopBack,100000,32,50
lista,DLL con cola,PopBack,100000,33,49
lista,DLL con cola,PopBack,100000,34,49
lista,DLL con cola,PopBack,100000,35,49
lista,DLL con cola,PopBack,100000,36,49
lista,DLL con cola,PopBack,100000,37,50
lista,DLL con cola,PopBack,100000,38,50
lista,DLL con cola,PopBack,100000,39,49
lista,DLL con cola,PopBack,100000,40,49
lista,DLL con cola,PopBack,100000,41,49
lista,DLL con cola,PopBack,100000,42,49
lista,DLL con cola,PopBack,100000,43,49
lista,DLL con cola,PopBack,100000,44,49
lista,DLL con cola,PopBack,100000,45,50
lista,DLL con cola,PopBack,100000,46,49
lista,DLL con cola,PopBack,100000,47,50
lista,DLL con cola,PopBack,100000,48,50
lista,DLL con cola,PopBack,100000,49,49
lista,DLL con cola,TopFront,100000,0,53
lista,DLL con cola,TopFront,100000,1,51
lista,DLL con cola,TopFront,100000,2,51
lista,DLL con cola,TopFront,100000,3,52
lista,DLL con cola,TopFront,100000,4,53
lista,DLL con cola,TopFront,100000,5,54
lista,DLL con cola,TopFront,100000,6,53
lista,DLL con cola,TopFront,100000,7,52
lista,DLL con cola,TopFront,100000,8,52
lista,DLL con cola,TopFront,100000,9,50
lista,DLL con cola,TopFront,100000,10,50
lista,DLL con cola,TopFront,100000,11,50
lista,DLL con cola,TopFront,100000,12,52
lista,DLL con cola,TopFront,100000,13,53
lista,DLL con cola,TopFront,100000,14,51
lista,DLL con cola,TopFront,100000,15,52
lista,DLL con cola,TopFront,100000,16,52
lista,DLL con cola,TopFront,100000,17,53
lista,DLL con cola,TopFront,100000,18,51
lista,DLL con cola,TopFront,100000,19,52
lista,DLL con cola,TopFront,100000,20,51
lista,DLL con cola,TopFront,100000,21,53
lista,DLL con cola,TopFront,100000,22,53
lista,DLL con cola,TopFront,100000,23,52
lista,DLL con cola,TopFront,100000,24,52
lista,DLL con cola,TopFront,100000,25,51
lista,DLL con cola,TopFront,100000,26,53
lista,DLL con cola,TopFront,100000,27,53
lista,DLL con cola,TopFront,100000,28,52
lista,DLL con cola,TopFront,100000,29,51
lista,DLL con cola,TopFront,100000,30,52
lista,DLL con cola,TopFront,100000,31,53
lista,DLL con cola,TopFront,100000,32,53
lista,DLL con cola,TopFront,100000,33,51
lista,DLL con cola,TopFront,100000,34,52
lista,DLL con cola,TopFront,100000,35,51
lista,DLL con cola,TopFront,100000,36,53
lista,DLL con cola,TopFront,100000,37,53
lista,DLL con cola,TopFront,100000,38,51
lista,DLL con cola,TopFront,100000,39,52
lista,DLL con cola,TopFront,100000,40,52
lista,DLL con cola,TopFront,100000,41,52
lista,DLL con cola,TopFront,100000,42,52
lista,DLL con cola,TopFront,100000,43,52
lista,DLL con cola,TopFront,100000,44,51
lista,DLL con cola,TopFront,100000,45,52
lista,DLL con cola,TopFront,100000,46,53
lista,DLL con cola,TopFront,100000,47,53
lista,DLL con cola,TopFront,100000,48,52
lista,DLL con cola,TopFront,100000,49,51
lista,DLL con cola,TopBack,100000,0,51
lista,DLL con cola,TopBack,100000,1,71
lista,DLL con cola,TopBack,100000,2,52
lista,DLL con cola,TopBack,100000,3,52
lista,DLL con cola,TopBack,100000,4,53
lista,DLL con cola,TopBack,100000,5,52
lista,DLL con cola,TopBack,100000,6,51
lista,DLL con cola,TopBack,100000,7,51
lista,DLL con cola,TopBack,100000,8,51
lista,DLL con cola,TopBack,100000,9,52
lista,DLL con cola,TopBack,100000,10,52
lista,DLL con cola,TopBack,100000,11,51
lista,DLL con cola,TopBack,100000,12,52
lista,DLL con cola,TopBack,100000,13,51
lista,DLL con cola,TopBack,100000,14,52
lista,DLL con cola,TopBack,100000,15,55
lista,DLL con cola,TopBack,100000,16,52
lista,DLL con cola,TopBack,100000,17,52
lista,DLL con cola,TopBack,100000,18,51
lista,DLL con cola,TopBack,100000,19,54
lista,DLL con cola,TopBack,100000,20,52
lista,DLL con cola,TopBack,100000,21,52
lista,DLL con cola,TopBack,100000,22,53
lista,DLL con cola,TopBack,100000,23,51
lista,DLL con cola,TopBack,100000,24,51
lista,DLL con cola,TopBack,100000,25,52
lista,DLL con cola,TopBack,100000,26,54
lista,DLL con cola,TopBack,100000,27,53
lista,DLL con cola,TopBack,100000,28,51
lista,DLL con cola,TopBack,100000,29,52
lista,DLL con cola,TopBack,100000,30,51
lista,DLL con cola,TopBack,100000,31,52
lista,DLL con cola,TopBack,100000,32,52
lista,DLL con cola,TopBack,100000,33,51
lista,DLL con cola,TopBack,100000,34,52
lista,DLL con cola,TopBack,100000,35,51
lista,DLL con cola,TopBack,100000,36,52
lista,DLL con cola,TopBack,100000,37,53
lista,DLL con cola,TopBack,100000,38,51
lista,DLL con cola,TopBack,100000,39,52
lista,DLL con cola,TopBack,100000,40,51
lista,DLL con cola,TopBack,100000,41,54
lista,DLL con cola,TopBack,100000,42,53
lista,DLL con cola,TopBack,100000,43,51
lista,DLL con cola,TopBack,100000,44,51
lista,DLL con cola,TopBack,100000,45,52
lista,DLL con cola,TopBack,100000,46,52
lista,DLL con cola,TopBack,100000,47,53
lista,DLL con cola,TopBack,100000,48,52
lista,DLL con cola,TopBack,100000,49,52
lista,DLL con cola,Find,100000,0,425695
lista,DLL con cola,Find,100000,1,534678
lista,DLL con cola,Find,100000,2,427222
lista,DLL con cola,Find,100000,3,452645
lista,DLL con cola,Find,100000,4,435211
lista,DLL con cola,Find,100000,5,508687
lista,DLL con cola,Find,100000,6,439357
lista,DLL con cola,Find,100000,7,423088
lista,DLL con cola,Find,100000,8,464091
lista,DLL con cola,Find,100000,9,426061
lista,DLL con cola,Find,100000,10,484736
lista,DLL con cola,Find,100000,11,425135
lista,DLL con cola,Find,100000,12,451397
lista,DLL con cola,Find,100000,13,440543
lista,DLL con cola,Find,100000,14,486846
lista,DLL con cola,Find,100000,15,476836
lista,DLL con cola,Find,100000,16,453129
lista,DLL con cola,Find,100000,17,439149
lista,DLL con cola,Find,100000,18,423628
lista,DLL con cola,Find,100000,19,476015
lista,DLL con cola,Find,100000,20,451123
lista,DLL con cola,Find,100000,21,491042
lista,DLL con cola,Find,100000,22,427430
lista,DLL con cola,Find,100000,23,492186
lista,DLL con cola,Find,100000,24,429097
lista,DLL con cola,Find,100000,25,453718
lista,DLL con cola,Find,100000,26,440447
lista,DLL con cola,Find,100000,27,424957
lista,DLL con cola,Find,100000,28,464057
lista,DLL con cola,Find,100000,29,425359
lista,DLL con cola,Find,100000,30,483816
lista,DLL con cola,Find,100000,31,425184
lista,DLL con cola,Find,100000,32,496577
lista,DLL con cola,Find,100000,33,427505
lista,DLL con cola,Find,100000,34,448427
lista,DLL con cola,Find,100000,35,439781
lista,DLL con cola,Find,100000,36,450828
lista,DLL con cola,Find,100000,37,456073
lista,DLL con cola,Find,100000,38,445475
lista,DLL con cola,Find,100000,39,468222
lista,DLL con cola,Find,100000,40,424302
lista,DLL con cola,Find,100000,41,514711
lista,DLL con cola,Find,100000,42,423678
lista,DLL con cola,Find,100000,43,461047
lista,DLL con cola,Find,100000,44,426859
lista,DLL con cola,Find,100000,45,467784
lista,DLL con cola,Find,100000,46,452857
lista,DLL con cola,Find,100000,47,451293
lista,DLL con cola,Find,100000,48,469413
lista,DLL con cola,Find,100000,49,590404
lista,DLL con cola,Erase,100000,0,483579
lista,DLL con cola,Erase,100000,1,423852
lista,DLL con cola,Erase,100000,2,501155
lista,DLL con cola,Erase,100000,3,423379
lista,DLL con cola,Erase,100000,4,933742
lista,DLL con cola,Erase,100000,5,479857
lista,DLL con cola,Erase,100000,6,556177
lista,DLL con cola,Erase,100000,7,475513
lista,DLL con cola,Erase,100000,8,463238
lista,DLL con cola,Erase,100000,9,483893
lista,DLL con cola,Erase,100000,10,456343
lista,DLL con cola,Erase,100000,11,425682
lista,DLL con cola,Erase,100000,12,485421
lista,DLL con cola,Erase,100000,13,427937
lista,DLL con cola,Erase,100000,14,482990
lista,DLL con cola,Erase,100000,15,423347
lista,DLL con cola,Erase,100000,16,462462
lista,DLL con cola,Erase,100000,17,427722
lista,DLL con cola,Erase,100000,18,485836
lista,DLL con cola,Erase,100000,19,436215
lista,DLL con cola,Erase,100000,20,450849
lista,DLL con cola,Erase,100000,21,465216
lista,DLL con cola,Erase,100000,22,443619
lista,DLL con cola,Erase,100000,23,467689
lista,DLL con cola,Erase,100000,24,429575
lista,DLL con cola,Erase,100000,25,562653
lista,DLL con cola,Erase,100000,26,482415
lista,DLL con cola,Erase,100000,27,470007
lista,DLL con cola,Erase,100000,28,433379
lista,DLL con cola,Erase,100000,29,484219
lista,DLL con cola,Erase,100000,30,436778
lista,DLL con cola,Erase,100000,31,461138
lista,DLL con cola,Erase,100000,32,516430
lista,DLL con cola,Erase,100000,33,472906
lista,DLL con cola,Erase,100000,34,449125
lista,DLL con cola,Erase,100000,35,510758
lista,DLL con cola,Erase,100000,36,445569
lista,DLL con cola,Erase,100000,37,490192
lista,DLL con cola,Erase,100000,38,555458
lista,DLL con cola,Erase,100000,39,525427
lista,DLL con cola,Erase,100000,40,445822
lista,DLL con cola,Erase,100000,41,461308
lista,DLL con cola,Erase,100000,42,444516
lista,DLL con cola,Erase,100000,43,494048
lista,DLL con cola,Erase,100000,44,440662
lista,DLL con cola,Erase,100000,45,433953
lista,DLL con cola,Erase,100000,46,472311
lista,DLL con cola,Erase,100000,47,461374
lista,DLL con cola,Erase,100000,48,481123
lista,DLL con cola,Erase,100000,49,427473
lista,DLL con cola,AddBefore,100000,0,904
lista,DLL con cola,AddBefore,100000,1,963
lista,DLL con cola,AddBefore,100000,2,679
lista,DLL con cola,AddBefore,100000,3,342
lista,DLL con cola,AddBefore,100000,4,935
lista,DLL con cola,AddBefore,100000,5,549
lista,DLL con cola,AddBefore,100000,6,695
lista,DLL con cola,AddBefore,100000,7,569
lista,DLL con cola,AddBefore,100000,8,982
lista,DLL con cola,AddBefore,100000,9,582
lista,DLL con cola,AddBefore,100000,10,277
lista,DLL con cola,AddBefore,100000,11,1016
lista,DLL con cola,AddBefore,100000,12,964
lista,DLL con cola,AddBefore,100000,13,588
lista,DLL con cola,AddBefore,100000,14,331
lista,DLL con cola,AddBefore,100000,15,568
lista,DLL con cola,AddBefore,100000,16,358
lista,DLL con cola,AddBefore,100000,17,774
lista,DLL con cola,AddBefore,100000,18,564
lista,DLL con cola,AddBefore,100000,19,573
lista,DLL con cola,AddBefore,100000,20,559
lista,DLL con cola,AddBefore,100000,21,571
lista,DLL con cola,AddBefore,100000,22,540
lista,DLL con cola,AddBefore,100000,23,407
lista,DLL con cola,AddBefore,100000,24,571
lista,DLL con cola,AddBefore,100000,25,365
lista,DLL con cola,AddBefore,100000,26,566
lista,DLL con cola,AddBefore,100000,27,400
lista,DLL con cola,AddBefore,100000,28,577
lista,DLL con cola,AddBefore,100000,29,555
lista,DLL con cola,AddBefore,100000,30,783
lista,DLL con cola,AddBefore,100000,31,554
lista,DLL con cola,AddBefore,100000,32,326
lista,DLL con cola,AddBefore,100000,33,576
lista,DLL con cola,AddBefore,100000,34,381
lista,DLL con cola,AddBefore,100000,35,569
lista,DLL con cola,AddBefore,100000,36,324
lista,DLL con cola,AddBefore,100000,37,567
lista,DLL con cola,AddBefore,100000,38,604
lista,DLL con cola,AddBefore,100000,39,570
lista,DLL con cola,AddBefore,100000,40,574
lista,DLL con cola,AddBefore,100000,41,552
lista,DLL con cola,AddBefore,100000,42,579
lista,DLL con cola,AddBefore,100000,43,487
lista,DLL con cola,AddBefore,100000,44,569
lista,DLL con cola,AddBefore,100000,45,377
lista,DLL con cola,AddBefore,100000,46,1091
lista,DLL con cola,AddBefore,100000,47,569
lista,DLL con cola,AddBefore,100000,48,583
lista,DLL con cola,AddBefore,100000,49,923
lista,DLL con cola,AddAfter,100000,0,2235
lista,DLL con cola,AddAfter,100000,1,3095
lista,DLL con cola,AddAfter,100000,2,2619
lista,DLL con cola,AddAfter,100000,3,2118
lista,DLL con cola,AddAfter,100000,4,2660
lista,DLL con cola,AddAfter,100000,5,2241
lista,DLL con cola,AddAfter,100000,6,3257
lista,DLL con cola,AddAfter,100000,7,2106
lista,DLL con cola,AddAfter,100000,8,3444
lista,DLL con cola,AddAfter,100000,9,2362
lista,DLL con cola,AddAfter,100000,10,24703
lista,DLL con cola,AddAfter,100000,11,2927
lista,DLL con cola,AddAfter,100000,12,986
lista,DLL con cola,AddAfter,100000,13,3032
lista,DLL con cola,AddAfter,100000,14,1412
lista,DLL con cola,AddAfter,100000,15,2752
lista,DLL con cola,AddAfter,100000,16,1061
lista,DLL con cola,AddAfter,100000,17,2852
lista,DLL con cola,AddAfter,100000,18,2060
lista,DLL con cola,AddAfter,100000,19,2641
lista,DLL con cola,AddAfter,100000,20,3262
lista,DLL con cola,AddAfter,100000,21,2832
lista,DLL con cola,AddAfter,100000,22,2122
lista,DLL con cola,AddAfter,100000,23,2558
lista,DLL con cola,AddAfter,100000,24,2226
lista,DLL con cola,AddAfter,100000,25,2603
lista,DLL con cola,AddAfter,100000,26,2505
lista,DLL con cola,AddAfter,100000,27,844
lista,DLL con cola,AddAfter,100000,28,4124
lista,DLL con cola,AddAfter,100000,29,3528
lista,DLL con cola,AddAfter,100000,30,2307
lista,DLL con cola,AddAfter,100000,31,739
lista,DLL con cola,AddAfter,100000,32,2264
lista,DLL con cola,AddAfter,100000,33,1530
lista,DLL con cola,AddAfter,100000,34,4042
lista,DLL con cola,AddAfter,100000,35,3670
lista,DLL con cola,AddAfter,100000,36,2254
lista,DLL con cola,AddAfter,100000,37,1065
lista,DLL con cola,AddAfter,100000,38,2307
lista,DLL con cola,AddAfter,100000,39,2218
lista,DLL con cola,AddAfter,100000,40,2921
lista,DLL con cola,AddAfter,100000,41,2173
lista,DLL con cola,AddAfter,100000,42,4003
lista,DLL con cola,AddAfter,100000,43,2021
lista,DLL con cola,AddAfter,100000,44,3554
lista,DLL con cola,AddAfter,100000,45,2180
lista,DLL con cola,AddAfter,100000,46,2789
lista,DLL con cola,AddAfter,100000,47,2106
lista,DLL con cola,AddAfter,100000,48,3234
lista,DLL con cola,AddAfter,100000,49,2426
lista,DLL con cola,Empty,100000,0,52
lista,DLL con cola,Empty,100000,1,52
lista,DLL con cola,Empty,100000,2,52
lista,DLL con cola,Empty,100000,3,52
lista,DLL con cola,Empty,100000,4,51
lista,DLL con cola,Empty,100000,5,52
lista,DLL con cola,Empty,100000,6,51
lista,DLL con cola,Empty,100000,7,55
lista,DLL con cola,Empty,100000,8,52
lista,DLL con cola,Empty,100000,9,52
lista,DLL con cola,Empty,100000,10,50
lista,DLL con cola,Empty,100000,11,52
lista,DLL con cola,Empty,100000,12,53
lista,DLL con cola,Empty,100000,13,53
lista,DLL con cola,Empty,100000,14,53
lista,DLL con cola,Empty,100000,15,51
lista,DLL con cola,Empty,100000,16,52
lista,DLL con cola,Empty,100000,17,52
lista,DLL con cola,Empty,100000,18,52
lista,DLL con cola,Empty,100000,19,53
lista,DLL con cola,Empty,100000,20,52
lista,DLL con cola,Empty,100000,21,52
lista,DLL con cola,Empty,100000,22,52
lista,DLL con cola,Empty,100000,23,52
lista,DLL con cola,Empty,100000,24,52
lista,DLL con cola,Empty,100000,25,53
lista,DLL con cola,Empty,100000,26,53
lista,DLL con cola,Empty,100000,27,52
lista,DLL con cola,Empty,100000,28,52
lista,DLL con cola,Empty,100000,29,52
lista,DLL con cola,Empty,100000,30,53
lista,DLL con cola,Empty,100000,31,53
lista,DLL con cola,Empty,100000,32,52
lista,DLL con cola,Empty,100000,33,52
lista,DLL con cola,Empty,100000,34,52
lista,DLL con cola,Empty,100000,35,53
lista,DLL con cola,Empty,100000,36,53
lista,DLL con cola,Empty,100000,37,52
lista,DLL con cola,Empty,100000,38,52
lista,DLL con cola,Empty,100000,39,52
lista,DLL con cola,Empty,100000,40,52
lista,DLL con cola,Empty,100000,41,53
lista,DLL con cola,Empty,100000,42,53
lista,DLL con cola,Empty,100000,43,52
lista,DLL con cola,Empty,100000,44,52
lista,DLL con cola,Empty,100000,45,52
lista,DLL con cola,Empty,100000,46,53
lista,DLL con cola,Empty,100000,47,54
lista,DLL con cola,Empty,100000,48,52
lista,DLL con cola,Empty,100000,49,52
lista,DLL con cola,Size,100000,0,53
lista,DLL con cola,Size,100000,1,69
lista,DLL con cola,Size,100000,2,52
lista,DLL con cola,Size,100000,3,53
lista,DLL con cola,Size,100000,4,53
lista,DLL con cola,Size,100000,5,53
lista,DLL con cola,Size,100000,6,53
lista,DLL con cola,Size,100000,7,55
lista,DLL con cola,Size,100000,8,54
lista,DLL con cola,Size,100000,9,53
lista,DLL con cola,Size,100000,10,53
lista,DLL con cola,Size,100000,11,53
lista,DLL con cola,Size,100000,12,53
lista,DLL con cola,Size,100000,13,52
lista,DLL con cola,Size,100000,14,52
lista,DLL con cola,Size,100000,15,54
lista,DLL con cola,Size,100000,16,54
lista,DLL con cola,Size,100000,17,54
lista,DLL con cola,Size,100000,18,53
lista,DLL con cola,Size,100000,19,53
lista,DLL con cola,Size,100000,20,56
lista,DLL con cola,Size,100000,21,52
lista,DLL con cola,Size,100000,22,53
lista,DLL con cola,Size,100000,23,53
lista,DLL con cola,Size,100000,24,52
lista,DLL con cola,Size,100000,25,53
lista,DLL con cola,Size,100000,26,53
lista,DLL con cola,Size,100000,27,54
lista,DLL con cola,Size,100000,28,53
lista,DLL con cola,Size,100000,29,52
lista,DLL con cola,Size,100000,30,53
lista,DLL con cola,Size,100000,31,53
lista,DLL con cola,Size,100000,32,53
lista,DLL con cola,Size,100000,33,53
lista,DLL con cola,Size,100000,34,54
lista,DLL con cola,Size,100000,35,54
lista,DLL con cola,Size,100000,36,54
lista,DLL con cola,Size,100000,37,52
lista,DLL con cola,Size,100000,38,53
lista,DLL con cola,Size,100000,39,53
lista,DLL con cola,Size,100000,40,53
lista,DLL con cola,Size,100000,41,52
lista,DLL con cola,Size,100000,42,52
lista,DLL con cola,Size,100000,43,53
lista,DLL con cola,Size,100000,44,54
lista,DLL con cola,Size,100000,45,54
lista,DLL con cola,Size,100000,46,53
lista,DLL con cola,Size,100000,47,53
lista,DLL con cola,Size,100000,48,53
lista,DLL con cola,Size,100000,49,53
pilacola,ArrayStack,Push,100000,0,42
pilacola,ArrayStack,Push,100000,1,42
pilacola,ArrayStack,Push,100000,2,41
pilacola,ArrayStack,Push,100000,3,42
pilacola,ArrayStack,Push,100000,4,43
pilacola,ArrayStack,Push,100000,5,42
pilacola,ArrayStack,Push,100000,6,43
pilacola,ArrayStack,Push,100000,7,43
pilacola,ArrayStack,Push,100000,8,42
pilacola,ArrayStack,Push,100000,9,43
pilacola,ArrayStack,Push,100000,10,44
pilacola,ArrayStack,Push,100000,11,43
pilacola,ArrayStack,Push,100000,12,43
pilacola,ArrayStack,Push,100000,13,42
pilacola,ArrayStack,Push,100000,14,43
pilacola,ArrayStack,Push,100000,15,43
pilacola,ArrayStack,Push,100000,16,42
pilacola,ArrayStack,Push,100000,17,44
pilacola,ArrayStack,Push,100000,18,43
pilacola,ArrayStack,Push,100000,19,44
pilacola,ArrayStack,Push,100000,20,42
pilacola,ArrayStack,Push,100000,21,43
pilacola,ArrayStack,Push,100000,22,43
pilacola,ArrayStack,Push,100000,23,43
pilacola,ArrayStack,Push,100000,24,44
pilacola,ArrayStack,Push,100000,25,43
pilacola,ArrayStack,Push,100000,26,43
pilacola,ArrayStack,Push,100000,27,44
pilacola,ArrayStack,Push,100000,28,43
pilacola,ArrayStack,Push,100000,29,44
pilacola,ArrayStack,Push,100000,30,42
pilacola,ArrayStack,Push,100000,31,43
pilacola,ArrayStack,Push,100000,32,43
pilacola,ArrayStack,Push,100000,33,43
pilacola,ArrayStack,Push,100000,34,44
pilacola,ArrayStack,Push,100000,35,44
pilacola,ArrayStack,Push,100000,36,42
pilacola,ArrayStack,Push,100000,37,43
pilacola,ArrayStack,Push,100000,38,44
pilacola,ArrayStack,Push,100000,39,44
pilacola,ArrayStack,Push,100000,40,43
pilacola,ArrayStack,Push,100000,41,43
pilacola,ArrayStack,Push,100000,42,43
pilacola,ArrayStack,Push,100000,43,41
pilacola,ArrayStack,Push,100000,44,43
pilacola,ArrayStack,Push,100000,45,43
pilacola,ArrayStack,Push,100000,46,43
pilacola,ArrayStack,Push,100000,47,43
pilacola,ArrayStack,Push,100000,48,43
pilacola,ArrayStack,Push,100000,49,44
pilacola,ArrayStack,Pop,100000,0,46
pilacola,ArrayStack,Pop,100000,1,46
pilacola,ArrayStack,Pop,100000,2,47
pilacola,ArrayStack,Pop,100000,3,47
pilacola,ArrayStack,Pop,100000,4,47
pilacola,ArrayStack,Pop,100000,5,45
pilacola,ArrayStack,Pop,100000,6,46
pilacola,ArrayStack,Pop,100000,7,49
pilacola,ArrayStack,Pop,100000,8,49
pilacola,ArrayStack,Pop,100000,9,47
pilacola,ArrayStack,Pop,100000,10,47
pilacola,ArrayStack,Pop,100000,11,48
pilacola,ArrayStack,Pop,100000,12,46
pilacola,ArrayStack,Pop,100000,13,46
pilacola,ArrayStack,Pop,100000,14,48
pilacola,ArrayStack,Pop,100000,15,46
pilacola,ArrayStack,Pop,100000,16,47
pilacola,ArrayStack,Pop,100000,17,46
pilacola,ArrayStack,Pop,100000,18,47
pilacola,ArrayStack,Pop,100000,19,48
pilacola,ArrayStack,Pop,100000,20,45
pilacola,ArrayStack,Pop,100000,21,47
pilacola,ArrayStack,Pop,100000,22,47
pilacola,ArrayStack,Pop,100000,23,46
pilacola,ArrayStack,Pop,100000,24,47
pilacola,ArrayStack,Pop,100000,25,48
pilacola,ArrayStack,Pop,100000,26,49
pilacola,ArrayStack,Pop,100000,27,47
pilacola,ArrayStack,Pop,100000,28,48
pilacola,ArrayStack,Pop,100000,29,47
pilacola,ArrayStack,Pop,100000,30,45
pilacola,ArrayStack,Pop,100000,31,48
pilacola,ArrayStack,Pop,100000,32,46
pilacola,ArrayStack,Pop,100000,33,47
pilacola,ArrayStack,Pop,100000,34,46
pilacola,ArrayStack,Pop,100000,35,46
pilacola,ArrayStack,Pop,100000,36,50
pilacola,ArrayStack,Pop,100000,37,49
pilacola,ArrayStack,Pop,100000,38,46
pilacola,ArrayStack,Pop,100000,39,45
pilacola,ArrayStack,Pop,100000,40,46
pilacola,ArrayStack,Pop,100000,41,46
pilacola,ArrayStack,Pop,100000,42,47
pilacola,ArrayStack,Pop,100000,43,49
pilacola,ArrayStack,Pop,100000,44,50
pilacola,ArrayStack,Pop,100000,45,45
pilacola,ArrayStack,Pop,100000,46,48
pilacola,ArrayStack,Pop,100000,47,46
pilacola,ArrayStack,Pop,100000,48,48
pilacola,ArrayStack,Pop,100000,49,46
pilacola,ArrayStack,Peek,100000,0,52
pilacola,ArrayStack,Peek,100000,1,68
pilacola,ArrayStack,Peek,100000,2,53
pilacola,ArrayStack,Peek,100000,3,54
pilacola,ArrayStack,Peek,100000,4,52
pilacola,ArrayStack,Peek,100000,5,52
pilacola,ArrayStack,Peek,100000,6,52
pilacola,ArrayStack,Peek,100000,7,53
pilacola,ArrayStack,Peek,100000,8,53
pilacola,ArrayStack,Peek,100000,9,53
pilacola,ArrayStack,Peek,100000,10,54
pilacola,ArrayStack,Peek,100000,11,53
pilacola,ArrayStack,Peek,100000,12,52
pilacola,ArrayStack,Peek,100000,13,53
pilacola,ArrayStack,Peek,100000,14,52
pilacola,ArrayStack,Peek,100000,15,54
pilacola,ArrayStack,Peek,100000,16,53
pilacola,ArrayStack,Peek,100000,17,53
pilacola,ArrayStack,Peek,100000,18,52
pilacola,ArrayStack,Peek,100000,19,52
pilacola,ArrayStack,Peek,100000,20,52
pilacola,ArrayStack,Peek,100000,21,53
pilacola,ArrayStack,Peek,100000,22,54
pilacola,ArrayStack,Peek,100000,23,52
pilacola,ArrayStack,Peek,100000,24,52
pilacola,ArrayStack,Peek,100000,25,52
pilacola,ArrayStack,Peek,100000,26,53
pilacola,ArrayStack,Peek,100000,27,53
pilacola,ArrayStack,Peek,100000,28,52
pilacola,ArrayStack,Peek,100000,29,52
pilacola,ArrayStack,Peek,100000,30,52
pilacola,ArrayStack,Peek,100000,31,52
pilacola,ArrayStack,Peek,100000,32,53
pilacola,ArrayStack,Peek,100000,33,54
pilacola,ArrayStack,Peek,100000,34,52
pilacola,ArrayStack,Peek,100000,35,52
pilacola,ArrayStack,Peek,100000,36,52
pilacola,ArrayStack,Peek,100000,37,53
pilacola,ArrayStack,Peek,100000,38,53
pilacola,ArrayStack,Peek,100000,39,52
pilacola,ArrayStack,Peek,100000,40,52
pilacola,ArrayStack,Peek,100000,41,52
pilacola,ArrayStack,Peek,100000,42,52
pilacola,ArrayStack,Peek,100000,43,53
pilacola,ArrayStack,Peek,100000,44,53
pilacola,ArrayStack,Peek,100000,45,52
pilacola,ArrayStack,Peek,100000,46,52
pilacola,ArrayStack,Peek,100000,47,52
pilacola,ArrayStack,Peek,100000,48,53
pilacola,ArrayStack,Peek,100000,49,53
pilacola,ArrayStack,IsEmpty,100000,0,50
pilacola,ArrayStack,IsEmpty,100000,1,65
pilacola,ArrayStack,IsEmpty,100000,2,51
pilacola,ArrayStack,IsEmpty,100000,3,52
pilacola,ArrayStack,IsEmpty,100000,4,52
pilacola,ArrayStack,IsEmpty,100000,5,52
pilacola,ArrayStack,IsEmpty,100000,6,50
pilacola,ArrayStack,IsEmpty,100000,7,50
pilacola,ArrayStack,IsEmpty,100000,8,51
pilacola,ArrayStack,IsEmpty,100000,9,52
pilacola,ArrayStack,IsEmpty,100000,10,50
pilacola,ArrayStack,IsEmpty,100000,11,50
pilacola,ArrayStack,IsEmpty,100000,12,51
pilacola,ArrayStack,IsEmpty,100000,13,51
pilacola,ArrayStack,IsEmpty,100000,14,51
pilacola,ArrayStack,IsEmpty,100000,15,51
pilacola,ArrayStack,IsEmpty,100000,16,49
pilacola,ArrayStack,IsEmpty,100000,17,52
pilacola,ArrayStack,IsEmpty,100000,18,51
pilacola,ArrayStack,IsEmpty,100000,19,50
pilacola,ArrayStack,IsEmpty,100000,20,49
pilacola,ArrayStack,IsEmpty,100000,21,51
pilacola,ArrayStack,IsEmpty,100000,22,52
pilacola,ArrayStack,IsEmpty,100000,23,51
pilacola,ArrayStack,IsEmpty,100000,24,50
pilacola,ArrayStack,IsEmpty,100000,25,52
pilacola,ArrayStack,IsEmpty,100000,26,51
pilacola,ArrayStack,IsEmpty,100000,27,51
pilacola,ArrayStack,IsEmpty,100000,28,51
pilacola,ArrayStack,IsEmpty,100000,29,51
pilacola,ArrayStack,IsEmpty,100000,30,51
pilacola,ArrayStack,IsEmpty,100000,31,49
pilacola,ArrayStack,IsEmpty,100000,32,50
pilacola,ArrayStack,IsEmpty,100000,33,51
pilacola,ArrayStack,IsEmpty,100000,34,51
pilacola,ArrayStack,IsEmpty,100000,35,51
pilacola,ArrayStack,IsEmpty,100000,36,51
pilacola,ArrayStack,IsEmpty,100000,37,50
pilacola,ArrayStack,IsEmpty,100000,38,52
pilacola,ArrayStack,IsEmpty,100000,39,51
pilacola,ArrayStack,IsEmpty,100000,40,51
pilacola,ArrayStack,IsEmpty,100000,41,51
pilacola,ArrayStack,IsEmpty,100000,42,52
pilacola,ArrayStack,IsEmpty,100000,43,51
pilacola,ArrayStack,IsEmpty,100000,44,50
pilacola,ArrayStack,IsEmpty,100000,45,51
pilacola,ArrayStack,IsEmpty,100000,46,51
pilacola,ArrayStack,IsEmpty,100000,47,52
pilacola,ArrayStack,IsEmpty,100000,48,50
pilacola,ArrayStack,IsEmpty,100000,49,51
pilacola,ArrayStack,Size,100000,0,51
pilacola,ArrayStack,Size,100000,1,64
pilacola,ArrayStack,Size,100000,2,51
pilacola,ArrayStack,Size,100000,3,51
pilacola,ArrayStack,Size,100000,4,52
pilacola,ArrayStack,Size,100000,5,53
pilacola,ArrayStack,Size,100000,6,52
pilacola,ArrayStack,Size,100000,7,50
pilacola,ArrayStack,Size,100000,8,52
pilacola,ArrayStack,Size,100000,9,52
pilacola,ArrayStack,Size,100000,10,53
pilacola,ArrayStack,Size,100000,11,52
pilacola,ArrayStack,Size,100000,12,54
pilacola,ArrayStack,Size,100000,13,52
pilacola,ArrayStack,Size,100000,14,52
pilacola,ArrayStack,Size,100000,15,53
pilacola,ArrayStack,Size,100000,16,52
pilacola,ArrayStack,Size,100000,17,52
pilacola,ArrayStack,Size,100000,18,51
pilacola,ArrayStack,Size,100000,19,53
pilacola,ArrayStack,Size,100000,20,54
pilacola,ArrayStack,Size,100000,21,50
pilacola,ArrayStack,Size,100000,22,51
pilacola,ArrayStack,Size,100000,23,52
pilacola,ArrayStack,Size,100000,24,52
pilacola,ArrayStack,Size,100000,25,53
pilacola,ArrayStack,Size,100000,26,50
pilacola,ArrayStack,Size,100000,27,52
pilacola,ArrayStack,Size,100000,28,50
pilacola,ArrayStack,Size,100000,29,51
pilacola,ArrayStack,Size,100000,30,53
pilacola,ArrayStack,Size,100000,31,51
pilacola,ArrayStack,Size,100000,32,50
pilacola,ArrayStack,Size,100000,33,52
pilacola,ArrayStack,Size,100000,34,53
pilacola,ArrayStack,Size,100000,35,52
pilacola,ArrayStack,Size,100000,36,51
pilacola,ArrayStack,Size,100000,37,52
pilacola,ArrayStack,Size,100000,38,51
pilacola,ArrayStack,Size,100000,39,52
pilacola,ArrayStack,Size,100000,40,52
pilacola,ArrayStack,Size,100000,41,52
pilacola,ArrayStack,Size,100000,42,51
pilacola,ArrayStack,Size,100000,43,52
pilacola,ArrayStack,Size,100000,44,53
pilacola,ArrayStack,Size,100000,45,52
pilacola,ArrayStack,Size,100000,46,52
pilacola,ArrayStack,Size,100000,47,52
pilacola,ArrayStack,Size,100000,48,52
pilacola,ArrayStack,Size,100000,49,52
pilacola,ArrayStack,Delete,100000,0,456662
pilacola,ArrayStack,Delete,100000,1,419609
pilacola,ArrayStack,Delete,100000,2,429277
pilacola,ArrayStack,Delete,100000,3,416114
pilacola,ArrayStack,Delete,100000,4,428943
pilacola,ArrayStack,Delete,100000,5,413396
pilacola,ArrayStack,Delete,100000,6,583886
pilacola,ArrayStack,Delete,100000,7,406693
pilacola,ArrayStack,Delete,100000,8,412611
pilacola,ArrayStack,Delete,100000,9,428601
pilacola,ArrayStack,Delete,100000,10,416297
pilacola,ArrayStack,Delete,100000,11,456994
pilacola,ArrayStack,Delete,100000,12,413469
pilacola,ArrayStack,Delete,100000,13,450578
pilacola,ArrayStack,Delete,100000,14,413306
pilacola,ArrayStack,Delete,100000,15,454753
pilacola,ArrayStack,Delete,100000,16,408967
pilacola,ArrayStack,Delete,100000,17,441186
pilacola,ArrayStack,Delete,100000,18,406341
pilacola,ArrayStack,Delete,100000,19,439944
pilacola,ArrayStack,Delete,100000,20,405673
pilacola,ArrayStack,Delete,100000,21,432478
pilacola,ArrayStack,Delete,100000,22,405581
pilacola,ArrayStack,Delete,100000,23,770348
pilacola,ArrayStack,Delete,100000,24,725820
pilacola,ArrayStack,Delete,100000,25,767371
pilacola,ArrayStack,Delete,100000,26,2784481
pilacola,ArrayStack,Delete,100000,27,467324
pilacola,ArrayStack,Delete,100000,28,405743
pilacola,ArrayStack,Delete,100000,29,444222
pilacola,ArrayStack,Delete,100000,30,422514
pilacola,ArrayStack,Delete,100000,31,502234
pilacola,ArrayStack,Delete,100000,32,410406
pilacola,ArrayStack,Delete,100000,33,443237
pilacola,ArrayStack,Delete,100000,34,405813
pilacola,ArrayStack,Delete,100000,35,421432
pilacola,ArrayStack,Delete,100000,36,496489
pilacola,ArrayStack,Delete,100000,37,417281
pilacola,ArrayStack,Delete,100000,38,477846
pilacola,ArrayStack,Delete,100000,39,640825
pilacola,ArrayStack,Delete,100000,40,414778
pilacola,ArrayStack,Delete,100000,41,534725
pilacola,ArrayStack,Delete,100000,42,412676
pilacola,ArrayStack,Delete,100000,43,552791
pilacola,ArrayStack,Delete,100000,44,434977
pilacola,ArrayStack,Delete,100000,45,2567539
pilacola,ArrayStack,Delete,100000,46,624908
pilacola,ArrayStack,Delete,100000,47,695723
pilacola,ArrayStack,Delete,100000,48,628826
pilacola,ArrayStack,Delete,100000,49,711820
pilacola,ArrayQueue,Enqueue,100000,0,47
pilacola,ArrayQueue,Enqueue,100000,1,146
pilacola,ArrayQueue,Enqueue,100000,2,60
pilacola,ArrayQueue,Enqueue,100000,3,54
pilacola,ArrayQueue,Enqueue,100000,4,43
pilacola,ArrayQueue,Enqueue,100000,5,56
pilacola,ArrayQueue,Enqueue,100000,6,54
pilacola,ArrayQueue,Enqueue,100000,7,53
pilacola,ArrayQueue,Enqueue,100000,8,44
pilacola,ArrayQueue,Enqueue,100000,9,50
pilacola,ArrayQueue,Enqueue,100000,10,65
pilacola,ArrayQueue,Enqueue,100000,11,54
pilacola,ArrayQueue,Enqueue,100000,12,62
pilacola,ArrayQueue,Enqueue,100000,13,57
pilacola,ArrayQueue,Enqueue,100000,14,57
pilacola,ArrayQueue,Enqueue,100000,15,66
pilacola,ArrayQueue,Enqueue,100000,16,51
pilacola,ArrayQueue,Enqueue,100000,17,56
pilacola,ArrayQueue,Enqueue,100000,18,58
pilacola,ArrayQueue,Enqueue,100000,19,54
pilacola,ArrayQueue,Enqueue,100000,20,51
pilacola,ArrayQueue,Enqueue,100000,21,55
pilacola,ArrayQueue,Enqueue,100000,22,57
pilacola,ArrayQueue,Enqueue,100000,23,59
pilacola,ArrayQueue,Enqueue,100000,24,59
pilacola,ArrayQueue,Enqueue,100000,25,58
pilacola,ArrayQueue,Enqueue,100000,26,53
pilacola,ArrayQueue,Enqueue,100000,27,52
pilacola,ArrayQueue,Enqueue,100000,28,54
pilacola,ArrayQueue,Enqueue,100000,29,57
pilacola,ArrayQueue,Enqueue,100000,30,54
pilacola,ArrayQueue,Enqueue,100000,31,52
pilacola,ArrayQueue,Enqueue,100000,32,53
pilacola,ArrayQueue,Enqueue,100000,33,59
pilacola,ArrayQueue,Enqueue,100000,34,53
pilacola,ArrayQueue,Enqueue,100000,35,58
pilacola,ArrayQueue,Enqueue,100000,36,60
pilacola,ArrayQueue,Enqueue,100000,37,56
pilacola,ArrayQueue,Enqueue,100000,38,44
pilacola,ArrayQueue,Enqueue,100000,39,53
pilacola,ArrayQueue,Enqueue,100000,40,54
pilacola,ArrayQueue,Enqueue,100000,41,49
pilacola,ArrayQueue,Enqueue,100000,42,57
pilacola,ArrayQueue,Enqueue,100000,43,54
pilacola,ArrayQueue,Enqueue,100000,44,59
pilacola,ArrayQueue,Enqueue,100000,45,54
pilacola,ArrayQueue,Enqueue,100000,46,60
pilacola,ArrayQueue,Enqueue,100000,47,54
pilacola,ArrayQueue,Enqueue,100000,48,52
pilacola,ArrayQueue,Enqueue,100000,49,53
pilacola,ArrayQueue,Dequeue,100000,0,47
pilacola,ArrayQueue,Dequeue,100000,1,51
pilacola,ArrayQueue,Dequeue,100000,2,49
pilacola,ArrayQueue,Dequeue,100000,3,149
pilacola,ArrayQueue,Dequeue,100000,4,61
pilacola,ArrayQueue,Dequeue,100000,5,188
pilacola,ArrayQueue,Dequeue,100000,6,53
pilacola,ArrayQueue,Dequeue,100000,7,47
pilacola,ArrayQueue,Dequeue,100000,8,53
pilacola,ArrayQueue,Dequeue,100000,9,56
pilacola,ArrayQueue,Dequeue,100000,10,88
pilacola,ArrayQueue,Dequeue,100000,11,57
pilacola,ArrayQueue,Dequeue,100000,12,53
pilacola,ArrayQueue,Dequeue,100000,13,63
pilacola,ArrayQueue,Dequeue,100000,14,49
pilacola,ArrayQueue,Dequeue,100000,15,57
pilacola,ArrayQueue,Dequeue,100000,16,57
pilacola,ArrayQueue,Dequeue,100000,17,53
pilacola,ArrayQueue,Dequeue,100000,18,57
pilacola,ArrayQueue,Dequeue,100000,19,57
pilacola,ArrayQueue,Dequeue,100000,20,53
pilacola,ArrayQueue,Dequeue,100000,21,49
pilacola,ArrayQueue,Dequeue,100000,22,59
pilacola,ArrayQueue,Dequeue,100000,23,56
pilacola,ArrayQueue,Dequeue,100000,24,51
pilacola,ArrayQueue,Dequeue,100000,25,53
pilacola,ArrayQueue,Dequeue,100000,26,55
pilacola,ArrayQueue,Dequeue,100000,27,52
pilacola,ArrayQueue,Dequeue,100000,28,51
pilacola,ArrayQueue,Dequeue,100000,29,48
pilacola,ArrayQueue,Dequeue,100000,30,47
pilacola,ArrayQueue,Dequeue,100000,31,49
pilacola,ArrayQueue,Dequeue,100000,32,45
pilacola,ArrayQueue,Dequeue,100000,33,45
pilacola,ArrayQueue,Dequeue,100000,34,46
pilacola,ArrayQueue,Dequeue,100000,35,46
pilacola,ArrayQueue,Dequeue,100000,36,43
pilacola,ArrayQueue,Dequeue,100000,37,45
pilacola,ArrayQueue,Dequeue,100000,38,46
pilacola,ArrayQueue,Dequeue,100000,39,46
pilacola,ArrayQueue,Dequeue,100000,40,51
pilacola,ArrayQueue,Dequeue,100000,41,42
pilacola,ArrayQueue,Dequeue,100000,42,46
pilacola,ArrayQueue,Dequeue,100000,43,44
pilacola,ArrayQueue,Dequeue,100000,44,48
pilacola,ArrayQueue,Dequeue,100000,45,47
pilacola,ArrayQueue,Dequeue,100000,46,49
pilacola,ArrayQueue,Dequeue,100000,47,57
pilacola,ArrayQueue,Dequeue,100000,48,61
pilacola,ArrayQueue,Dequeue,100000,49,51
pilacola,ArrayQueue,Front,100000,0,63
pilacola,ArrayQueue,Front,100000,1,62
pilacola,ArrayQueue,Front,100000,2,61
pilacola,ArrayQueue,Front,100000,3,61
pilacola,ArrayQueue,Front,100000,4,58
pilacola,ArrayQueue,Front,100000,5,55
pilacola,ArrayQueue,Front,100000,6,75
pilacola,ArrayQueue,Front,100000,7,59
pilacola,ArrayQueue,Front,100000,8,66
pilacola,ArrayQueue,Front,100000,9,62
pilacola,ArrayQueue,Front,100000,10,62
pilacola,ArrayQueue,Front,100000,11,61
pilacola,ArrayQueue,Front,100000,12,59
pilacola,ArrayQueue,Front,100000,13,60
pilacola,ArrayQueue,Front,100000,14,63
pilacola,ArrayQueue,Front,100000,15,71
pilacola,ArrayQueue,Front,100000,16,52
pilacola,ArrayQueue,Front,100000,17,56
pilacola,ArrayQueue,Front,100000,18,51
pilacola,ArrayQueue,Front,100000,19,67
pilacola,ArrayQueue,Front,100000,20,60
pilacola,ArrayQueue,Front,100000,21,51
pilacola,ArrayQueue,Front,100000,22,78
pilacola,ArrayQueue,Front,100000,23,53
pilacola,ArrayQueue,Front,100000,24,70
pilacola,ArrayQueue,Front,100000,25,68
pilacola,ArrayQueue,Front,100000,26,65
pilacola,ArrayQueue,Front,100000,27,66
pilacola,ArrayQueue,Front,100000,28,64
pilacola,ArrayQueue,Front,100000,29,65
pilacola,ArrayQueue,Front,100000,30,98
pilacola,ArrayQueue,Front,100000,31,64
pilacola,ArrayQueue,Front,100000,32,57
pilacola,ArrayQueue,Front,100000,33,65
pilacola,ArrayQueue,Front,100000,34,55
pilacola,ArrayQueue,Front,100000,35,64
pilacola,ArrayQueue,Front,100000,36,53
pilacola,ArrayQueue,Front,100000,37,64
pilacola,ArrayQueue,Front,100000,38,50
pilacola,ArrayQueue,Front,100000,39,53
pilacola,ArrayQueue,Front,100000,40,63
pilacola,ArrayQueue,Front,100000,41,75
pilacola,ArrayQueue,Front,100000,42,60
pilacola,ArrayQueue,Front,100000,43,64
pilacola,ArrayQueue,Front,100000,44,57
pilacola,ArrayQueue,Front,100000,45,62
pilacola,ArrayQueue,Front,100000,46,62
pilacola,ArrayQueue,Front,100000,47,63
pilacola,ArrayQueue,Front,100000,48,64
pilacola,ArrayQueue,Front,100000,49,54
pilacola,ArrayQueue,IsEmpty,100000,0,53
pilacola,ArrayQueue,IsEmpty,100000,1,77
pilacola,ArrayQueue,IsEmpty,100000,2,55
pilacola,ArrayQueue,IsEmpty,100000,3,59
pilacola,ArrayQueue,IsEmpty,100000,4,58
pilacola,ArrayQueue,IsEmpty,100000,5,61
pilacola,ArrayQueue,IsEmpty,100000,6,57
pilacola,ArrayQueue,IsEmpty,100000,7,53
pilacola,ArrayQueue,IsEmpty,100000,8,54
pilacola,ArrayQueue,IsEmpty,100000,9,55
pilacola,ArrayQueue,IsEmpty,100000,10,57
pilacola,ArrayQueue,IsEmpty,100000,11,57
pilacola,ArrayQueue,IsEmpty,100000,12,59
pilacola,ArrayQueue,IsEmpty,100000,13,60
pilacola,ArrayQueue,IsEmpty,100000,14,60
pilacola,ArrayQueue,IsEmpty,100000,15,53
pilacola,ArrayQueue,IsEmpty,100000,16,58
pilacola,ArrayQueue,IsEmpty,100000,17,56
pilacola,ArrayQueue,IsEmpty,100000,18,57
pilacola,ArrayQueue,IsEmpty,100000,19,60
pilacola,ArrayQueue,IsEmpty,100000,20,58
pilacola,ArrayQueue,IsEmpty,100000,21,60
pilacola,ArrayQueue,IsEmpty,100000,22,58
pilacola,ArrayQueue,IsEmpty,100000,23,65
pilacola,ArrayQueue,IsEmpty,100000,24,66
pilacola,ArrayQueue,IsEmpty,100000,25,66
pilacola,ArrayQueue,IsEmpty,100000,26,62
pilacola,ArrayQueue,IsEmpty,100000,27,59
pilacola,ArrayQueue,IsEmpty,100000,28,61
pilacola,ArrayQueue,IsEmpty,100000,29,53
pilacola,ArrayQueue,IsEmpty,100000,30,61
pilacola,ArrayQueue,IsEmpty,100000,31,73
pilacola,ArrayQueue,IsEmpty,100000,32,58
pilacola,ArrayQueue,IsEmpty,100000,33,62
pilacola,ArrayQueue,IsEmpty,100000,34,61
pilacola,ArrayQueue,IsEmpty,100000,35,63
pilacola,ArrayQueue,IsEmpty,100000,36,60
pilacola,ArrayQueue,IsEmpty,100000,37,60
pilacola,ArrayQueue,IsEmpty,100000,38,58
pilacola,ArrayQueue,IsEmpty,100000,39,56
pilacola,ArrayQueue,IsEmpty,100000,40,58
pilacola,ArrayQueue,IsEmpty,100000,41,65
pilacola,ArrayQueue,IsEmpty,100000,42,58
pilacola,ArrayQueue,IsEmpty,100000,43,54
pilacola,ArrayQueue,IsEmpty,100000,44,62
pilacola,ArrayQueue,IsEmpty,100000,45,59
pilacola,ArrayQueue,IsEmpty,100000,46,64
pilacola,ArrayQueue,IsEmpty,100000,47,57
pilacola,ArrayQueue,IsEmpty,100000,48,55
pilacola,ArrayQueue,IsEmpty,100000,49,58
pilacola,ArrayQueue,Size,100000,0,155
pilacola,ArrayQueue,Size,100000,1,161
pilacola,ArrayQueue,Size,100000,2,147
pilacola,ArrayQueue,Size,100000,3,146
pilacola,ArrayQueue,Size,100000,4,140
pilacola,ArrayQueue,Size,100000,5,135
pilacola,ArrayQueue,Size,100000,6,133
pilacola,ArrayQueue,Size,100000,7,128
pilacola,ArrayQueue,Size,100000,8,139
pilacola,ArrayQueue,Size,100000,9,141
pilacola,ArrayQueue,Size,100000,10,133
pilacola,ArrayQueue,Size,100000,11,129
pilacola,ArrayQueue,Size,100000,12,134
pilacola,ArrayQueue,Size,100000,13,142
pilacola,ArrayQueue,Size,100000,14,147
pilacola,ArrayQueue,Size,100000,15,146
pilacola,ArrayQueue,Size,100000,16,149
pilacola,ArrayQueue,Size,100000,17,154
pilacola,ArrayQueue,Size,100000,18,139
pilacola,ArrayQueue,Size,100000,19,145
pilacola,ArrayQueue,Size,100000,20,132
pilacola,ArrayQueue,Size,100000,21,115
pilacola,ArrayQueue,Size,100000,22,126
pilacola,ArrayQueue,Size,100000,23,118
pilacola,ArrayQueue,Size,100000,24,115
pilacola,ArrayQueue,Size,100000,25,129
pilacola,ArrayQueue,Size,100000,26,125
pilacola,ArrayQueue,Size,100000,27,136
pilacola,ArrayQueue,Size,100000,28,127
pilacola,ArrayQueue,Size,100000,29,140
pilacola,ArrayQueue,Size,100000,30,154
pilacola,ArrayQueue,Size,100000,31,122
pilacola,ArrayQueue,Size,100000,32,127
pilacola,ArrayQueue,Size,100000,33,122
pilacola,ArrayQueue,Size,100000,34,126
pilacola,ArrayQueue,Size,100000,35,123
pilacola,ArrayQueue,Size,100000,36,117
pilacola,ArrayQueue,Size,100000,37,122
pilacola,ArrayQueue,Size,100000,38,127
pilacola,ArrayQueue,Size,100000,39,133
pilacola,ArrayQueue,Size,100000,40,122
pilacola,ArrayQueue,Size,100000,41,125
pilacola,ArrayQueue,Size,100000,42,123
pilacola,ArrayQueue,Size,100000,43,128
pilacola,ArrayQueue,Size,100000,44,128
pilacola,ArrayQueue,Size,100000,45,142
pilacola,ArrayQueue,Size,100000,46,137
pilacola,ArrayQueue,Size,100000,47,129
pilacola,ArrayQueue,Size,100000,48,128
pilacola,ArrayQueue,Size,100000,49,131
pilacola,ArrayQueue,Delete,100000,0,658083
pilacola,ArrayQueue,Delete,100000,1,633218
pilacola,ArrayQueue,Delete,100000,2,631361
pilacola,ArrayQueue,Delete,100000,3,641165
pilacola,ArrayQueue,Delete,100000,4,669869
pilacola,ArrayQueue,Delete,100000,5,624763
pilacola,ArrayQueue,Delete,100000,6,608216
pilacola,ArrayQueue,Delete,100000,7,535889
pilacola,ArrayQueue,Delete,100000,8,562089
pilacola,ArrayQueue,Delete,100000,9,549691
pilacola,ArrayQueue,Delete,100000,10,491981
pilacola,ArrayQueue,Delete,100000,11,653300
pilacola,ArrayQueue,Delete,100000,12,562962
pilacola,ArrayQueue,Delete,100000,13,661909
pilacola,ArrayQueue,Delete,100000,14,636025
pilacola,ArrayQueue,Delete,100000,15,615483
pilacola,ArrayQueue,Delete,100000,16,661490
pilacola,ArrayQueue,Delete,100000,17,633434
pilacola,ArrayQueue,Delete,100000,18,665503
pilacola,ArrayQueue,Delete,100000,19,580098
pilacola,ArrayQueue,Delete,100000,20,531975
pilacola,ArrayQueue,Delete,100000,21,567916
pilacola,ArrayQueue,Delete,100000,22,518354
pilacola,ArrayQueue,Delete,100000,23,562423
pilacola,ArrayQueue,Delete,100000,24,597729
pilacola,ArrayQueue,Delete,100000,25,640222
pilacola,ArrayQueue,Delete,100000,26,644223
pilacola,ArrayQueue,Delete,100000,27,604661
pilacola,ArrayQueue,Delete,100000,28,641404
pilacola,ArrayQueue,Delete,100000,29,634627
pilacola,ArrayQueue,Delete,100000,30,617725
pilacola,ArrayQueue,Delete,100000,31,629915
pilacola,ArrayQueue,Delete,100000,32,515082
pilacola,ArrayQueue,Delete,100000,33,570973
pilacola,ArrayQueue,Delete,100000,34,551950
pilacola,ArrayQueue,Delete,100000,35,544420
pilacola,ArrayQueue,Delete,100000,36,538331
pilacola,ArrayQueue,Delete,100000,37,527286
pilacola,ArrayQueue,Delete,100000,38,553235
pilacola,ArrayQueue,Delete,100000,39,521320
pilacola,ArrayQueue,Delete,100000,40,500898
pilacola,ArrayQueue,Delete,100000,41,484251
pilacola,ArrayQueue,Delete,100000,42,637715
pilacola,ArrayQueue,Delete,100000,43,494674
pilacola,ArrayQueue,Delete,100000,44,533868
pilacola,ArrayQueue,Delete,100000,45,594342
pilacola,ArrayQueue,Delete,100000,46,591317
pilacola,ArrayQueue,Delete,100000,47,551491
pilacola,ArrayQueue,Delete,100000,48,570666
pilacola,ArrayQueue,Delete,100000,49,595224
crecimiento,Duplicar (x2),Push total,100000,0,444862
crecimiento,Duplicar (x2),Push total,100000,1,471334
crecimiento,Duplicar (x2),Push total,100000,2,442069
crecimiento,Duplicar (x2),Push total,100000,3,449089
crecimiento,Duplicar (x2),Push total,100000,4,441396
crecimiento,Duplicar (x2),Push total,100000,5,503337
crecimiento,Duplicar (x2),Push total,100000,6,439032
crecimiento,Duplicar (x2),Push total,100000,7,464904
crecimiento,Duplicar (x2),Push total,100000,8,450828
crecimiento,Duplicar (x2),Push total,100000,9,431228
crecimiento,Duplicar (x2),Enqueue total,100000,0,477192
crecimiento,Duplicar (x2),Enqueue total,100000,1,438804
crecimiento,Duplicar (x2),Enqueue total,100000,2,482970
crecimiento,Duplicar (x2),Enqueue total,100000,3,443467
crecimiento,Duplicar (x2),Enqueue total,100000,4,457564
crecimiento,Duplicar (x2),Enqueue total,100000,5,451303
crecimiento,Duplicar (x2),Enqueue total,100000,6,490341
crecimiento,Duplicar (x2),Enqueue total,100000,7,436522
crecimiento,Duplicar (x2),Enqueue total,100000,8,447308
crecimiento,Duplicar (x2),Enqueue total,100000,9,435086
crecimiento,Incremento fijo (+1000),Push total,100000,0,4321126
crecimiento,Incremento fijo (+1000),Push total,100000,1,4327458
crecimiento,Incremento fijo (+1000),Push total,100000,2,4306118
crecimiento,Incremento fijo (+1000),Push total,100000,3,4295806
crecimiento,Incremento fijo (+1000),Push total,100000,4,4267302
crecimiento,Incremento fijo (+1000),Push total,100000,5,4303239
crecimiento,Incremento fijo (+1000),Push total,100000,6,4307530
crecimiento,Incremento fijo (+1000),Push total,100000,7,4296152
crecimiento,Incremento fijo (+1000),Push total,100000,8,4228502
crecimiento,Incremento fijo (+1000),Push total,100000,9,4352472
crecimiento,Duplicar (x2),Push con redimension,100000,0,144980
crecimiento,Duplicar (x2),Push con redimension,100000,1,137567
crecimiento,Duplicar (x2),Push con redimension,100000,2,138227
crecimiento,Duplicar (x2),Push con redimension,100000,3,139874
crecimiento,Duplicar (x2),Push con redimension,100000,4,143043
crecimiento,Duplicar (x2),Push con redimension,100000,5,141173
crecimiento,Duplicar (x2),Push con redimension,100000,6,147470
crecimiento,Duplicar (x2),Push con redimension,100000,7,144374
crecimiento,Duplicar (x2),Push con redimension,100000,8,140004
crecimiento,Duplicar (x2),Push con redimension,100000,9,138889
lista,SLL sin cola,PushFront,1000000,0,42
lista,SLL sin cola,PushFront,1000000,1,41
lista,SLL sin cola,PushFront,1000000,2,43
lista,SLL sin cola,PushFront,1000000,3,43
lista,SLL sin cola,PushFront,1000000,4,43
lista,SLL sin cola,PushFront,1000000,5,42
lista,SLL sin cola,PushFront,1000000,6,42
lista,SLL sin cola,PushFront,1000000,7,42
lista,SLL sin cola,PushFront,1000000,8,43
lista,SLL sin cola,PushFront,1000000,9,42
lista,SLL sin cola,PushFront,1000000,10,42
lista,SLL sin cola,PushFront,1000000,11,42
lista,SLL sin cola,PushFront,1000000,12,43
lista,SLL sin cola,PushFront,1000000,13,43
lista,SLL sin cola,PushFront,1000000,14,42
lista,SLL sin cola,PushFront,1000000,15,43
lista,SLL sin cola,PushFront,1000000,16,43
lista,SLL sin cola,PushFront,1000000,17,42
lista,SLL sin cola,PushFront,1000000,18,42
lista,SLL sin cola,PushFront,1000000,19,42
lista,SLL sin cola,PushBack,1000000,0,2367442
lista,SLL sin cola,PushBack,1000000,1,2189643
lista,SLL sin cola,PushBack,1000000,2,2247243
lista,SLL sin cola,PushBack,1000000,3,2209674
lista,SLL sin cola,PushBack,1000000,4,2250778
lista,SLL sin cola,PushBack,1000000,5,2247347
lista,SLL sin cola,PushBack,1000000,6,2298624
lista,SLL sin cola,PushBack,1000000,7,2224359
lista,SLL sin cola,PushBack,1000000,8,2674337
lista,SLL sin cola,PushBack,1000000,9,2332348
lista,SLL sin cola,PushBack,1000000,10,2462116
lista,SLL sin cola,PushBack,1000000,11,2148588
lista,SLL sin cola,PushBack,1000000,12,2231248
lista,SLL sin cola,PushBack,1000000,13,2544339
lista,SLL sin cola,PushBack,1000000,14,5538480
lista,SLL sin cola,PushBack,1000000,15,2033276
lista,SLL sin cola,PushBack,1000000,16,1998569
lista,SLL sin cola,PushBack,1000000,17,2076589
lista,SLL sin cola,PushBack,1000000,18,2050415
lista,SLL sin cola,PushBack,1000000,19,2100359
lista,SLL sin cola,PopFront,1000000,0,46
lista,SLL sin cola,PopFront,1000000,1,46
lista,SLL sin cola,PopFront,1000000,2,47
lista,SLL sin cola,PopFront,1000000,3,46
lista,SLL sin cola,PopFront,1000000,4,47
lista,SLL sin cola,PopFront,1000000,5,46
lista,SLL sin cola,PopFront,1000000,6,46
lista,SLL sin cola,PopFront,1000000,7,6046
lista,SLL sin cola,PopFront,1000000,8,61
lista,SLL sin cola,PopFront,1000000,9,56
lista,SLL sin cola,PopFront,1000000,10,47
lista,SLL sin cola,PopFront,1000000,11,46
lista,SLL sin cola,PopFront,1000000,12,45
lista,SLL sin cola,PopFront,1000000,13,48
lista,SLL sin cola,PopFront,1000000,14,46
lista,SLL sin cola,PopFront,1000000,15,47
lista,SLL sin cola,PopFront,1000000,16,46
lista,SLL sin cola,PopFront,1000000,17,45
lista,SLL sin cola,PopFront,1000000,18,47
lista,SLL sin cola,PopFront,1000000,19,48
lista,SLL sin cola,PopBack,1000000,0,2290358
lista,SLL sin cola,PopBack,1000000,1,2343145
lista,SLL sin cola,PopBack,1000000,2,2277166
lista,SLL sin cola,PopBack,1000000,3,2330213
lista,SLL sin cola,PopBack,1000000,4,2270536
lista,SLL sin cola,PopBack,1000000,5,2278747
lista,SLL sin cola,PopBack,1000000,6,2306036
lista,SLL sin cola,PopBack,1000000,7,2272086
lista,SLL sin cola,PopBack,1000000,8,2332616
lista,SLL sin cola,PopBack,1000000,9,2357171
lista,SLL sin cola,PopBack,1000000,10,4126261
lista,SLL sin cola,PopBack,1000000,11,2614446
lista,SLL sin cola,PopBack,1000000,12,2318074
lista,SLL sin cola,PopBack,1000000,13,2329591
lista,SLL sin cola,PopBack,1000000,14,2572466
lista,SLL sin cola,PopBack,1000000,15,2296298
lista,SLL sin cola,PopBack,1000000,16,2668177
lista,SLL sin cola,PopBack,1000000,17,2907774
lista,SLL sin cola,PopBack,1000000,18,2575666
lista,SLL sin cola,PopBack,1000000,19,2508638
lista,SLL sin cola,TopFront,1000000,0,51
lista,SLL sin cola,TopFront,1000000,1,51
lista,SLL sin cola,TopFront,1000000,2,52
lista,SLL sin cola,TopFront,1000000,3,52
lista,SLL sin cola,TopFront,1000000,4,52
lista,SLL sin cola,TopFront,1000000,5,53
lista,SLL sin cola,TopFront,1000000,6,51
lista,SLL sin cola,TopFront,1000000,7,51
lista,SLL sin cola,TopFront,1000000,8,52
lista,SLL sin cola,TopFront,1000000,9,52
lista,SLL sin cola,TopFront,1000000,10,53
lista,SLL sin cola,TopFront,1000000,11,52
lista,SLL sin cola,TopFront,1000000,12,52
lista,SLL sin cola,TopFront,1000000,13,51
lista,SLL sin cola,TopFront,1000000,14,52
lista,SLL sin cola,TopFront,1000000,15,53
lista,SLL sin cola,TopFront,1000000,16,53
lista,SLL sin cola,TopFront,1000000,17,52
lista,SLL sin cola,TopFront,1000000,18,52
lista,SLL sin cola,TopFront,1000000,19,52
lista,SLL sin cola,TopBack,1000000,0,2075723
lista,SLL sin cola,TopBack,1000000,1,2088556
lista,SLL sin cola,TopBack,1000000,2,2035455
lista,SLL sin cola,TopBack,1000000,3,2672110
lista,SLL sin cola,TopBack,1000000,4,2106571
lista,SLL sin cola,TopBack,1000000,5,2030978
lista,SLL sin cola,TopBack,1000000,6,2047964
lista,SLL sin cola,TopBack,1000000,7,2052876
lista,SLL sin cola,TopBack,1000000,8,2062245
lista,SLL sin cola,TopBack,1000000,9,2013092
lista,SLL sin cola,TopBack,1000000,10,2057244
lista,SLL sin cola,TopBack,1000000,11,2551821
lista,SLL sin cola,TopBack,1000000,12,2100724
lista,SLL sin cola,TopBack,1000000,13,2515860
lista,SLL sin cola,TopBack,1000000,14,2210018
lista,SLL sin cola,TopBack,1000000,15,2058394
lista,SLL sin cola,TopBack,1000000,16,2073274
lista,SLL sin cola,TopBack,1000000,17,2059181
lista,SLL sin cola,TopBack,1000000,18,2051973
lista,SLL sin cola,TopBack,1000000,19,2021627
lista,SLL sin cola,Find,1000000,0,4424487
lista,SLL sin cola,Find,1000000,1,4681560
lista,SLL sin cola,Find,1000000,2,5380628
lista,SLL sin cola,Find,1000000,3,4976445
lista,SLL sin cola,Find,1000000,4,5015845
lista,SLL sin cola,Find,1000000,5,4822217
lista,SLL sin cola,Find,1000000,6,5888925
lista,SLL sin cola,Find,1000000,7,5652208
lista,SLL sin cola,Find,1000000,8,5010821
lista,SLL sin cola,Find,1000000,9,4431577
lista,SLL sin cola,Find,1000000,10,4476668
lista,SLL sin cola,Find,1000000,11,4452447
lista,SLL sin cola,Find,1000000,12,5487708
lista,SLL sin cola,Find,1000000,13,4566580
lista,SLL sin cola,Find,1000000,14,4420693
lista,SLL sin cola,Find,1000000,15,4666370
lista,SLL sin cola,Find,1000000,16,4579210
lista,SLL sin cola,Find,1000000,17,4452910
lista,SLL sin cola,Find,1000000,18,4874968
lista,SLL sin cola,Find,1000000,19,4735573
lista,SLL sin cola,Erase,1000000,0,2817730
lista,SLL sin cola,Erase,1000000,1,2829167
lista,SLL sin cola,Erase,1000000,2,3907302
lista,SLL sin cola,Erase,1000000,3,2942059
lista,SLL sin cola,Erase,1000000,4,2861985
lista,SLL sin cola,Erase,1000000,5,3044746
lista,SLL sin cola,Erase,1000000,6,2883517
lista,SLL sin cola,Erase,1000000,7,2967160
lista,SLL sin cola,Erase,1000000,8,3176350
lista,SLL sin cola,Erase,1000000,9,2835884
lista,SLL sin cola,Erase,1000000,10,2853473
lista,SLL sin cola,Erase,1000000,11,2868079
lista,SLL sin cola,Erase,1000000,12,2923256
lista,SLL sin cola,Erase,1000000,13,2856123
lista,SLL sin cola,Erase,1000000,14,2824869
lista,SLL sin cola,Erase,1000000,15,3078134
lista,SLL sin cola,Erase,1000000,16,3001372
lista,SLL sin cola,Erase,1000000,17,2931897
lista,SLL sin cola,Erase,1000000,18,2965457
lista,SLL sin cola,Erase,1000000,19,3013998
lista,SLL sin cola,AddBefore,1000000,0,4205394
lista,SLL sin cola,AddBefore,1000000,1,4147002
lista,SLL sin cola,AddBefore,1000000,2,4286950
lista,SLL sin cola,AddBefore,1000000,3,4214919
lista,SLL sin cola,AddBefore,1000000,4,4164002
lista,SLL sin cola,AddBefore,1000000,5,4168355
lista,SLL sin cola,AddBefore,1000000,6,4270560
lista,SLL sin cola,AddBefore,1000000,7,4182118
lista,SLL sin cola,AddBefore,1000000,8,4206654
lista,SLL sin cola,AddBefore,1000000,9,4142748
lista,SLL sin cola,AddBefore,1000000,10,4250105
lista,SLL sin cola,AddBefore,1000000,11,4131710
lista,SLL sin cola,AddBefore,1000000,12,4193195
lista,SLL sin cola,AddBefore,1000000,13,4145501
lista,SLL sin cola,AddBefore,1000000,14,4183279
lista,SLL sin cola,AddBefore,1000000,15,4166045
lista,SLL sin cola,AddBefore,1000000,16,4171857
lista,SLL sin cola,AddBefore,1000000,17,4190291
lista,SLL sin cola,AddBefore,1000000,18,4211581
lista,SLL sin cola,AddBefore,1000000,19,4170520
lista,SLL sin cola,AddAfter,1000000,0,2231
lista,SLL sin cola,AddAfter,1000000,1,2177
lista,SLL sin cola,AddAfter,1000000,2,1928
lista,SLL sin cola,AddAfter,1000000,3,2194
lista,SLL sin cola,AddAfter,1000000,4,2011
lista,SLL sin cola,AddAfter,1000000,5,2357
lista,SLL sin cola,AddAfter,1000000,6,2618
lista,SLL sin cola,AddAfter,1000000,7,13430
lista,SLL sin cola,AddAfter,1000000,8,1838
lista,SLL sin cola,AddAfter,1000000,9,1677
lista,SLL sin cola,AddAfter,1000000,10,2097
lista,SLL sin cola,AddAfter,1000000,11,1836
lista,SLL sin cola,AddAfter,1000000,12,1926
lista,SLL sin cola,AddAfter,1000000,13,2025
lista,SLL sin cola,AddAfter,1000000,14,1712
lista,SLL sin cola,AddAfter,1000000,15,1925
lista,SLL sin cola,AddAfter,1000000,16,1953
lista,SLL sin cola,AddAfter,1000000,17,2048
lista,SLL sin cola,AddAfter,1000000,18,1804
lista,SLL sin cola,AddAfter,1000000,19,2370
lista,SLL sin cola,Empty,1000000,0,51
lista,SLL sin cola,Empty,1000000,1,53
lista,SLL sin cola,Empty,1000000,2,51
lista,SLL sin cola,Empty,1000000,3,51
lista,SLL sin cola,Empty,1000000,4,52
lista,SLL sin cola,Empty,1000000,5,52
lista,SLL sin cola,Empty,1000000,6,54
lista,SLL sin cola,Empty,1000000,7,53
lista,SLL sin cola,Empty,1000000,8,52
lista,SLL sin cola,Empty,1000000,9,51
lista,SLL sin cola,Empty,1000000,10,52
lista,SLL sin cola,Empty,1000000,11,52
lista,SLL sin cola,Empty,1000000,12,52
lista,SLL sin cola,Empty,1000000,13,53
lista,SLL sin cola,Empty,1000000,14,51
lista,SLL sin cola,Empty,1000000,15,51
lista,SLL sin cola,Empty,1000000,16,52
lista,SLL sin cola,Empty,1000000,17,52
lista,SLL sin cola,Empty,1000000,18,53
lista,SLL sin cola,Empty,1000000,19,53
lista,SLL sin cola,Size,1000000,0,52
lista,SLL sin cola,Size,1000000,1,72
lista,SLL sin cola,Size,1000000,2,53
lista,SLL sin cola,Size,1000000,3,52
lista,SLL sin cola,Size,1000000,4,53
lista,SLL sin cola,Size,1000000,5,53
lista,SLL sin cola,Size,1000000,6,53
lista,SLL sin cola,Size,1000000,7,3411
lista,SLL sin cola,Size,1000000,8,65
lista,SLL sin cola,Size,1000000,9,64
lista,SLL sin cola,Size,1000000,10,53
lista,SLL sin cola,Size,1000000,11,54
lista,SLL sin cola,Size,1000000,12,53
lista,SLL sin cola,Size,1000000,13,52
lista,SLL sin cola,Size,1000000,14,52
lista,SLL sin cola,Size,1000000,15,54
lista,SLL sin cola,Size,1000000,16,54
lista,SLL sin cola,Size,1000000,17,53
lista,SLL sin cola,Size,1000000,18,53
lista,SLL sin cola,Size,1000000,19,54
lista,SLL con cola,PushFront,1000000,0,36
lista,SLL con cola,PushFront,1000000,1,36
lista,SLL con cola,PushFront,1000000,2,35
lista,SLL con cola,PushFront,1000000,3,36
lista,SLL con cola,PushFront,1000000,4,36
lista,SLL con cola,PushFront,1000000,5,35
lista,SLL con cola,PushFront,1000000,6,35
lista,SLL con cola,PushFront,1000000,7,38
lista,SLL con cola,PushFront,1000000,8,34
lista,SLL con cola,PushFront,1000000,9,35
lista,SLL con cola,PushFront,1000000,10,35
lista,SLL con cola,PushFront,1000000,11,35
lista,SLL con cola,PushFront,1000000,12,36
lista,SLL con cola,PushFront,1000000,13,35
lista,SLL con cola,PushFront,1000000,14,35
lista,SLL con cola,PushFront,1000000,15,38
lista,SLL con cola,PushFront,1000000,16,36
lista,SLL con cola,PushFront,1000000,17,35
lista,SLL con cola,PushFront,1000000,18,35
lista,SLL con cola,PushFront,1000000,19,36
lista,SLL con cola,PushBack,1000000,0,696
lista,SLL con cola,PushBack,1000000,1,638
lista,SLL con cola,PushBack,1000000,2,770
lista,SLL con cola,PushBack,1000000,3,503
lista,SLL con cola,PushBack,1000000,4,375
lista,SLL con cola,PushBack,1000000,5,328
lista,SLL con cola,PushBack,1000000,6,378
lista,SLL con cola,PushBack,1000000,7,358
lista,SLL con cola,PushBack,1000000,8,338
lista,SLL con cola,PushBack,1000000,9,388
lista,SLL con cola,PushBack,1000000,10,346
lista,SLL con cola,PushBack,1000000,11,334
lista,SLL con cola,PushBack,1000000,12,348
lista,SLL con cola,PushBack,1000000,13,328
lista,SLL con cola,PushBack,1000000,14,370
lista,SLL con cola,PushBack,1000000,15,356
lista,SLL con cola,PushBack,1000000,16,347
lista,SLL con cola,PushBack,1000000,17,364
lista,SLL con cola,PushBack,1000000,18,337
lista,SLL con cola,PushBack,1000000,19,347
lista,SLL con cola,PopFront,1000000,0,38
lista,SLL con cola,PopFront,1000000,1,38
lista,SLL con cola,PopFront,1000000,2,38
lista,SLL con cola,PopFront,1000000,3,38
lista,SLL con cola,PopFront,1000000,4,38
lista,SLL con cola,PopFront,1000000,5,38
lista,SLL con cola,PopFront,1000000,6,39
lista,SLL con cola,PopFront,1000000,7,38
lista,SLL con cola,PopFront,1000000,8,38
lista,SLL con cola,PopFront,1000000,9,38
lista,SLL con cola,PopFront,1000000,10,38
lista,SLL con cola,PopFront,1000000,11,38
lista,SLL con cola,PopFront,1000000,12,39
lista,SLL con cola,PopFront,1000000,13,38
lista,SLL con cola,PopFront,1000000,14,38
lista,SLL con cola,PopFront,1000000,15,38
lista,SLL con cola,PopFront,1000000,16,37
lista,SLL con cola,PopFront,1000000,17,38
lista,SLL con cola,PopFront,1000000,18,38
lista,SLL con cola,PopFront,1000000,19,38
lista,SLL con cola,PopBack,1000000,0,2056314
lista,SLL con cola,PopBack,1000000,1,2016225
lista,SLL con cola,PopBack,1000000,2,2063457
lista,SLL con cola,PopBack,1000000,3,2037994
lista,SLL con cola,PopBack,1000000,4,2046034
lista,SLL con cola,PopBack,1000000,5,2036168
lista,SLL con cola,PopBack,1000000,6,2089184
lista,SLL con cola,PopBack,1000000,7,2032859
lista,SLL con cola,PopBack,1000000,8,2078975
lista,SLL con cola,PopBack,1000000,9,2138587
lista,SLL con cola,PopBack,1000000,10,2040385
lista,SLL con cola,PopBack,1000000,11,2010768
lista,SLL con cola,PopBack,1000000,12,2062948
lista,SLL con cola,PopBack,1000000,13,2043823
lista,SLL con cola,PopBack,1000000,14,2068653
lista,SLL con cola,PopBack,1000000,15,2010239
lista,SLL con cola,PopBack,1000000,16,2041658
lista,SLL con cola,PopBack,1000000,17,2041031
lista,SLL con cola,PopBack,1000000,18,2093226
lista,SLL con cola,PopBack,1000000,19,2023776
lista,SLL con cola,TopFront,1000000,0,42
lista,SLL con cola,TopFront,1000000,1,50
lista,SLL con cola,TopFront,1000000,2,42
lista,SLL con cola,TopFront,1000000,3,43
lista,SLL con cola,TopFront,1000000,4,42
lista,SLL con cola,TopFront,1000000,5,44
lista,SLL con cola,TopFront,1000000,6,43
lista,SLL con cola,TopFront,1000000,7,44
lista,SLL con cola,TopFront,1000000,8,42
lista,SLL con cola,TopFront,1000000,9,44
lista,SLL con cola,TopFront,1000000,10,43
lista,SLL con cola,TopFront,1000000,11,43
lista,SLL con cola,TopFront,1000000,12,43
lista,SLL con cola,TopFront,1000000,13,44
lista,SLL con cola,TopFront,1000000,14,42
lista,SLL con cola,TopFront,1000000,15,44
lista,SLL con cola,TopFront,1000000,16,42
lista,SLL con cola,TopFront,1000000,17,44
lista,SLL con cola,TopFront,1000000,18,43
lista,SLL con cola,TopFront,1000000,19,44
lista,SLL con cola,TopBack,1000000,0,43
lista,SLL con cola,TopBack,1000000,1,42
lista,SLL con cola,TopBack,1000000,2,44
lista,SLL con cola,TopBack,1000000,3,44
lista,SLL con cola,TopBack,1000000,4,44
lista,SLL con cola,TopBack,1000000,5,44
lista,SLL con cola,TopBack,1000000,6,44
lista,SLL con cola,TopBack,1000000,7,44
lista,SLL con cola,TopBack,1000000,8,43
lista,SLL con cola,TopBack,1000000,9,43
lista,SLL con cola,TopBack,1000000,10,43
lista,SLL con cola,TopBack,1000000,11,43
lista,SLL con cola,TopBack,1000000,12,42
lista,SLL con cola,TopBack,1000000,13,44
lista,SLL con cola,TopBack,1000000,14,44
lista,SLL con cola,TopBack,1000000,15,44
lista,SLL con cola,TopBack,1000000,16,43
lista,SLL con cola,TopBack,1000000,17,44
lista,SLL con cola,TopBack,1000000,18,43
lista,SLL con cola,TopBack,1000000,19,42
lista,SLL con cola,Find,1000000,0,4474050
lista,SLL con cola,Find,1000000,1,4549924
lista,SLL con cola,Find,1000000,2,4423798
lista,SLL con cola,Find,1000000,3,4451659
lista,SLL con cola,Find,1000000,4,4469481
lista,SLL con cola,Find,1000000,5,4400685
lista,SLL con cola,Find,1000000,6,4404312
lista,SLL con cola,Find,1000000,7,4386666
lista,SLL con cola,Find,1000000,8,4462533
lista,SLL con cola,Find,1000000,9,4442364
lista,SLL con cola,Find,1000000,10,4467494
lista,SLL con cola,Find,1000000,11,4435450
lista,SLL con cola,Find,1000000,12,6142689
lista,SLL con cola,Find,1000000,13,4998210
lista,SLL con cola,Find,1000000,14,4525782
lista,SLL con cola,Find,1000000,15,4368916
lista,SLL con cola,Find,1000000,16,4385218
lista,SLL con cola,Find,1000000,17,4418314
lista,SLL con cola,Find,1000000,18,4475515
lista,SLL con cola,Find,1000000,19,4418415
lista,SLL con cola,Erase,1000000,0,2854798
lista,SLL con cola,Erase,1000000,1,2920217
lista,SLL con cola,Erase,1000000,2,3581780
lista,SLL con cola,Erase,1000000,3,4959829
lista,SLL con cola,Erase,1000000,4,4295439
lista,SLL con cola,Erase,1000000,5,3201184
lista,SLL con cola,Erase,1000000,6,2908724
lista,SLL con cola,Erase,1000000,7,3206288
lista,SLL con cola,Erase,1000000,8,2835484
lista,SLL con cola,Erase,1000000,9,2854958
lista,SLL con cola,Erase,1000000,10,2876039
lista,SLL con cola,Erase,1000000,11,2855835
lista,SLL con cola,Erase,1000000,12,3008782
lista,SLL con cola,Erase,1000000,13,2979024
lista,SLL con cola,Erase,1000000,14,2854634
lista,SLL con cola,Erase,1000000,15,2814631
lista,SLL con cola,Erase,1000000,16,2902323
lista,SLL con cola,Erase,1000000,17,2956433
lista,SLL con cola,Erase,1000000,18,2963589
lista,SLL con cola,Erase,1000000,19,2876268
lista,SLL con cola,AddBefore,1000000,0,4154387
lista,SLL con cola,AddBefore,1000000,1,4183460
lista,SLL con cola,AddBefore,1000000,2,4199905
lista,SLL con cola,AddBefore,1000000,3,4146166
lista,SLL con cola,AddBefore,1000000,4,4146858
lista,SLL con cola,AddBefore,1000000,5,4134955
lista,SLL con cola,AddBefore,1000000,6,4152303
lista,SLL con cola,AddBefore,1000000,7,4149533
lista,SLL con cola,AddBefore,1000000,8,4488471
lista,SLL con cola,AddBefore,1000000,9,4211593
lista,SLL con cola,AddBefore,1000000,10,4147882
lista,SLL con cola,AddBefore,1000000,11,4508452
lista,SLL con cola,AddBefore,1000000,12,4585357
lista,SLL con cola,AddBefore,1000000,13,4342707
lista,SLL con cola,AddBefore,1000000,14,4195778
lista,SLL con cola,AddBefore,1000000,15,4216512
lista,SLL con cola,AddBefore,1000000,16,4240108
lista,SLL con cola,AddBefore,1000000,17,4250518
lista,SLL con cola,AddBefore,1000000,18,4246575
lista,SLL con cola,AddBefore,1000000,19,4392100
lista,SLL con cola,AddAfter,1000000,0,665
lista,SLL con cola,AddAfter,1000000,1,713
lista,SLL con cola,AddAfter,1000000,2,738
lista,SLL con cola,AddAfter,1000000,3,631
lista,SLL con cola,AddAfter,1000000,4,727
lista,SLL con cola,AddAfter,1000000,5,818
lista,SLL con cola,AddAfter,1000000,6,579
lista,SLL con cola,AddAfter,1000000,7,873
lista,SLL con cola,AddAfter,1000000,8,1025
lista,SLL con cola,AddAfter,1000000,9,1005
lista,SLL con cola,AddAfter,1000000,10,940
lista,SLL con cola,AddAfter,1000000,11,792
lista,SLL con cola,AddAfter,1000000,12,496
lista,SLL con cola,AddAfter,1000000,13,1010
lista,SLL con cola,AddAfter,1000000,14,487
lista,SLL con cola,AddAfter,1000000,15,832
lista,SLL con cola,AddAfter,1000000,16,474
lista,SLL con cola,AddAfter,1000000,17,426
lista,SLL con cola,AddAfter,1000000,18,662
lista,SLL con cola,AddAfter,1000000,19,422
lista,SLL con cola,Empty,1000000,0,43
lista,SLL con cola,Empty,1000000,1,42
lista,SLL con cola,Empty,1000000,2,42
lista,SLL con cola,Empty,1000000,3,42
lista,SLL con cola,Empty,1000000,4,42
lista,SLL con cola,Empty,1000000,5,43
lista,SLL con cola,Empty,1000000,6,43
lista,SLL con cola,Empty,1000000,7,42
lista,SLL con cola,Empty,1000000,8,43
lista,SLL con cola,Empty,1000000,9,43
lista,SLL con cola,Empty,1000000,10,43
lista,SLL con cola,Empty,1000000,11,43
lista,SLL con cola,Empty,1000000,12,43
lista,SLL con cola,Empty,1000000,13,42
lista,SLL con cola,Empty,1000000,14,43
lista,SLL con cola,Empty,1000000,15,42
lista,SLL con cola,Empty,1000000,16,43
lista,SLL con cola,Empty,1000000,17,43
lista,SLL con cola,Empty,1000000,18,43
lista,SLL con cola,Empty,1000000,19,42
lista,SLL con cola,Size,1000000,0,45
lista,SLL con cola,Size,1000000,1,46
lista,SLL con cola,Size,1000000,2,44
lista,SLL con cola,Size,1000000,3,45
lista,SLL con cola,Size,1000000,4,43
lista,SLL con cola,Size,1000000,5,50
lista,SLL con cola,Size,1000000,6,44
lista,SLL con cola,Size,1000000,7,44
lista,SLL con cola,Size,1000000,8,44
lista,SLL con cola,Size,1000000,9,43
lista,SLL con cola,Size,1000000,10,43
lista,SLL con cola,Size,1000000,11,43
lista,SLL con cola,Size,1000000,12,43
lista,SLL con cola,Size,1000000,13,43
lista,SLL con cola,Size,1000000,14,43
lista,SLL con cola,Size,1000000,15,44
lista,SLL con cola,Size,1000000,16,44
lista,SLL con cola,Size,1000000,17,44
lista,SLL con cola,Size,1000000,18,42
lista,SLL con cola,Size,1000000,19,43
lista,DLL sin cola,PushFront,1000000,0,43
lista,DLL sin cola,PushFront,1000000,1,43
lista,DLL sin cola,PushFront,1000000,2,42
lista,DLL sin cola,PushFront,1000000,3,44
lista,DLL sin cola,PushFront,1000000,4,42
lista,DLL sin cola,PushFront,1000000,5,43
lista,DLL sin cola,PushFront,1000000,6,44
lista,DLL sin cola,PushFront,1000000,7,43
lista,DLL sin cola,PushFront,1000000,8,43
lista,DLL sin cola,PushFront,1000000,9,43
lista,DLL sin cola,PushFront,1000000,10,43
lista,DLL sin cola,PushFront,1000000,11,42
lista,DLL sin cola,PushFront,1000000,12,41
lista,DLL sin cola,PushFront,1000000,13,42
lista,DLL sin cola,PushFront,1000000,14,42
lista,DLL sin cola,PushFront,1000000,15,42
lista,DLL sin cola,PushFront,1000000,16,42
lista,DLL sin cola,PushFront,1000000,17,42
lista,DLL sin cola,PushFront,1000000,18,42
lista,DLL sin cola,PushFront,1000000,19,43
lista,DLL sin cola,PushBack,1000000,0,2213707
lista,DLL sin cola,PushBack,1000000,1,2134115
lista,DLL sin cola,PushBack,1000000,2,2139891
lista,DLL sin cola,PushBack,1000000,3,2089355
lista,DLL sin cola,PushBack,1000000,4,2109644
lista,DLL sin cola,PushBack,1000000,5,2288601
lista,DLL sin cola,PushBack,1000000,6,2233398
lista,DLL sin cola,PushBack,1000000,7,2111017
lista,DLL sin cola,PushBack,1000000,8,2142011
lista,DLL sin cola,PushBack,1000000,9,2148607
lista,DLL sin cola,PushBack,1000000,10,2118934
lista,DLL sin cola,PushBack,1000000,11,2247701
lista,DLL sin cola,PushBack,1000000,12,2163597
lista,DLL sin cola,PushBack,1000000,13,2603461
lista,DLL sin cola,PushBack,1000000,14,2417341
lista,DLL sin cola,PushBack,1000000,15,2264946
lista,DLL sin cola,PushBack,1000000,16,2170159
lista,DLL sin cola,PushBack,1000000,17,2123595
lista,DLL sin cola,PushBack,1000000,18,2189870
lista,DLL sin cola,PushBack,1000000,19,2433850
lista,DLL sin cola,PopFront,1000000,0,44
lista,DLL sin cola,PopFront,1000000,1,44
lista,DLL sin cola,PopFront,1000000,2,44
lista,DLL sin cola,PopFront,1000000,3,45
lista,DLL sin cola,PopFront,1000000,4,45
lista,DLL sin cola,PopFront,1000000,5,45
lista,DLL sin cola,PopFront,1000000,6,43
lista,DLL sin cola,PopFront,1000000,7,44
lista,DLL sin cola,PopFront,1000000,8,45
lista,DLL sin cola,PopFront,1000000,9,44
lista,DLL sin cola,PopFront,1000000,10,44
lista,DLL sin cola,PopFront,1000000,11,44
lista,DLL sin cola,PopFront,1000000,12,45
lista,DLL sin cola,PopFront,1000000,13,43
lista,DLL sin cola,PopFront,1000000,14,45
lista,DLL sin cola,PopFront,1000000,15,45
lista,DLL sin cola,PopFront,1000000,16,44
lista,DLL sin cola,PopFront,1000000,17,44
lista,DLL sin cola,PopFront,1000000,18,45
lista,DLL sin cola,PopFront,1000000,19,45
lista,DLL sin cola,PopBack,1000000,0,2502435
lista,DLL sin cola,PopBack,1000000,1,2458628
lista,DLL sin cola,PopBack,1000000,2,2245471
lista,DLL sin cola,PopBack,1000000,3,2256462
lista,DLL sin cola,PopBack,1000000,4,2200756
lista,DLL sin cola,PopBack,1000000,5,2190243
lista,DLL sin cola,PopBack,1000000,6,2191259
lista,DLL sin cola,PopBack,1000000,7,3399420
lista,DLL sin cola,PopBack,1000000,8,2315958
lista,DLL sin cola,PopBack,1000000,9,2234290
lista,DLL sin cola,PopBack,1000000,10,2151138
lista,DLL sin cola,PopBack,1000000,11,2229394
lista,DLL sin cola,PopBack,1000000,12,2139397
lista,DLL sin cola,PopBack,1000000,13,2240856
lista,DLL sin cola,PopBack,1000000,14,2182718
lista,DLL sin cola,PopBack,1000000,15,2208047
lista,DLL sin cola,PopBack,1000000,16,2216971
lista,DLL sin cola,PopBack,1000000,17,2166792
lista,DLL sin cola,PopBack,1000000,18,2177062
lista,DLL sin cola,PopBack,1000000,19,2190255
lista,DLL sin cola,TopFront,1000000,0,51
lista,DLL sin cola,TopFront,1000000,1,50
lista,DLL sin cola,TopFront,1000000,2,50
lista,DLL sin cola,TopFront,1000000,3,50
lista,DLL sin cola,TopFront,1000000,4,50
lista,DLL sin cola,TopFront,1000000,5,60
lista,DLL sin cola,TopFront,1000000,6,66
lista,DLL sin cola,TopFront,1000000,7,51
lista,DLL sin cola,TopFront,1000000,8,53
lista,DLL sin cola,TopFront,1000000,9,50
lista,DLL sin cola,TopFront,1000000,10,50
lista,DLL sin cola,TopFront,1000000,11,50
lista,DLL sin cola,TopFront,1000000,12,51
lista,DLL sin cola,TopFront,1000000,13,51
lista,DLL sin cola,TopFront,1000000,14,62
lista,DLL sin cola,TopFront,1000000,15,69
lista,DLL sin cola,TopFront,1000000,16,50
lista,DLL sin cola,TopFront,1000000,17,49
lista,DLL sin cola,TopFront,1000000,18,50
lista,DLL sin cola,TopFront,1000000,19,50
lista,DLL sin cola,TopBack,1000000,0,2183766
lista,DLL sin cola,TopBack,1000000,1,2149834
lista,DLL sin cola,TopBack,1000000,2,2224535
lista,DLL sin cola,TopBack,1000000,3,2160412
lista,DLL sin cola,TopBack,1000000,4,2134550
lista,DLL sin cola,TopBack,1000000,5,2139054
lista,DLL sin cola,TopBack,1000000,6,2119749
lista,DLL sin cola,TopBack,1000000,7,2179609
lista,DLL sin cola,TopBack,1000000,8,2162694
lista,DLL sin cola,TopBack,1000000,9,2217085
lista,DLL sin cola,TopBack,1000000,10,2118060
lista,DLL sin cola,TopBack,1000000,11,2173072
lista,DLL sin cola,TopBack,1000000,12,2151413
lista,DLL sin cola,TopBack,1000000,13,2222221
lista,DLL sin cola,TopBack,1000000,14,2216628
lista,DLL sin cola,TopBack,1000000,15,2121105
lista,DLL sin cola,TopBack,1000000,16,2157908
lista,DLL sin cola,TopBack,1000000,17,2078962
lista,DLL sin cola,TopBack,1000000,18,2171777
lista,DLL sin cola,TopBack,1000000,19,2135770
lista,DLL sin cola,Find,1000000,0,5545578
lista,DLL sin cola,Find,1000000,1,5412292
lista,DLL sin cola,Find,1000000,2,5550660
lista,DLL sin cola,Find,1000000,3,5738807
lista,DLL sin cola,Find,1000000,4,5474701
lista,DLL sin cola,Find,1000000,5,5538653
lista,DLL sin cola,Find,1000000,6,5470382
lista,DLL sin cola,Find,1000000,7,5469062
lista,DLL sin cola,Find,1000000,8,5205650
lista,DLL sin cola,Find,1000000,9,4811236
lista,DLL sin cola,Find,1000000,10,4681152
lista,DLL sin cola,Find,1000000,11,4661285
lista,DLL sin cola,Find,1000000,12,4589911
lista,DLL sin cola,Find,1000000,13,4508759
lista,DLL sin cola,Find,1000000,14,4643140
lista,DLL sin cola,Find,1000000,15,4619453
lista,DLL sin cola,Find,1000000,16,4552453
lista,DLL sin cola,Find,1000000,17,4544312
lista,DLL sin cola,Find,1000000,18,4543648
lista,DLL sin cola,Find,1000000,19,4563650
lista,DLL sin cola,Erase,1000000,0,4406454
lista,DLL sin cola,Erase,1000000,1,4476220
lista,DLL sin cola,Erase,1000000,2,4420689
lista,DLL sin cola,Erase,1000000,3,4460078
lista,DLL sin cola,Erase,1000000,4,4708141
lista,DLL sin cola,Erase,1000000,5,4542557
lista,DLL sin cola,Erase,1000000,6,4920858
lista,DLL sin cola,Erase,1000000,7,4770700
lista,DLL sin cola,Erase,1000000,8,4774876
lista,DLL sin cola,Erase,1000000,9,4873400
lista,DLL sin cola,Erase,1000000,10,4615816
lista,DLL sin cola,Erase,1000000,11,4639609
lista,DLL sin cola,Erase,1000000,12,4596280
lista,DLL sin cola,Erase,1000000,13,4799445
lista,DLL sin cola,Erase,1000000,14,4628761
lista,DLL sin cola,Erase,1000000,15,4962257
lista,DLL sin cola,Erase,1000000,16,4652549
lista,DLL sin cola,Erase,1000000,17,4647548
lista,DLL sin cola,Erase,1000000,18,4737961
lista,DLL sin cola,Erase,1000000,19,4623935
lista,DLL sin cola,AddBefore,1000000,0,1309
lista,DLL sin cola,AddBefore,1000000,1,1478
lista,DLL sin cola,AddBefore,1000000,2,1232
lista,DLL sin cola,AddBefore,1000000,3,1324
lista,DLL sin cola,AddBefore,1000000,4,1619
lista,DLL sin cola,AddBefore,1000000,5,1790
lista,DLL sin cola,AddBefore,1000000,6,1758
lista,DLL sin cola,AddBefore,1000000,7,2356
lista,DLL sin cola,AddBefore,1000000,8,1368
lista,DLL sin cola,AddBefore,1000000,9,1374
lista,DLL sin cola,AddBefore,1000000,10,1293
lista,DLL sin cola,AddBefore,1000000,11,1268
lista,DLL sin cola,AddBefore,1000000,12,1269
lista,DLL sin cola,AddBefore,1000000,13,1549
lista,DLL sin cola,AddBefore,1000000,14,1539
lista,DLL sin cola,AddBefore,1000000,15,1300
lista,DLL sin cola,AddBefore,1000000,16,1539
lista,DLL sin cola,AddBefore,1000000,17,1390
lista,DLL sin cola,AddBefore,1000000,18,1203
lista,DLL sin cola,AddBefore,1000000,19,1228
lista,DLL sin cola,AddAfter,1000000,0,1097
lista,DLL sin cola,AddAfter,1000000,1,1463
lista,DLL sin cola,AddAfter,1000000,2,1105
lista,DLL sin cola,AddAfter,1000000,3,1354
lista,DLL sin cola,AddAfter,1000000,4,1334
lista,DLL sin cola,AddAfter,1000000,5,1259
lista,DLL sin cola,AddAfter,1000000,6,1579
lista,DLL sin cola,AddAfter,1000000,7,1304
lista,DLL sin cola,AddAfter,1000000,8,1363
lista,DLL sin cola,AddAfter,1000000,9,1502
lista,DLL sin cola,AddAfter,1000000,10,1323
lista,DLL sin cola,AddAfter,1000000,11,1589
lista,DLL sin cola,AddAfter,1000000,12,1625
lista,DLL sin cola,AddAfter,1000000,13,1239
lista,DLL sin cola,AddAfter,1000000,14,1225
lista,DLL sin cola,AddAfter,1000000,15,1137
lista,DLL sin cola,AddAfter,1000000,16,1543
lista,DLL sin cola,AddAfter,1000000,17,1310
lista,DLL sin cola,AddAfter,1000000,18,1107
lista,DLL sin cola,AddAfter,1000000,19,1215
lista,DLL sin cola,Empty,1000000,0,49
lista,DLL sin cola,Empty,1000000,1,58
lista,DLL sin cola,Empty,1000000,2,50
lista,DLL sin cola,Empty,1000000,3,49
lista,DLL sin cola,Empty,1000000,4,48
lista,DLL sin cola,Empty,1000000,5,48
lista,DLL sin cola,Empty,1000000,6,49
lista,DLL sin cola,Empty,1000000,7,49
lista,DLL sin cola,Empty,1000000,8,49
lista,DLL sin cola,Empty,1000000,9,50
lista,DLL sin cola,Empty,1000000,10,49
lista,DLL sin cola,Empty,1000000,11,48
lista,DLL sin cola,Empty,1000000,12,49
lista,DLL sin cola,Empty,1000000,13,48
lista,DLL sin cola,Empty,1000000,14,49
lista,DLL sin cola,Empty,1000000,15,51
lista,DLL sin cola,Empty,1000000,16,48
lista,DLL sin cola,Empty,1000000,17,49
lista,DLL sin cola,Empty,1000000,18,49
lista,DLL sin cola,Empty,1000000,19,49
lista,DLL sin cola,Size,1000000,0,50
lista,DLL sin cola,Size,1000000,1,49
lista,DLL sin cola,Size,1000000,2,50
lista,DLL sin cola,Size,1000000,3,51
lista,DLL sin cola,Size,1000000,4,51
lista,DLL sin cola,Size,1000000,5,48
lista,DLL sin cola,Size,1000000,6,49
lista,DLL sin cola,Size,1000000,7,49
lista,DLL sin cola,Size,1000000,8,50
lista,DLL sin cola,Size,1000000,9,51
lista,DLL sin cola,Size,1000000,10,50
lista,DLL sin cola,Size,1000000,11,50
lista,DLL sin cola,Size,1000000,12,50
lista,DLL sin cola,Size,1000000,13,51
lista,DLL sin cola,Size,1000000,14,50
lista,DLL sin cola,Size,1000000,15,51
lista,DLL sin cola,Size,1000000,16,50
lista,DLL sin cola,Size,1000000,17,50
lista,DLL sin cola,Size,1000000,18,50
lista,DLL sin cola,Size,1000000,19,50
lista,DLL con cola,PushFront,1000000,0,43
lista,DLL con cola,PushFront,1000000,1,42
lista,DLL con cola,PushFront,1000000,2,44
lista,DLL con cola,PushFront,1000000,3,42
lista,DLL con cola,PushFront,1000000,4,43
lista,DLL con cola,PushFront,1000000,5,42
lista,DLL con cola,PushFront,1000000,6,43
lista,DLL con cola,PushFront,1000000,7,43
lista,DLL con cola,PushFront,1000000,8,43
lista,DLL con cola,PushFront,1000000,9,43
lista,DLL con cola,PushFront,1000000,10,43
lista,DLL con cola,PushFront,1000000,11,42
lista,DLL con cola,PushFront,1000000,12,43
lista,DLL con cola,PushFront,1000000,13,44
lista,DLL con cola,PushFront,1000000,14,42
lista,DLL con cola,PushFront,1000000,15,42
lista,DLL con cola,PushFront,1000000,16,42
lista,DLL con cola,PushFront,1000000,17,43
lista,DLL con cola,PushFront,1000000,18,43
lista,DLL con cola,PushFront,1000000,19,44
lista,DLL con cola,PushBack,1000000,0,46
lista,DLL con cola,PushBack,1000000,1,46
lista,DLL con cola,PushBack,1000000,2,45
lista,DLL con cola,PushBack,1000000,3,46
lista,DLL con cola,PushBack,1000000,4,45
lista,DLL con cola,PushBack,1000000,5,46
lista,DLL con cola,PushBack,1000000,6,46
lista,DLL con cola,PushBack,1000000,7,45
lista,DLL con cola,PushBack,1000000,8,46
lista,DLL con cola,PushBack,1000000,9,46
lista,DLL con cola,PushBack,1000000,10,45
lista,DLL con cola,PushBack,1000000,11,46
lista,DLL con cola,PushBack,1000000,12,46
lista,DLL con cola,PushBack,1000000,13,46
lista,DLL con cola,PushBack,1000000,14,45
lista,DLL con cola,PushBack,1000000,15,45
lista,DLL con cola,PushBack,1000000,16,46
lista,DLL con cola,PushBack,1000000,17,45
lista,DLL con cola,PushBack,1000000,18,45
lista,DLL con cola,PushBack,1000000,19,45
lista,DLL con cola,PopFront,1000000,0,45
lista,DLL con cola,PopFront,1000000,1,44
lista,DLL con cola,PopFront,1000000,2,45
lista,DLL con cola,PopFront,1000000,3,46
lista,DLL con cola,PopFront,1000000,4,46
lista,DLL con cola,PopFront,1000000,5,45
lista,DLL con cola,PopFront,1000000,6,45
lista,DLL con cola,PopFront,1000000,7,44
lista,DLL con cola,PopFront,1000000,8,45
lista,DLL con cola,PopFront,1000000,9,46
lista,DLL con cola,PopFront,1000000,10,45
lista,DLL con cola,PopFront,1000000,11,45
lista,DLL con cola,PopFront,1000000,12,45
lista,DLL con cola,PopFront,1000000,13,45
lista,DLL con cola,PopFront,1000000,14,44
lista,DLL con cola,PopFront,1000000,15,45
lista,DLL con cola,PopFront,1000000,16,44
lista,DLL con cola,PopFront,1000000,17,44
lista,DLL con cola,PopFront,1000000,18,45
lista,DLL con cola,PopFront,1000000,19,45
lista,DLL con cola,PopBack,1000000,0,45
lista,DLL con cola,PopBack,1000000,1,45
lista,DLL con cola,PopBack,1000000,2,45
lista,DLL con cola,PopBack,1000000,3,45
lista,DLL con cola,PopBack,1000000,4,45
lista,DLL con cola,PopBack,1000000,5,45
lista,DLL con cola,PopBack,1000000,6,44
lista,DLL con cola,PopBack,1000000,7,46
lista,DLL con cola,PopBack,1000000,8,45
lista,DLL con cola,PopBack,1000000,9,45
lista,DLL con cola,PopBack,1000000,10,46
lista,DLL con cola,PopBack,1000000,11,46
lista,DLL con cola,PopBack,1000000,12,46
lista,DLL con cola,PopBack,1000000,13,45
lista,DLL con cola,PopBack,1000000,14,45
lista,DLL con cola,PopBack,1000000,15,43
lista,DLL con cola,PopBack,1000000,16,46
lista,DLL con cola,PopBack,1000000,17,46
lista,DLL con cola,PopBack,1000000,18,46
lista,DLL con cola,PopBack,1000000,19,45
lista,DLL con cola,TopFront,1000000,0,50
lista,DLL con cola,TopFront,1000000,1,50
lista,DLL con cola,TopFront,1000000,2,50
lista,DLL con cola,TopFront,1000000,3,51
lista,DLL con cola,TopFront,1000000,4,51
lista,DLL con cola,TopFront,1000000,5,50
lista,DLL con cola,TopFront,1000000,6,51
lista,DLL con cola,TopFront,1000000,7,50
lista,DLL con cola,TopFront,1000000,8,50
lista,DLL con cola,TopFront,1000000,9,52
lista,DLL con cola,TopFront,1000000,10,49
lista,DLL con cola,TopFront,1000000,11,50
lista,DLL con cola,TopFront,1000000,12,50
lista,DLL con cola,TopFront,1000000,13,49
lista,DLL con cola,TopFront,1000000,14,51
lista,DLL con cola,TopFront,1000000,15,51
lista,DLL con cola,TopFront,1000000,16,50
lista,DLL con cola,TopFront,1000000,17,51
lista,DLL con cola,TopFront,1000000,18,50
lista,DLL con cola,TopFront,1000000,19,50
lista,DLL con cola,TopBack,1000000,0,51
lista,DLL con cola,TopBack,1000000,1,50
lista,DLL con cola,TopBack,1000000,2,51
lista,DLL con cola,TopBack,1000000,3,49
lista,DLL con cola,TopBack,1000000,4,50
lista,DLL con cola,TopBack,1000000,5,51
lista,DLL con cola,TopBack,1000000,6,50
lista,DLL con cola,TopBack,1000000,7,50
lista,DLL con cola,TopBack,1000000,8,49
lista,DLL con cola,TopBack,1000000,9,50
lista,DLL con cola,TopBack,1000000,10,49
lista,DLL con cola,TopBack,1000000,11,50
lista,DLL con cola,TopBack,1000000,12,50
lista,DLL con cola,TopBack,1000000,13,51
lista,DLL con cola,TopBack,1000000,14,50
lista,DLL con cola,TopBack,1000000,15,50
lista,DLL con cola,TopBack,1000000,16,50
lista,DLL con cola,TopBack,1000000,17,51
lista,DLL con cola,TopBack,1000000,18,50
lista,DLL con cola,TopBack,1000000,19,50
lista,DLL con cola,Find,1000000,0,4947582
lista,DLL con cola,Find,1000000,1,4758871
lista,DLL con cola,Find,1000000,2,4824761
lista,DLL con cola,Find,1000000,3,4815599
lista,DLL con cola,Find,1000000,4,4486789
lista,DLL con cola,Find,1000000,5,4484609
lista,DLL con cola,Find,1000000,6,4435311
lista,DLL con cola,Find,1000000,7,4497058
lista,DLL con cola,Find,1000000,8,4698122
lista,DLL con cola,Find,1000000,9,4591169
lista,DLL con cola,Find,1000000,10,4520152
lista,DLL con cola,Find,1000000,11,4591522
lista,DLL con cola,Find,1000000,12,4563903
lista,DLL con cola,Find,1000000,13,4649072
lista,DLL con cola,Find,1000000,14,4449038
lista,DLL con cola,Find,1000000,15,4451457
lista,DLL con cola,Find,1000000,16,4484797
lista,DLL con cola,Find,1000000,17,4539678
lista,DLL con cola,Find,1000000,18,4455179
lista,DLL con cola,Find,1000000,19,4690830
lista,DLL con cola,Erase,1000000,0,4691183
lista,DLL con cola,Erase,1000000,1,4440224
lista,DLL con cola,Erase,1000000,2,4466207
lista,DLL con cola,Erase,1000000,3,4407407
lista,DLL con cola,Erase,1000000,4,4463501
lista,DLL con cola,Erase,1000000,5,4525620
lista,DLL con cola,Erase,1000000,6,4483211
lista,DLL con cola,Erase,1000000,7,4454807
lista,DLL con cola,Erase,1000000,8,4469430
lista,DLL con cola,Erase,1000000,9,4543729
lista,DLL con cola,Erase,1000000,10,4365746
lista,DLL con cola,Erase,1000000,11,4485192
lista,DLL con cola,Erase,1000000,12,4404933
lista,DLL con cola,Erase,1000000,13,4386513
lista,DLL con cola,Erase,1000000,14,4424110
lista,DLL con cola,Erase,1000000,15,4460401
lista,DLL con cola,Erase,1000000,16,4372295
lista,DLL con cola,Erase,1000000,17,4383547
lista,DLL con cola,Erase,1000000,18,4521078
lista,DLL con cola,Erase,1000000,19,4379380
lista,DLL con cola,AddBefore,1000000,0,1015
lista,DLL con cola,AddBefore,1000000,1,986
lista,DLL con cola,AddBefore,1000000,2,1047
lista,DLL con cola,AddBefore,1000000,3,1035
lista,DLL con cola,AddBefore,1000000,4,1084
lista,DLL con cola,AddBefore,1000000,5,1008
lista,DLL con cola,AddBefore,1000000,6,992
lista,DLL con cola,AddBefore,1000000,7,943
lista,DLL con cola,AddBefore,1000000,8,972
lista,DLL con cola,AddBefore,1000000,9,975
lista,DLL con cola,AddBefore,1000000,10,1042
lista,DLL con cola,AddBefore,1000000,11,1125
lista,DLL con cola,AddBefore,1000000,12,1072
lista,DLL con cola,AddBefore,1000000,13,1055
lista,DLL con cola,AddBefore,1000000,14,1029
lista,DLL con cola,AddBefore,1000000,15,1017
lista,DLL con cola,AddBefore,1000000,16,1079
lista,DLL con cola,AddBefore,1000000,17,1136
lista,DLL con cola,AddBefore,1000000,18,1068
lista,DLL con cola,AddBefore,1000000,19,989
lista,DLL con cola,AddAfter,1000000,0,4555
lista,DLL con cola,AddAfter,1000000,1,4291
lista,DLL con cola,AddAfter,1000000,2,4368
lista,DLL con cola,AddAfter,1000000,3,3908
lista,DLL con cola,AddAfter,1000000,4,4103
lista,DLL con cola,AddAfter,1000000,5,3706
lista,DLL con cola,AddAfter,1000000,6,3668
lista,DLL con cola,AddAfter,1000000,7,3559
lista,DLL con cola,AddAfter,1000000,8,2501
lista,DLL con cola,AddAfter,1000000,9,3727
lista,DLL con cola,AddAfter,1000000,10,3704
lista,DLL con cola,AddAfter,1000000,11,3784
lista,DLL con cola,AddAfter,1000000,12,3648
lista,DLL con cola,AddAfter,1000000,13,3684
lista,DLL con cola,AddAfter,1000000,14,4670
lista,DLL con cola,AddAfter,1000000,15,3788
lista,DLL con cola,AddAfter,1000000,16,4730
lista,DLL con cola,AddAfter,1000000,17,3626
lista,DLL con cola,AddAfter,1000000,18,3668
lista,DLL con cola,AddAfter,1000000,19,2633
lista,DLL con cola,Empty,1000000,0,48
lista,DLL con cola,Empty,1000000,1,48
lista,DLL con cola,Empty,1000000,2,49
lista,DLL con cola,Empty,1000000,3,50
lista,DLL con cola,Empty,1000000,4,50
lista,DLL con cola,Empty,1000000,5,50
lista,DLL con cola,Empty,1000000,6,50
lista,DLL con cola,Empty,1000000,7,50
lista,DLL con cola,Empty,1000000,8,48
lista,DLL con cola,Empty,1000000,9,49
lista,DLL con cola,Empty,1000000,10,50
lista,DLL con cola,Empty,1000000,11,50
lista,DLL con cola,Empty,1000000,12,50
lista,DLL con cola,Empty,1000000,13,51
lista,DLL con cola,Empty,1000000,14,49
lista,DLL con cola,Empty,1000000,15,48
lista,DLL con cola,Empty,1000000,16,48
lista,DLL con cola,Empty,1000000,17,50
lista,DLL con cola,Empty,1000000,18,50
lista,DLL con cola,Empty,1000000,19,49
lista,DLL con cola,Size,1000000,0,49
lista,DLL con cola,Size,1000000,1,50
lista,DLL con cola,Size,1000000,2,49
lista,DLL con cola,Size,1000000,3,49
lista,DLL con cola,Size,1000000,4,51
lista,DLL con cola,Size,1000000,5,50
lista,DLL con cola,Size,1000000,6,50
lista,DLL con cola,Size,1000000,7,50
lista,DLL con cola,Size,1000000,8,50
lista,DLL con cola,Size,1000000,9,50
lista,DLL con cola,Size,1000000,10,50
lista,DLL con cola,Size,1000000,11,50
lista,DLL con cola,Size,1000000,12,51
lista,DLL con cola,Size,1000000,13,51
lista,DLL con cola,Size,1000000,14,51
lista,DLL con cola,Size,1000000,15,49
lista,DLL con cola,Size,1000000,16,50
lista,DLL con cola,Size,1000000,17,51
lista,DLL con cola,Size,1000000,18,51
lista,DLL con cola,Size,1000000,19,50
pilacola,ArrayStack,Push,1000000,0,66
pilacola,ArrayStack,Push,1000000,1,69
pilacola,ArrayStack,Push,1000000,2,68
pilacola,ArrayStack,Push,1000000,3,65
pilacola,ArrayStack,Push,1000000,4,70
pilacola,ArrayStack,Push,1000000,5,66
pilacola,ArrayStack,Push,1000000,6,66
pilacola,ArrayStack,Push,1000000,7,68
pilacola,ArrayStack,Push,1000000,8,66
pilacola,ArrayStack,Push,1000000,9,68
pilacola,ArrayStack,Push,1000000,10,68
pilacola,ArrayStack,Push,1000000,11,65
pilacola,ArrayStack,Push,1000000,12,66
pilacola,ArrayStack,Push,1000000,13,67
pilacola,ArrayStack,Push,1000000,14,65
pilacola,ArrayStack,Push,1000000,15,64
pilacola,ArrayStack,Push,1000000,16,69
pilacola,ArrayStack,Push,1000000,17,66
pilacola,ArrayStack,Push,1000000,18,67
pilacola,ArrayStack,Push,1000000,19,69
pilacola,ArrayStack,Pop,1000000,0,73
pilacola,ArrayStack,Pop,1000000,1,74
pilacola,ArrayStack,Pop,1000000,2,75
pilacola,ArrayStack,Pop,1000000,3,73
pilacola,ArrayStack,Pop,1000000,4,74
pilacola,ArrayStack,Pop,1000000,5,72
pilacola,ArrayStack,Pop,1000000,6,73
pilacola,ArrayStack,Pop,1000000,7,72
pilacola,ArrayStack,Pop,1000000,8,73
pilacola,ArrayStack,Pop,1000000,9,74
pilacola,ArrayStack,Pop,1000000,10,73
pilacola,ArrayStack,Pop,1000000,11,72
pilacola,ArrayStack,Pop,1000000,12,72
pilacola,ArrayStack,Pop,1000000,13,73
pilacola,ArrayStack,Pop,1000000,14,74
pilacola,ArrayStack,Pop,1000000,15,72
pilacola,ArrayStack,Pop,1000000,16,72
pilacola,ArrayStack,Pop,1000000,17,73
pilacola,ArrayStack,Pop,1000000,18,72
pilacola,ArrayStack,Pop,1000000,19,73
pilacola,ArrayStack,Peek,1000000,0,146
pilacola,ArrayStack,Peek,1000000,1,160
pilacola,ArrayStack,Peek,1000000,2,145
pilacola,ArrayStack,Peek,1000000,3,145
pilacola,ArrayStack,Peek,1000000,4,142
pilacola,ArrayStack,Peek,1000000,5,144
pilacola,ArrayStack,Peek,1000000,6,145
pilacola,ArrayStack,Peek,1000000,7,143
pilacola,ArrayStack,Peek,1000000,8,141
pilacola,ArrayStack,Peek,1000000,9,144
pilacola,ArrayStack,Peek,1000000,10,142
pilacola,ArrayStack,Peek,1000000,11,142
pilacola,ArrayStack,Peek,1000000,12,143
pilacola,ArrayStack,Peek,1000000,13,144
pilacola,ArrayStack,Peek,1000000,14,142
pilacola,ArrayStack,Peek,1000000,15,145
pilacola,ArrayStack,Peek,1000000,16,141
pilacola,ArrayStack,Peek,1000000,17,145
pilacola,ArrayStack,Peek,1000000,18,141
pilacola,ArrayStack,Peek,1000000,19,141
pilacola,ArrayStack,IsEmpty,1000000,0,122
pilacola,ArrayStack,IsEmpty,1000000,1,123
pilacola,ArrayStack,IsEmpty,1000000,2,123
pilacola,ArrayStack,IsEmpty,1000000,3,122
pilacola,ArrayStack,IsEmpty,1000000,4,123
pilacola,ArrayStack,IsEmpty,1000000,5,123
pilacola,ArrayStack,IsEmpty,1000000,6,122
pilacola,ArrayStack,IsEmpty,1000000,7,124
pilacola,ArrayStack,IsEmpty,1000000,8,121
pilacola,ArrayStack,IsEmpty,1000000,9,123
pilacola,ArrayStack,IsEmpty,1000000,10,121
pilacola,ArrayStack,IsEmpty,1000000,11,123
pilacola,ArrayStack,IsEmpty,1000000,12,120
pilacola,ArrayStack,IsEmpty,1000000,13,123
pilacola,ArrayStack,IsEmpty,1000000,14,121
pilacola,ArrayStack,IsEmpty,1000000,15,123
pilacola,ArrayStack,IsEmpty,1000000,16,120
pilacola,ArrayStack,IsEmpty,1000000,17,124
pilacola,ArrayStack,IsEmpty,1000000,18,122
pilacola,ArrayStack,IsEmpty,1000000,19,122
pilacola,ArrayStack,Size,1000000,0,95
pilacola,ArrayStack,Size,1000000,1,103
pilacola,ArrayStack,Size,1000000,2,103
pilacola,ArrayStack,Size,1000000,3,95
pilacola,ArrayStack,Size,1000000,4,95
pilacola,ArrayStack,Size,1000000,5,96
pilacola,ArrayStack,Size,1000000,6,96
pilacola,ArrayStack,Size,1000000,7,95
pilacola,ArrayStack,Size,1000000,8,96
pilacola,ArrayStack,Size,1000000,9,94
pilacola,ArrayStack,Size,1000000,10,96
pilacola,ArrayStack,Size,1000000,11,95
pilacola,ArrayStack,Size,1000000,12,96
pilacola,ArrayStack,Size,1000000,13,95
pilacola,ArrayStack,Size,1000000,14,95
pilacola,ArrayStack,Size,1000000,15,94
pilacola,ArrayStack,Size,1000000,16,96
pilacola,ArrayStack,Size,1000000,17,95
pilacola,ArrayStack,Size,1000000,18,95
pilacola,ArrayStack,Size,1000000,19,95
pilacola,ArrayStack,Delete,1000000,0,4967193
pilacola,ArrayStack,Delete,1000000,1,4954116
pilacola,ArrayStack,Delete,1000000,2,4840740
pilacola,ArrayStack,Delete,1000000,3,4816497
pilacola,ArrayStack,Delete,1000000,4,4798798
pilacola,ArrayStack,Delete,1000000,5,4665516
pilacola,ArrayStack,Delete,1000000,6,5099517
pilacola,ArrayStack,Delete,1000000,7,4681326
pilacola,ArrayStack,Delete,1000000,8,5684561
pilacola,ArrayStack,Delete,1000000,9,4752164
pilacola,ArrayStack,Delete,1000000,10,5500713
pilacola,ArrayStack,Delete,1000000,11,4903802
pilacola,ArrayStack,Delete,1000000,12,6888762
pilacola,ArrayStack,Delete,1000000,13,4646850
pilacola,ArrayStack,Delete,1000000,14,4716253
pilacola,ArrayStack,Delete,1000000,15,4471853
pilacola,ArrayStack,Delete,1000000,16,4804045
pilacola,ArrayStack,Delete,1000000,17,4494464
pilacola,ArrayStack,Delete,1000000,18,4345093
pilacola,ArrayStack,Delete,1000000,19,4572393
pilacola,ArrayQueue,Enqueue,1000000,0,42
pilacola,ArrayQueue,Enqueue,1000000,1,42
pilacola,ArrayQueue,Enqueue,1000000,2,41
pilacola,ArrayQueue,Enqueue,1000000,3,43
pilacola,ArrayQueue,Enqueue,1000000,4,43
pilacola,ArrayQueue,Enqueue,1000000,5,42
pilacola,ArrayQueue,Enqueue,1000000,6,42
pilacola,ArrayQueue,Enqueue,1000000,7,43
pilacola,ArrayQueue,Enqueue,1000000,8,42
pilacola,ArrayQueue,Enqueue,1000000,9,43
pilacola,ArrayQueue,Enqueue,1000000,10,42
pilacola,ArrayQueue,Enqueue,1000000,11,43
pilacola,ArrayQueue,Enqueue,1000000,12,43
pilacola,ArrayQueue,Enqueue,1000000,13,42
pilacola,ArrayQueue,Enqueue,1000000,14,43
pilacola,ArrayQueue,Enqueue,1000000,15,43
pilacola,ArrayQueue,Enqueue,1000000,16,43
pilacola,ArrayQueue,Enqueue,1000000,17,42
pilacola,ArrayQueue,Enqueue,1000000,18,42
pilacola,ArrayQueue,Enqueue,1000000,19,42
pilacola,ArrayQueue,Dequeue,1000000,0,45
pilacola,ArrayQueue,Dequeue,1000000,1,140
pilacola,ArrayQueue,Dequeue,1000000,2,45
pilacola,ArrayQueue,Dequeue,1000000,3,45
pilacola,ArrayQueue,Dequeue,1000000,4,45
pilacola,ArrayQueue,Dequeue,1000000,5,44
pilacola,ArrayQueue,Dequeue,1000000,6,44
pilacola,ArrayQueue,Dequeue,1000000,7,44
pilacola,ArrayQueue,Dequeue,1000000,8,42
pilacola,ArrayQueue,Dequeue,1000000,9,47
pilacola,ArrayQueue,Dequeue,1000000,10,43
pilacola,ArrayQueue,Dequeue,1000000,11,45
pilacola,ArrayQueue,Dequeue,1000000,12,45
pilacola,ArrayQueue,Dequeue,1000000,13,43
pilacola,ArrayQueue,Dequeue,1000000,14,44
pilacola,ArrayQueue,Dequeue,1000000,15,45
pilacola,ArrayQueue,Dequeue,1000000,16,44
pilacola,ArrayQueue,Dequeue,1000000,17,45
pilacola,ArrayQueue,Dequeue,1000000,18,46
pilacola,ArrayQueue,Dequeue,1000000,19,44
pilacola,ArrayQueue,Front,1000000,0,52
pilacola,ArrayQueue,Front,1000000,1,50
pilacola,ArrayQueue,Front,1000000,2,52
pilacola,ArrayQueue,Front,1000000,3,51
pilacola,ArrayQueue,Front,1000000,4,52
pilacola,ArrayQueue,Front,1000000,5,52
pilacola,ArrayQueue,Front,1000000,6,50
pilacola,ArrayQueue,Front,1000000,7,52
pilacola,ArrayQueue,Front,1000000,8,51
pilacola,ArrayQueue,Front,1000000,9,53
pilacola,ArrayQueue,Front,1000000,10,52
pilacola,ArrayQueue,Front,1000000,11,51
pilacola,ArrayQueue,Front,1000000,12,52
pilacola,ArrayQueue,Front,1000000,13,51
pilacola,ArrayQueue,Front,1000000,14,53
pilacola,ArrayQueue,Front,1000000,15,52
pilacola,ArrayQueue,Front,1000000,16,52
pilacola,ArrayQueue,Front,1000000,17,51
pilacola,ArrayQueue,Front,1000000,18,51
pilacola,ArrayQueue,Front,1000000,19,51
pilacola,ArrayQueue,IsEmpty,1000000,0,53
pilacola,ArrayQueue,IsEmpty,1000000,1,65
pilacola,ArrayQueue,IsEmpty,1000000,2,52
pilacola,ArrayQueue,IsEmpty,1000000,3,53
pilacola,ArrayQueue,IsEmpty,1000000,4,52
pilacola,ArrayQueue,IsEmpty,1000000,5,51
pilacola,ArrayQueue,IsEmpty,1000000,6,51
pilacola,ArrayQueue,IsEmpty,1000000,7,52
pilacola,ArrayQueue,IsEmpty,1000000,8,53
pilacola,ArrayQueue,IsEmpty,1000000,9,53
pilacola,ArrayQueue,IsEmpty,1000000,10,51
pilacola,ArrayQueue,IsEmpty,1000000,11,52
pilacola,ArrayQueue,IsEmpty,1000000,12,51
pilacola,ArrayQueue,IsEmpty,1000000,13,52
pilacola,ArrayQueue,IsEmpty,1000000,14,53
pilacola,ArrayQueue,IsEmpty,1000000,15,51
pilacola,ArrayQueue,IsEmpty,1000000,16,52
pilacola,ArrayQueue,IsEmpty,1000000,17,51
pilacola,ArrayQueue,IsEmpty,1000000,18,53
pilacola,ArrayQueue,IsEmpty,1000000,19,52
pilacola,ArrayQueue,Size,1000000,0,117
pilacola,ArrayQueue,Size,1000000,1,135
pilacola,ArrayQueue,Size,1000000,2,133
pilacola,ArrayQueue,Size,1000000,3,116
pilacola,ArrayQueue,Size,1000000,4,115
pilacola,ArrayQueue,Size,1000000,5,115
pilacola,ArrayQueue,Size,1000000,6,114
pilacola,ArrayQueue,Size,1000000,7,114
pilacola,ArrayQueue,Size,1000000,8,113
pilacola,ArrayQueue,Size,1000000,9,114
pilacola,ArrayQueue,Size,1000000,10,114
pilacola,ArrayQueue,Size,1000000,11,114
pilacola,ArrayQueue,Size,1000000,12,113
pilacola,ArrayQueue,Size,1000000,13,114
pilacola,ArrayQueue,Size,1000000,14,115
pilacola,ArrayQueue,Size,1000000,15,114
pilacola,ArrayQueue,Size,1000000,16,115
pilacola,ArrayQueue,Size,1000000,17,114
pilacola,ArrayQueue,Size,1000000,18,113
pilacola,ArrayQueue,Size,1000000,19,115
pilacola,ArrayQueue,Delete,1000000,0,3385137
pilacola,ArrayQueue,Delete,1000000,1,3239825
pilacola,ArrayQueue,Delete,1000000,2,3293554
pilacola,ArrayQueue,Delete,1000000,3,3226337
pilacola,ArrayQueue,Delete,1000000,4,3322612
pilacola,ArrayQueue,Delete,1000000,5,3266276
pilacola,ArrayQueue,Delete,1000000,6,3845554
pilacola,ArrayQueue,Delete,1000000,7,3876937
pilacola,ArrayQueue,Delete,1000000,8,3952856
pilacola,ArrayQueue,Delete,1000000,9,3857323
pilacola,ArrayQueue,Delete,1000000,10,4040753
pilacola,ArrayQueue,Delete,1000000,11,4061460
pilacola,ArrayQueue,Delete,1000000,12,4115097
pilacola,ArrayQueue,Delete,1000000,13,3295408
pilacola,ArrayQueue,Delete,1000000,14,3227712
pilacola,ArrayQueue,Delete,1000000,15,3199019
pilacola,ArrayQueue,Delete,1000000,16,3425947
pilacola,ArrayQueue,Delete,1000000,17,3446091
pilacola,ArrayQueue,Delete,1000000,18,3328395
pilacola,ArrayQueue,Delete,1000000,19,3315581
crecimiento,Duplicar (x2),Push total,1000000,0,4527640
crecimiento,Duplicar (x2),Push total,1000000,1,4200015
crecimiento,Duplicar (x2),Push total,1000000,2,4510665
crecimiento,Duplicar (x2),Push total,1000000,3,4597527
crecimiento,Duplicar (x2),Enqueue total,1000000,0,4787900
crecimiento,Duplicar (x2),Enqueue total,1000000,1,4549415
crecimiento,Duplicar (x2),Enqueue total,1000000,2,4372606
crecimiento,Duplicar (x2),Enqueue total,1000000,3,4020802
crecimiento,Incremento fijo (+1000),Push total,1000000,0,422507683
crecimiento,Incremento fijo (+1000),Push total,1000000,1,435100131
crecimiento,Incremento fijo (+1000),Push total,1000000,2,436135187
crecimiento,Incremento fijo (+1000),Push total,1000000,3,400509811
crecimiento,Duplicar (x2),Push con redimension,1000000,0,1336700
crecimiento,Duplicar (x2),Push con redimension,1000000,1,1493386
crecimiento,Duplicar (x2),Push con redimension,1000000,2,1338040
crecimiento,Duplicar (x2),Push con redimension,1000000,3,1480513
lista,SLL sin cola,PushFront,10000000,0,43
lista,SLL sin cola,PushFront,10000000,1,42
lista,SLL sin cola,PushFront,10000000,2,44
lista,SLL sin cola,PushFront,10000000,3,43
lista,SLL sin cola,PushFront,10000000,4,42
lista,SLL sin cola,PushFront,10000000,5,42
lista,SLL sin cola,PushFront,10000000,6,43
lista,SLL sin cola,PushFront,10000000,7,43
lista,SLL sin cola,PushFront,10000000,8,43
lista,SLL sin cola,PushFront,10000000,9,43
lista,SLL sin cola,PushBack,10000000,0,53577513
lista,SLL sin cola,PushBack,10000000,1,53191924
lista,SLL sin cola,PushBack,10000000,2,53662171
lista,SLL sin cola,PushBack,10000000,3,54129966
lista,SLL sin cola,PushBack,10000000,4,54182351
lista,SLL sin cola,PushBack,10000000,5,53023539
lista,SLL sin cola,PushBack,10000000,6,52798731
lista,SLL sin cola,PushBack,10000000,7,54068207
lista,SLL sin cola,PushBack,10000000,8,54631134
lista,SLL sin cola,PushBack,10000000,9,54173528
lista,SLL sin cola,PopFront,10000000,0,45
lista,SLL sin cola,PopFront,10000000,1,42
lista,SLL sin cola,PopFront,10000000,2,44
lista,SLL sin cola,PopFront,10000000,3,43
lista,SLL sin cola,PopFront,10000000,4,44
lista,SLL sin cola,PopFront,10000000,5,44
lista,SLL sin cola,PopFront,10000000,6,43
lista,SLL sin cola,PopFront,10000000,7,46
lista,SLL sin cola,PopFront,10000000,8,44
lista,SLL sin cola,PopFront,10000000,9,44
lista,SLL sin cola,PopBack,10000000,0,55215812
lista,SLL sin cola,PopBack,10000000,1,56794316
lista,SLL sin cola,PopBack,10000000,2,55157739
lista,SLL sin cola,PopBack,10000000,3,54348499
lista,SLL sin cola,PopBack,10000000,4,56566716
lista,SLL sin cola,PopBack,10000000,5,55747789
lista,SLL sin cola,PopBack,10000000,6,56173867
lista,SLL sin cola,PopBack,10000000,7,55557030
lista,SLL sin cola,PopBack,10000000,8,56453564
lista,SLL sin cola,PopBack,10000000,9,55682413
lista,SLL sin cola,TopFront,10000000,0,50
lista,SLL sin cola,TopFront,10000000,1,51
lista,SLL sin cola,TopFront,10000000,2,49
lista,SLL sin cola,TopFront,10000000,3,50
lista,SLL sin cola,TopFront,10000000,4,50
lista,SLL sin cola,TopFront,10000000,5,49
lista,SLL sin cola,TopFront,10000000,6,49
lista,SLL sin cola,TopFront,10000000,7,49
lista,SLL sin cola,TopFront,10000000,8,49
lista,SLL sin cola,TopFront,10000000,9,49
lista,SLL sin cola,TopBack,10000000,0,55092629
lista,SLL sin cola,TopBack,10000000,1,54378949
lista,SLL sin cola,TopBack,10000000,2,54044728
lista,SLL sin cola,TopBack,10000000,3,54882130
lista,SLL sin cola,TopBack,10000000,4,55325872
lista,SLL sin cola,TopBack,10000000,5,55993055
lista,SLL sin cola,TopBack,10000000,6,56063691
lista,SLL sin cola,TopBack,10000000,7,54605230
lista,SLL sin cola,TopBack,10000000,8,58497609
lista,SLL sin cola,TopBack,10000000,9,62275121
lista,SLL sin cola,Find,10000000,0,80010884
lista,SLL sin cola,Find,10000000,1,73097679
lista,SLL sin cola,Find,10000000,2,84318643
lista,SLL sin cola,Find,10000000,3,73858239
lista,SLL sin cola,Find,10000000,4,72422310
lista,SLL sin cola,Find,10000000,5,73407028
lista,SLL sin cola,Find,10000000,6,72346517
lista,SLL sin cola,Find,10000000,7,73502659
lista,SLL sin cola,Find,10000000,8,72671154
lista,SLL sin cola,Find,10000000,9,68975773
lista,SLL sin cola,Erase,10000000,0,63668069
lista,SLL sin cola,Erase,10000000,1,65648075
lista,SLL sin cola,Erase,10000000,2,64844763
lista,SLL sin cola,Erase,10000000,3,58646182
lista,SLL sin cola,Erase,10000000,4,63510258
lista,SLL sin cola,Erase,10000000,5,63919843
lista,SLL sin cola,Erase,10000000,6,59735352
lista,SLL sin cola,Erase,10000000,7,59145746
lista,SLL sin cola,Erase,10000000,8,66091453
lista,SLL sin cola,Erase,10000000,9,62313361
lista,SLL sin cola,AddBefore,10000000,0,72866046
lista,SLL sin cola,AddBefore,10000000,1,71774335
lista,SLL sin cola,AddBefore,10000000,2,71309791
lista,SLL sin cola,AddBefore,10000000,3,72013671
lista,SLL sin cola,AddBefore,10000000,4,69208434
lista,SLL sin cola,AddBefore,10000000,5,73276999
lista,SLL sin cola,AddBefore,10000000,6,71416008
lista,SLL sin cola,AddBefore,10000000,7,71944165
lista,SLL sin cola,AddBefore,10000000,8,68982012
lista,SLL sin cola,AddBefore,10000000,9,72551033
lista,SLL sin cola,AddAfter,10000000,0,6819
lista,SLL sin cola,AddAfter,10000000,1,3463
lista,SLL sin cola,AddAfter,10000000,2,3157
lista,SLL sin cola,AddAfter,10000000,3,4079
lista,SLL sin cola,AddAfter,10000000,4,3659
lista,SLL sin cola,AddAfter,10000000,5,3307
lista,SLL sin cola,AddAfter,10000000,6,2897
lista,SLL sin cola,AddAfter,10000000,7,3266
lista,SLL sin cola,AddAfter,10000000,8,3880
lista,SLL sin cola,AddAfter,10000000,9,3054
lista,SLL sin cola,Empty,10000000,0,49
lista,SLL sin cola,Empty,10000000,1,49
lista,SLL sin cola,Empty,10000000,2,48
lista,SLL sin cola,Empty,10000000,3,48
lista,SLL sin cola,Empty,10000000,4,49
lista,SLL sin cola,Empty,10000000,5,48
lista,SLL sin cola,Empty,10000000,6,49
lista,SLL sin cola,Empty,10000000,7,50
lista,SLL sin cola,Empty,10000000,8,49
lista,SLL sin cola,Empty,10000000,9,50
lista,SLL sin cola,Size,10000000,0,50
lista,SLL sin cola,Size,10000000,1,48
lista,SLL sin cola,Size,10000000,2,51
lista,SLL sin cola,Size,10000000,3,50
lista,SLL sin cola,Size,10000000,4,49
lista,SLL sin cola,Size,10000000,5,49
lista,SLL sin cola,Size,10000000,6,50
lista,SLL sin cola,Size,10000000,7,50
lista,SLL sin cola,Size,10000000,8,51
lista,SLL sin cola,Size,10000000,9,50
lista,SLL con cola,PushFront,10000000,0,42
lista,SLL con cola,PushFront,10000000,1,41
lista,SLL con cola,PushFront,10000000,2,42
lista,SLL con cola,PushFront,10000000,3,42
lista,SLL con cola,PushFront,10000000,4,42
lista,SLL con cola,PushFront,10000000,5,42
lista,SLL con cola,PushFront,10000000,6,43
lista,SLL con cola,PushFront,10000000,7,42
lista,SLL con cola,PushFront,10000000,8,42
lista,SLL con cola,PushFront,10000000,9,43
lista,SLL con cola,PushBack,10000000,0,2677
lista,SLL con cola,PushBack,10000000,1,2815
lista,SLL con cola,PushBack,10000000,2,3245
lista,SLL con cola,PushBack,10000000,3,3055
lista,SLL con cola,PushBack,10000000,4,2902
lista,SLL con cola,PushBack,10000000,5,3692
lista,SLL con cola,PushBack,10000000,6,3133
lista,SLL con cola,PushBack,10000000,7,2518
lista,SLL con cola,PushBack,10000000,8,2586
lista,SLL con cola,PushBack,10000000,9,3032
lista,SLL con cola,PopFront,10000000,0,43
lista,SLL con cola,PopFront,10000000,1,46
lista,SLL con cola,PopFront,10000000,2,44
lista,SLL con cola,PopFront,10000000,3,44
lista,SLL con cola,PopFront,10000000,4,44
lista,SLL con cola,PopFront,10000000,5,9530
lista,SLL con cola,PopFront,10000000,6,48
lista,SLL con cola,PopFront,10000000,7,43
lista,SLL con cola,PopFront,10000000,8,47
lista,SLL con cola,PopFront,10000000,9,44
lista,SLL con cola,PopBack,10000000,0,53555247
lista,SLL con cola,PopBack,10000000,1,54095209
lista,SLL con cola,PopBack,10000000,2,53623313
lista,SLL con cola,PopBack,10000000,3,55073149
lista,SLL con cola,PopBack,10000000,4,55034677
lista,SLL con cola,PopBack,10000000,5,54687254
lista,SLL con cola,PopBack,10000000,6,55088184
lista,SLL con cola,PopBack,10000000,7,54346619
lista,SLL con cola,PopBack,10000000,8,54668174
lista,SLL con cola,PopBack,10000000,9,53692787
lista,SLL con cola,TopFront,10000000,0,51
lista,SLL con cola,TopFront,10000000,1,51
lista,SLL con cola,TopFront,10000000,2,50
lista,SLL con cola,TopFront,10000000,3,51
lista,SLL con cola,TopFront,10000000,4,49
lista,SLL con cola,TopFront,10000000,5,48
lista,SLL con cola,TopFront,10000000,6,50
lista,SLL con cola,TopFront,10000000,7,50
lista,SLL con cola,TopFront,10000000,8,50
lista,SLL con cola,TopFront,10000000,9,49
lista,SLL con cola,TopBack,10000000,0,51
lista,SLL con cola,TopBack,10000000,1,51
lista,SLL con cola,TopBack,10000000,2,50
lista,SLL con cola,TopBack,10000000,3,50
lista,SLL con cola,TopBack,10000000,4,51
lista,SLL con cola,TopBack,10000000,5,51
lista,SLL con cola,TopBack,10000000,6,50
lista,SLL con cola,TopBack,10000000,7,50
lista,SLL con cola,TopBack,10000000,8,50
lista,SLL con cola,TopBack,10000000,9,50
lista,SLL con cola,Find,10000000,0,69930798
lista,SLL con cola,Find,10000000,1,70030865
lista,SLL con cola,Find,10000000,2,70770231
lista,SLL con cola,Find,10000000,3,71000379
lista,SLL con cola,Find,10000000,4,69355781
lista,SLL con cola,Find,10000000,5,70640276
lista,SLL con cola,Find,10000000,6,73655996
lista,SLL con cola,Find,10000000,7,86220295
lista,SLL con cola,Find,10000000,8,75599740
lista,SLL con cola,Find,10000000,9,73553580
lista,SLL con cola,Erase,10000000,0,64092790
lista,SLL con cola,Erase,10000000,1,58468053
lista,SLL con cola,Erase,10000000,2,57379312
lista,SLL con cola,Erase,10000000,3,56269195
lista,SLL con cola,Erase,10000000,4,55444705
lista,SLL con cola,Erase,10000000,5,57238839
lista,SLL con cola,Erase,10000000,6,60412777
lista,SLL con cola,Erase,10000000,7,61192892
lista,SLL con cola,Erase,10000000,8,61736488
lista,SLL con cola,Erase,10000000,9,61174603
lista,SLL con cola,AddBefore,10000000,0,73520274
lista,SLL con cola,AddBefore,10000000,1,100024874
lista,SLL con cola,AddBefore,10000000,2,81060112
lista,SLL con cola,AddBefore,10000000,3,67276484
lista,SLL con cola,AddBefore,10000000,4,78793992
lista,SLL con cola,AddBefore,10000000,5,75169213
lista,SLL con cola,AddBefore,10000000,6,69136820
lista,SLL con cola,AddBefore,10000000,7,74719344
lista,SLL con cola,AddBefore,10000000,8,70807809
lista,SLL con cola,AddBefore,10000000,9,71044965
lista,SLL con cola,AddAfter,10000000,0,3665
lista,SLL con cola,AddAfter,10000000,1,3865
lista,SLL con cola,AddAfter,10000000,2,3521
lista,SLL con cola,AddAfter,10000000,3,3810
lista,SLL con cola,AddAfter,10000000,4,3093
lista,SLL con cola,AddAfter,10000000,5,4069
lista,SLL con cola,AddAfter,10000000,6,3307
lista,SLL con cola,AddAfter,10000000,7,3870
lista,SLL con cola,AddAfter,10000000,8,3146
lista,SLL con cola,AddAfter,10000000,9,3290
lista,SLL con cola,Empty,10000000,0,48
lista,SLL con cola,Empty,10000000,1,51
lista,SLL con cola,Empty,10000000,2,49
lista,SLL con cola,Empty,10000000,3,50
lista,SLL con cola,Empty,10000000,4,49
lista,SLL con cola,Empty,10000000,5,49
lista,SLL con cola,Empty,10000000,6,50
lista,SLL con cola,Empty,10000000,7,49
lista,SLL con cola,Empty,10000000,8,52
lista,SLL con cola,Empty,10000000,9,49
lista,SLL con cola,Size,10000000,0,49
lista,SLL con cola,Size,10000000,1,50
lista,SLL con cola,Size,10000000,2,51
lista,SLL con cola,Size,10000000,3,49
lista,SLL con cola,Size,10000000,4,51
lista,SLL con cola,Size,10000000,5,50
lista,SLL con cola,Size,10000000,6,51
lista,SLL con cola,Size,10000000,7,51
lista,SLL con cola,Size,10000000,8,50
lista,SLL con cola,Size,10000000,9,51
lista,DLL sin cola,PushFront,10000000,0,42
lista,DLL sin cola,PushFront,10000000,1,43
lista,DLL sin cola,PushFront,10000000,2,42
lista,DLL sin cola,PushFront,10000000,3,42
lista,DLL sin cola,PushFront,10000000,4,42
lista,DLL sin cola,PushFront,10000000,5,43
lista,DLL sin cola,PushFront,10000000,6,42
lista,DLL sin cola,PushFront,10000000,7,42
lista,DLL sin cola,PushFront,10000000,8,43
lista,DLL sin cola,PushFront,10000000,9,43
lista,DLL sin cola,PushBack,10000000,0,54070467
lista,DLL sin cola,PushBack,10000000,1,56747044
lista,DLL sin cola,PushBack,10000000,2,57623052
lista,DLL sin cola,PushBack,10000000,3,55702294
lista,DLL sin cola,PushBack,10000000,4,55808964
lista,DLL sin cola,PushBack,10000000,5,56827713
lista,DLL sin cola,PushBack,10000000,6,61044179
lista,DLL sin cola,PushBack,10000000,7,55978413
lista,DLL sin cola,PushBack,10000000,8,58236412
lista,DLL sin cola,PushBack,10000000,9,53864543
lista,DLL sin cola,PopFront,10000000,0,44
lista,DLL sin cola,PopFront,10000000,1,44
lista,DLL sin cola,PopFront,10000000,2,44
lista,DLL sin cola,PopFront,10000000,3,44
lista,DLL sin cola,PopFront,10000000,4,44
lista,DLL sin cola,PopFront,10000000,5,9957
lista,DLL sin cola,PopFront,10000000,6,51
lista,DLL sin cola,PopFront,10000000,7,44
lista,DLL sin cola,PopFront,10000000,8,48
lista,DLL sin cola,PopFront,10000000,9,43
lista,DLL sin cola,PopBack,10000000,0,54429275
lista,DLL sin cola,PopBack,10000000,1,63739865
lista,DLL sin cola,PopBack,10000000,2,60879557
lista,DLL sin cola,PopBack,10000000,3,56490875
lista,DLL sin cola,PopBack,10000000,4,57634093
lista,DLL sin cola,PopBack,10000000,5,62604589
lista,DLL sin cola,PopBack,10000000,6,54876429
lista,DLL sin cola,PopBack,10000000,7,63238305
lista,DLL sin cola,PopBack,10000000,8,58203812
lista,DLL sin cola,PopBack,10000000,9,55382702
lista,DLL sin cola,TopFront,10000000,0,49
lista,DLL sin cola,TopFront,10000000,1,49
lista,DLL sin cola,TopFront,10000000,2,51
lista,DLL sin cola,TopFront,10000000,3,50
lista,DLL sin cola,TopFront,10000000,4,49
lista,DLL sin cola,TopFront,10000000,5,49
lista,DLL sin cola,TopFront,10000000,6,49
lista,DLL sin cola,TopFront,10000000,7,49
lista,DLL sin cola,TopFront,10000000,8,50
lista,DLL sin cola,TopFront,10000000,9,51
lista,DLL sin cola,TopBack,10000000,0,54539282
lista,DLL sin cola,TopBack,10000000,1,54543164
lista,DLL sin cola,TopBack,10000000,2,55973712
lista,DLL sin cola,TopBack,10000000,3,55634592
lista,DLL sin cola,TopBack,10000000,4,58892778
lista,DLL sin cola,TopBack,10000000,5,57661163
lista,DLL sin cola,TopBack,10000000,6,56736680
lista,DLL sin cola,TopBack,10000000,7,70522319
lista,DLL sin cola,TopBack,10000000,8,57283977
lista,DLL sin cola,TopBack,10000000,9,69492839
lista,DLL sin cola,Find,10000000,0,77056580
lista,DLL sin cola,Find,10000000,1,76748117
lista,DLL sin cola,Find,10000000,2,84838160
lista,DLL sin cola,Find,10000000,3,76154460
lista,DLL sin cola,Find,10000000,4,72999913
lista,DLL sin cola,Find,10000000,5,85874922
lista,DLL sin cola,Find,10000000,6,77070313
lista,DLL sin cola,Find,10000000,7,74395397
lista,DLL sin cola,Find,10000000,8,72298404
lista,DLL sin cola,Find,10000000,9,71083026
lista,DLL sin cola,Erase,10000000,0,73372756
lista,DLL sin cola,Erase,10000000,1,75465301
lista,DLL sin cola,Erase,10000000,2,74785187
lista,DLL sin cola,Erase,10000000,3,76299272
lista,DLL sin cola,Erase,10000000,4,78692538
lista,DLL sin cola,Erase,10000000,5,73981544
lista,DLL sin cola,Erase,10000000,6,73332198
lista,DLL sin cola,Erase,10000000,7,75581067
lista,DLL sin cola,Erase,10000000,8,81070385
lista,DLL sin cola,Erase,10000000,9,104957103
lista,DLL sin cola,AddBefore,10000000,0,2717
lista,DLL sin cola,AddBefore,10000000,1,2648
lista,DLL sin cola,AddBefore,10000000,2,3304
lista,DLL sin cola,AddBefore,10000000,3,2601
lista,DLL sin cola,AddBefore,10000000,4,2971
lista,DLL sin cola,AddBefore,10000000,5,2638
lista,DLL sin cola,AddBefore,10000000,6,2595
lista,DLL sin cola,AddBefore,10000000,7,2469
lista,DLL sin cola,AddBefore,10000000,8,3004
lista,DLL sin cola,AddBefore,10000000,9,3810
lista,DLL sin cola,AddAfter,10000000,0,2415
lista,DLL sin cola,AddAfter,10000000,1,2703
lista,DLL sin cola,AddAfter,10000000,2,2546
lista,DLL sin cola,AddAfter,10000000,3,2924
lista,DLL sin cola,AddAfter,10000000,4,2814
lista,DLL sin cola,AddAfter,10000000,5,3197
lista,DLL sin cola,AddAfter,10000000,6,2856
lista,DLL sin cola,AddAfter,10000000,7,2862
lista,DLL sin cola,AddAfter,10000000,8,3072
lista,DLL sin cola,AddAfter,10000000,9,3371
lista,DLL sin cola,Empty,10000000,0,48
lista,DLL sin cola,Empty,10000000,1,50
lista,DLL sin cola,Empty,10000000,2,50
lista,DLL sin cola,Empty,10000000,3,48
lista,DLL sin cola,Empty,10000000,4,48
lista,DLL sin cola,Empty,10000000,5,48
lista,DLL sin cola,Empty,10000000,6,49
lista,DLL sin cola,Empty,10000000,7,49
lista,DLL sin cola,Empty,10000000,8,50
lista,DLL sin cola,Empty,10000000,9,49
lista,DLL sin cola,Size,10000000,0,51
lista,DLL sin cola,Size,10000000,1,49
lista,DLL sin cola,Size,10000000,2,50
lista,DLL sin cola,Size,10000000,3,50
lista,DLL sin cola,Size,10000000,4,50
lista,DLL sin cola,Size,10000000,5,50
lista,DLL sin cola,Size,10000000,6,50
lista,DLL sin cola,Size,10000000,7,51
lista,DLL sin cola,Size,10000000,8,50
lista,DLL sin cola,Size,10000000,9,51
lista,DLL con cola,PushFront,10000000,0,42
lista,DLL con cola,PushFront,10000000,1,42
lista,DLL con cola,PushFront,10000000,2,43
lista,DLL con cola,PushFront,10000000,3,43
lista,DLL con cola,PushFront,10000000,4,42
lista,DLL con cola,PushFront,10000000,5,42
lista,DLL con cola,PushFront,10000000,6,44
lista,DLL con cola,PushFront,10000000,7,43
lista,DLL con cola,PushFront,10000000,8,43
lista,DLL con cola,PushFront,10000000,9,42
lista,DLL con cola,PushBack,10000000,0,68
lista,DLL con cola,PushBack,10000000,1,46
lista,DLL con cola,PushBack,10000000,2,44
lista,DLL con cola,PushBack,10000000,3,46
lista,DLL con cola,PushBack,10000000,4,45
lista,DLL con cola,PushBack,10000000,5,46
lista,DLL con cola,PushBack,10000000,6,46
lista,DLL con cola,PushBack,10000000,7,45
lista,DLL con cola,PushBack,10000000,8,45
lista,DLL con cola,PushBack,10000000,9,45
lista,DLL con cola,PopFront,10000000,0,44
lista,DLL con cola,PopFront,10000000,1,45
lista,DLL con cola,PopFront,10000000,2,46
lista,DLL con cola,PopFront,10000000,3,45
lista,DLL con cola,PopFront,10000000,4,46
lista,DLL con cola,PopFront,10000000,5,8818
lista,DLL con cola,PopFront,10000000,6,48
lista,DLL con cola,PopFront,10000000,7,45
lista,DLL con cola,PopFront,10000000,8,51
lista,DLL con cola,PopFront,10000000,9,46
lista,DLL con cola,PopBack,10000000,0,44
lista,DLL con cola,PopBack,10000000,1,45
lista,DLL con cola,PopBack,10000000,2,44
lista,DLL con cola,PopBack,10000000,3,45
lista,DLL con cola,PopBack,10000000,4,43
lista,DLL con cola,PopBack,10000000,5,45
lista,DLL con cola,PopBack,10000000,6,45
lista,DLL con cola,PopBack,10000000,7,45
lista,DLL con cola,PopBack,10000000,8,45
lista,DLL con cola,PopBack,10000000,9,45
lista,DLL con cola,TopFront,10000000,0,50
lista,DLL con cola,TopFront,10000000,1,49
lista,DLL con cola,TopFront,10000000,2,50
lista,DLL con cola,TopFront,10000000,3,51
lista,DLL con cola,TopFront,10000000,4,50
lista,DLL con cola,TopFront,10000000,5,50
lista,DLL con cola,TopFront,10000000,6,50
lista,DLL con cola,TopFront,10000000,7,50
lista,DLL con cola,TopFront,10000000,8,51
lista,DLL con cola,TopFront,10000000,9,48
lista,DLL con cola,TopBack,10000000,0,50
lista,DLL con cola,TopBack,10000000,1,50
lista,DLL con cola,TopBack,10000000,2,50
lista,DLL con cola,TopBack,10000000,3,49
lista,DLL con cola,TopBack,10000000,4,50
lista,DLL con cola,TopBack,10000000,5,49
lista,DLL con cola,TopBack,10000000,6,50
lista,DLL con cola,TopBack,10000000,7,49
lista,DLL con cola,TopBack,10000000,8,50
lista,DLL con cola,TopBack,10000000,9,50
lista,DLL con cola,Find,10000000,0,70391048
lista,DLL con cola,Find,10000000,1,69818380
lista,DLL con cola,Find,10000000,2,68380648
lista,DLL con cola,Find,10000000,3,69207276
lista,DLL con cola,Find,10000000,4,68675299
lista,DLL con cola,Find,10000000,5,68901649
lista,DLL con cola,Find,10000000,6,71411674
lista,DLL con cola,Find,10000000,7,73190925
lista,DLL con cola,Find,10000000,8,70744311
lista,DLL con cola,Find,10000000,9,70478401
lista,DLL con cola,Erase,10000000,0,69843922
lista,DLL con cola,Erase,10000000,1,68350191
lista,DLL con cola,Erase,10000000,2,73998132
lista,DLL con cola,Erase,10000000,3,75667172
lista,DLL con cola,Erase,10000000,4,73173328
lista,DLL con cola,Erase,10000000,5,75519296
lista,DLL con cola,Erase,10000000,6,75498714
lista,DLL con cola,Erase,10000000,7,69943066
lista,DLL con cola,Erase,10000000,8,69748297
lista,DLL con cola,Erase,10000000,9,68669131
lista,DLL con cola,AddBefore,10000000,0,3233
lista,DLL con cola,AddBefore,10000000,1,3261
lista,DLL con cola,AddBefore,10000000,2,3011
lista,DLL con cola,AddBefore,10000000,3,3418
lista,DLL con cola,AddBefore,10000000,4,2720
lista,DLL con cola,AddBefore,10000000,5,4142
lista,DLL con cola,AddBefore,10000000,6,3470
lista,DLL con cola,AddBefore,10000000,7,3725
lista,DLL con cola,AddBefore,10000000,8,3391
lista,DLL con cola,AddBefore,10000000,9,2672
lista,DLL con cola,AddAfter,10000000,0,13189
lista,DLL con cola,AddAfter,10000000,1,13301
lista,DLL con cola,AddAfter,10000000,2,34442
lista,DLL con cola,AddAfter,10000000,3,11674
lista,DLL con cola,AddAfter,10000000,4,12344
lista,DLL con cola,AddAfter,10000000,5,12445
lista,DLL con cola,AddAfter,10000000,6,58021
lista,DLL con cola,AddAfter,10000000,7,26999
lista,DLL con cola,AddAfter,10000000,8,13606
lista,DLL con cola,AddAfter,10000000,9,3148
lista,DLL con cola,Empty,10000000,0,48
lista,DLL con cola,Empty,10000000,1,49
lista,DLL con cola,Empty,10000000,2,48
lista,DLL con cola,Empty,10000000,3,48
lista,DLL con cola,Empty,10000000,4,48
lista,DLL con cola,Empty,10000000,5,49
lista,DLL con cola,Empty,10000000,6,48
lista,DLL con cola,Empty,10000000,7,49
lista,DLL con cola,Empty,10000000,8,50
lista,DLL con cola,Empty,10000000,9,49
lista,DLL con cola,Size,10000000,0,49
lista,DLL con cola,Size,10000000,1,50
lista,DLL con cola,Size,10000000,2,49
lista,DLL con cola,Size,10000000,3,49
lista,DLL con cola,Size,10000000,4,49
lista,DLL con cola,Size,10000000,5,50
lista,DLL con cola,Size,10000000,6,49
lista,DLL con cola,Size,10000000,7,49
lista,DLL con cola,Size,10000000,8,49
lista,DLL con cola,Size,10000000,9,50
pilacola,ArrayStack,Push,10000000,0,67
pilacola,ArrayStack,Push,10000000,1,64
pilacola,ArrayStack,Push,10000000,2,67
pilacola,ArrayStack,Push,10000000,3,66
pilacola,ArrayStack,Push,10000000,4,64
pilacola,ArrayStack,Push,10000000,5,66
pilacola,ArrayStack,Push,10000000,6,64
pilacola,ArrayStack,Push,10000000,7,65
pilacola,ArrayStack,Push,10000000,8,63
pilacola,ArrayStack,Push,10000000,9,65
pilacola,ArrayStack,Pop,10000000,0,79
pilacola,ArrayStack,Pop,10000000,1,89
pilacola,ArrayStack,Pop,10000000,2,74
pilacola,ArrayStack,Pop,10000000,3,72
pilacola,ArrayStack,Pop,10000000,4,3995
pilacola,ArrayStack,Pop,10000000,5,97
pilacola,ArrayStack,Pop,10000000,6,411960
pilacola,ArrayStack,Pop,10000000,7,1917
pilacola,ArrayStack,Pop,10000000,8,6880
pilacola,ArrayStack,Pop,10000000,9,91
pilacola,ArrayStack,Peek,10000000,0,156
pilacola,ArrayStack,Peek,10000000,1,153
pilacola,ArrayStack,Peek,10000000,2,141
pilacola,ArrayStack,Peek,10000000,3,142
pilacola,ArrayStack,Peek,10000000,4,142
pilacola,ArrayStack,Peek,10000000,5,147
pilacola,ArrayStack,Peek,10000000,6,718298
pilacola,ArrayStack,Peek,10000000,7,3438
pilacola,ArrayStack,Peek,10000000,8,7458
pilacola,ArrayStack,Peek,10000000,9,65
pilacola,ArrayStack,IsEmpty,10000000,0,140
pilacola,ArrayStack,IsEmpty,10000000,1,122
pilacola,ArrayStack,IsEmpty,10000000,2,125
pilacola,ArrayStack,IsEmpty,10000000,3,126
pilacola,ArrayStack,IsEmpty,10000000,4,121
pilacola,ArrayStack,IsEmpty,10000000,5,123
pilacola,ArrayStack,IsEmpty,10000000,6,281863
pilacola,ArrayStack,IsEmpty,10000000,7,2466
pilacola,ArrayStack,IsEmpty,10000000,8,964
pilacola,ArrayStack,IsEmpty,10000000,9,70
pilacola,ArrayStack,Size,10000000,0,97
pilacola,ArrayStack,Size,10000000,1,95
pilacola,ArrayStack,Size,10000000,2,97
pilacola,ArrayStack,Size,10000000,3,100
pilacola,ArrayStack,Size,10000000,4,120
pilacola,ArrayStack,Size,10000000,5,97
pilacola,ArrayStack,Size,10000000,6,213079
pilacola,ArrayStack,Size,10000000,7,1502
pilacola,ArrayStack,Size,10000000,8,1194
pilacola,ArrayStack,Size,10000000,9,55
pilacola,ArrayStack,Delete,10000000,0,48778105
pilacola,ArrayStack,Delete,10000000,1,47875097
pilacola,ArrayStack,Delete,10000000,2,49412480
pilacola,ArrayStack,Delete,10000000,3,45810664
pilacola,ArrayStack,Delete,10000000,4,46227744
pilacola,ArrayStack,Delete,10000000,5,46336341
pilacola,ArrayStack,Delete,10000000,6,45926579
pilacola,ArrayStack,Delete,10000000,7,46062753
pilacola,ArrayStack,Delete,10000000,8,47029247
pilacola,ArrayStack,Delete,10000000,9,46304696
pilacola,ArrayQueue,Enqueue,10000000,0,53
pilacola,ArrayQueue,Enqueue,10000000,1,63
pilacola,ArrayQueue,Enqueue,10000000,2,44
pilacola,ArrayQueue,Enqueue,10000000,3,41
pilacola,ArrayQueue,Enqueue,10000000,4,43
pilacola,ArrayQueue,Enqueue,10000000,5,42
pilacola,ArrayQueue,Enqueue,10000000,6,44
pilacola,ArrayQueue,Enqueue,10000000,7,42
pilacola,ArrayQueue,Enqueue,10000000,8,43
pilacola,ArrayQueue,Enqueue,10000000,9,41
pilacola,ArrayQueue,Dequeue,10000000,0,79
pilacola,ArrayQueue,Dequeue,10000000,1,78
pilacola,ArrayQueue,Dequeue,10000000,2,443
pilacola,ArrayQueue,Dequeue,10000000,3,72
pilacola,ArrayQueue,Dequeue,10000000,4,3789
pilacola,ArrayQueue,Dequeue,10000000,5,82
pilacola,ArrayQueue,Dequeue,10000000,6,173
pilacola,ArrayQueue,Dequeue,10000000,7,305
pilacola,ArrayQueue,Dequeue,10000000,8,79
pilacola,ArrayQueue,Dequeue,10000000,9,74
pilacola,ArrayQueue,Front,10000000,0,165
pilacola,ArrayQueue,Front,10000000,1,126
pilacola,ArrayQueue,Front,10000000,2,129
pilacola,ArrayQueue,Front,10000000,3,135
pilacola,ArrayQueue,Front,10000000,4,123
pilacola,ArrayQueue,Front,10000000,5,125
pilacola,ArrayQueue,Front,10000000,6,125
pilacola,ArrayQueue,Front,10000000,7,124
pilacola,ArrayQueue,Front,10000000,8,127
pilacola,ArrayQueue,Front,10000000,9,123
pilacola,ArrayQueue,IsEmpty,10000000,0,125
pilacola,ArrayQueue,IsEmpty,10000000,1,122
pilacola,ArrayQueue,IsEmpty,10000000,2,125
pilacola,ArrayQueue,IsEmpty,10000000,3,124
pilacola,ArrayQueue,IsEmpty,10000000,4,122
pilacola,ArrayQueue,IsEmpty,10000000,5,549
pilacola,ArrayQueue,IsEmpty,10000000,6,2403
pilacola,ArrayQueue,IsEmpty,10000000,7,173
pilacola,ArrayQueue,IsEmpty,10000000,8,129
pilacola,ArrayQueue,IsEmpty,10000000,9,134
pilacola,ArrayQueue,Size,10000000,0,101
pilacola,ArrayQueue,Size,10000000,1,97
pilacola,ArrayQueue,Size,10000000,2,118
pilacola,ArrayQueue,Size,10000000,3,96
pilacola,ArrayQueue,Size,10000000,4,98
pilacola,ArrayQueue,Size,10000000,5,95
pilacola,ArrayQueue,Size,10000000,6,95
pilacola,ArrayQueue,Size,10000000,7,1158
pilacola,ArrayQueue,Size,10000000,8,110
pilacola,ArrayQueue,Size,10000000,9,98
pilacola,ArrayQueue,Delete,10000000,0,33145448
pilacola,ArrayQueue,Delete,10000000,1,33465402
pilacola,ArrayQueue,Delete,10000000,2,33300794
pilacola,ArrayQueue,Delete,10000000,3,33108010
pilacola,ArrayQueue,Delete,10000000,4,33554791
pilacola,ArrayQueue,Delete,10000000,5,32909060
pilacola,ArrayQueue,Delete,10000000,6,33168646
pilacola,ArrayQueue,Delete,10000000,7,33253563
pilacola,ArrayQueue,Delete,10000000,8,32824932
pilacola,ArrayQueue,Delete,10000000,9,34409982
crecimiento,Duplicar (x2),Push total,10000000,0,53380678
crecimiento,Duplicar (x2),Push total,10000000,1,52686734
crecimiento,Duplicar (x2),Push total,10000000,2,52094895
crecimiento,Duplicar (x2),Enqueue total,10000000,0,51608485
crecimiento,Duplicar (x2),Enqueue total,10000000,1,53714059
crecimiento,Duplicar (x2),Enqueue total,10000000,2,52431099
crecimiento,Duplicar (x2),Push con redimension,10000000,0,18302546
crecimiento,Duplicar (x2),Push con redimension,10000000,1,22751037
crecimiento,Duplicar (x2),Push con redimension,10000000,2,22082830
lista,SLL sin cola,PushFront,100000000,0,40
lista,SLL sin cola,PushFront,100000000,1,41
lista,SLL sin cola,PushFront,100000000,2,41
lista,SLL sin cola,PushFront,100000000,3,42
lista,SLL sin cola,PushFront,100000000,4,41
lista,SLL sin cola,PushBack,100000000,0,565558072
lista,SLL sin cola,PushBack,100000000,1,607305952
lista,SLL sin cola,PushBack,100000000,2,591531482
lista,SLL sin cola,PushBack,100000000,3,569573383
lista,SLL sin cola,PushBack,100000000,4,563341389
lista,SLL sin cola,PopFront,100000000,0,43
lista,SLL sin cola,PopFront,100000000,1,44
lista,SLL sin cola,PopFront,100000000,2,43
lista,SLL sin cola,PopFront,100000000,3,44
lista,SLL sin cola,PopFront,100000000,4,43
lista,SLL sin cola,PopBack,100000000,0,603967171
lista,SLL sin cola,PopBack,100000000,1,581981318
lista,SLL sin cola,PopBack,100000000,2,576687860
lista,SLL sin cola,PopBack,100000000,3,579356678
lista,SLL sin cola,PopBack,100000000,4,585649386
lista,SLL sin cola,TopFront,100000000,0,52
lista,SLL sin cola,TopFront,100000000,1,49
lista,SLL sin cola,TopFront,100000000,2,49
lista,SLL sin cola,TopFront,100000000,3,50
lista,SLL sin cola,TopFront,100000000,4,51
lista,SLL sin cola,TopBack,100000000,0,547903400
lista,SLL sin cola,TopBack,100000000,1,590346845
lista,SLL sin cola,TopBack,100000000,2,562521552
lista,SLL sin cola,TopBack,100000000,3,556955731
lista,SLL sin cola,TopBack,100000000,4,570941395
lista,SLL sin cola,Find,100000000,0,729802231
lista,SLL sin cola,Find,100000000,1,710228563
lista,SLL sin cola,Find,100000000,2,729071175
lista,SLL sin cola,Find,100000000,3,739410502
lista,SLL sin cola,Find,100000000,4,715831961
lista,SLL sin cola,Erase,100000000,0,577974465
lista,SLL sin cola,Erase,100000000,1,587885575
lista,SLL sin cola,Erase,100000000,2,616606812
lista,SLL sin cola,Erase,100000000,3,582647810
lista,SLL sin cola,Erase,100000000,4,613355011
lista,SLL sin cola,AddBefore,100000000,0,722866570
lista,SLL sin cola,AddBefore,100000000,1,724078248
lista,SLL sin cola,AddBefore,100000000,2,711108098
lista,SLL sin cola,AddBefore,100000000,3,742077022
lista,SLL sin cola,AddBefore,100000000,4,730172451
lista,SLL sin cola,AddAfter,100000000,0,3572
lista,SLL sin cola,AddAfter,100000000,1,4007
lista,SLL sin cola,AddAfter,100000000,2,3004
lista,SLL sin cola,AddAfter,100000000,3,3598
lista,SLL sin cola,AddAfter,100000000,4,3458
lista,SLL sin cola,Empty,100000000,0,86
lista,SLL sin cola,Empty,100000000,1,53
lista,SLL sin cola,Empty,100000000,2,57
lista,SLL sin cola,Empty,100000000,3,61
lista,SLL sin cola,Empty,100000000,4,63
lista,SLL sin cola,Size,100000000,0,72
lista,SLL sin cola,Size,100000000,1,65
lista,SLL sin cola,Size,100000000,2,62
lista,SLL sin cola,Size,100000000,3,75
lista,SLL sin cola,Size,100000000,4,68
lista,SLL con cola,PushFront,100000000,0,42
lista,SLL con cola,PushFront,100000000,1,41
lista,SLL con cola,PushFront,100000000,2,41
lista,SLL con cola,PushFront,100000000,3,40
lista,SLL con cola,PushFront,100000000,4,42
lista,SLL con cola,PushBack,100000000,0,3009
lista,SLL con cola,PushBack,100000000,1,3327
lista,SLL con cola,PushBack,100000000,2,3123
lista,SLL con cola,PushBack,100000000,3,3008
lista,SLL con cola,PushBack,100000000,4,2970
lista,SLL con cola,PopFront,100000000,0,47
lista,SLL con cola,PopFront,100000000,1,49
lista,SLL con cola,PopFront,100000000,2,46
lista,SLL con cola,PopFront,100000000,3,46
lista,SLL con cola,PopFront,100000000,4,54
lista,SLL con cola,PopBack,100000000,0,556471493
lista,SLL con cola,PopBack,100000000,1,562821154
lista,SLL con cola,PopBack,100000000,2,560921313
lista,SLL con cola,PopBack,100000000,3,554706845
lista,SLL con cola,PopBack,100000000,4,560736613
lista,SLL con cola,TopFront,100000000,0,53
lista,SLL con cola,TopFront,100000000,1,50
lista,SLL con cola,TopFront,100000000,2,50
lista,SLL con cola,TopFront,100000000,3,51
lista,SLL con cola,TopFront,100000000,4,51
lista,SLL con cola,TopBack,100000000,0,51
lista,SLL con cola,TopBack,100000000,1,50
lista,SLL con cola,TopBack,100000000,2,50
lista,SLL con cola,TopBack,100000000,3,50
lista,SLL con cola,TopBack,100000000,4,50
lista,SLL con cola,Find,100000000,0,744044587
lista,SLL con cola,Find,100000000,1,750693815
lista,SLL con cola,Find,100000000,2,777878131
lista,SLL con cola,Find,100000000,3,729124338
lista,SLL con cola,Find,100000000,4,737487004
lista,SLL con cola,Erase,100000000,0,592815394
lista,SLL con cola,Erase,100000000,1,587085965
lista,SLL con cola,Erase,100000000,2,594154011
lista,SLL con cola,Erase,100000000,3,581261905
lista,SLL con cola,Erase,100000000,4,578659663
lista,SLL con cola,AddBefore,100000000,0,726292596
lista,SLL con cola,AddBefore,100000000,1,761722957
lista,SLL con cola,AddBefore,100000000,2,753638984
lista,SLL con cola,AddBefore,100000000,3,717190176
lista,SLL con cola,AddBefore,100000000,4,745546592
lista,SLL con cola,AddAfter,100000000,0,4299
lista,SLL con cola,AddAfter,100000000,1,3821
lista,SLL con cola,AddAfter,100000000,2,3275
lista,SLL con cola,AddAfter,100000000,3,3809
lista,SLL con cola,AddAfter,100000000,4,3842
lista,SLL con cola,Empty,100000000,0,70
lista,SLL con cola,Empty,100000000,1,50
lista,SLL con cola,Empty,100000000,2,49
lista,SLL con cola,Empty,100000000,3,49
lista,SLL con cola,Empty,100000000,4,50
lista,SLL con cola,Size,100000000,0,77
lista,SLL con cola,Size,100000000,1,48
lista,SLL con cola,Size,100000000,2,49
lista,SLL con cola,Size,100000000,3,49
lista,SLL con cola,Size,100000000,4,50
lista,DLL sin cola,PushFront,100000000,0,51
lista,DLL sin cola,PushFront,100000000,1,42
lista,DLL sin cola,PushFront,100000000,2,42
lista,DLL sin cola,PushFront,100000000,3,43
lista,DLL sin cola,PushFront,100000000,4,42
lista,DLL sin cola,PushBack,100000000,0,622212599
lista,DLL sin cola,PushBack,100000000,1,567556848
lista,DLL sin cola,PushBack,100000000,2,599722197
lista,DLL sin cola,PushBack,100000000,3,602200691
lista,DLL sin cola,PushBack,100000000,4,588410476
lista,DLL sin cola,PopFront,100000000,0,62
lista,DLL sin cola,PopFront,100000000,1,44
lista,DLL sin cola,PopFront,100000000,2,44
lista,DLL sin cola,PopFront,100000000,3,44
lista,DLL sin cola,PopFront,100000000,4,45
lista,DLL sin cola,PopBack,100000000,0,561416783
lista,DLL sin cola,PopBack,100000000,1,571461593
lista,DLL sin cola,PopBack,100000000,2,573148029
lista,DLL sin cola,PopBack,100000000,3,618546043
lista,DLL sin cola,PopBack,100000000,4,577127135
lista,DLL sin cola,TopFront,100000000,0,51
lista,DLL sin cola,TopFront,100000000,1,49
lista,DLL sin cola,TopFront,100000000,2,49
lista,DLL sin cola,TopFront,100000000,3,50
lista,DLL sin cola,TopFront,100000000,4,49
lista,DLL sin cola,TopBack,100000000,0,594092457
lista,DLL sin cola,TopBack,100000000,1,590477120
lista,DLL sin cola,TopBack,100000000,2,574938739
lista,DLL sin cola,TopBack,100000000,3,583728848
lista,DLL sin cola,TopBack,100000000,4,574876396
lista,DLL sin cola,Find,100000000,0,753101302
lista,DLL sin cola,Find,100000000,1,758781639
lista,DLL sin cola,Find,100000000,2,739217696
lista,DLL sin cola,Find,100000000,3,749016899
lista,DLL sin cola,Find,100000000,4,786415541
lista,DLL sin cola,Erase,100000000,0,736715800
lista,DLL sin cola,Erase,100000000,1,778412081
lista,DLL sin cola,Erase,100000000,2,800269262
lista,DLL sin cola,Erase,100000000,3,846424176
lista,DLL sin cola,Erase,100000000,4,782062036
lista,DLL sin cola,AddBefore,100000000,0,3216
lista,DLL sin cola,AddBefore,100000000,1,3550
lista,DLL sin cola,AddBefore,100000000,2,2834
lista,DLL sin cola,AddBefore,100000000,3,3243
lista,DLL sin cola,AddBefore,100000000,4,2944
lista,DLL sin cola,AddAfter,100000000,0,2895
lista,DLL sin cola,AddAfter,100000000,1,2983
lista,DLL sin cola,AddAfter,100000000,2,3548
lista,DLL sin cola,AddAfter,100000000,3,3165
lista,DLL sin cola,AddAfter,100000000,4,2645
lista,DLL sin cola,Empty,100000000,0,62
lista,DLL sin cola,Empty,100000000,1,50
lista,DLL sin cola,Empty,100000000,2,51
lista,DLL sin cola,Empty,100000000,3,50
lista,DLL sin cola,Empty,100000000,4,48
lista,DLL sin cola,Size,100000000,0,51
lista,DLL sin cola,Size,100000000,1,51
lista,DLL sin cola,Size,100000000,2,51
lista,DLL sin cola,Size,100000000,3,50
lista,DLL sin cola,Size,100000000,4,50
lista,DLL con cola,PushFront,100000000,0,42
lista,DLL con cola,PushFront,100000000,1,42
lista,DLL con cola,PushFront,100000000,2,42
lista,DLL con cola,PushFront,100000000,3,42
lista,DLL con cola,PushFront,100000000,4,41
lista,DLL con cola,PushBack,100000000,0,50
lista,DLL con cola,PushBack,100000000,1,45
lista,DLL con cola,PushBack,100000000,2,45
lista,DLL con cola,PushBack,100000000,3,45
lista,DLL con cola,PushBack,100000000,4,45
lista,DLL con cola,PopFront,100000000,0,45
lista,DLL con cola,PopFront,100000000,1,46
lista,DLL con cola,PopFront,100000000,2,47
lista,DLL con cola,PopFront,100000000,3,45
lista,DLL con cola,PopFront,100000000,4,46
lista,DLL con cola,PopBack,100000000,0,44
lista,DLL con cola,PopBack,100000000,1,44
lista,DLL con cola,PopBack,100000000,2,44
lista,DLL con cola,PopBack,100000000,3,45
lista,DLL con cola,PopBack,100000000,4,45
lista,DLL con cola,TopFront,100000000,0,50
lista,DLL con cola,TopFront,100000000,1,52
lista,DLL con cola,TopFront,100000000,2,50
lista,DLL con cola,TopFront,100000000,3,49
lista,DLL con cola,TopFront,100000000,4,49
lista,DLL con cola,TopBack,100000000,0,52
lista,DLL con cola,TopBack,100000000,1,51
lista,DLL con cola,TopBack,100000000,2,50
lista,DLL con cola,TopBack,100000000,3,50
lista,DLL con cola,TopBack,100000000,4,50
lista,DLL con cola,Find,100000000,0,963679766
lista,DLL con cola,Find,100000000,1,937322294
lista,DLL con cola,Find,100000000,2,925181560
lista,DLL con cola,Find,100000000,3,931042049
lista,DLL con cola,Find,100000000,4,922697769
lista,DLL con cola,Erase,100000000,0,957938638
lista,DLL con cola,Erase,100000000,1,930841359
lista,DLL con cola,Erase,100000000,2,964552748
lista,DLL con cola,Erase,100000000,3,950926583
lista,DLL con cola,Erase,100000000,4,941974927
lista,DLL con cola,AddBefore,100000000,0,3927
lista,DLL con cola,AddBefore,100000000,1,3983
lista,DLL con cola,AddBefore,100000000,2,3372
lista,DLL con cola,AddBefore,100000000,3,3373
lista,DLL con cola,AddBefore,100000000,4,3858
lista,DLL con cola,AddAfter,100000000,0,4125
lista,DLL con cola,AddAfter,100000000,1,4361
lista,DLL con cola,AddAfter,100000000,2,4872
lista,DLL con cola,AddAfter,100000000,3,3926
lista,DLL con cola,AddAfter,100000000,4,4280
lista,DLL con cola,Empty,100000000,0,74
lista,DLL con cola,Empty,100000000,1,50
lista,DLL con cola,Empty,100000000,2,49
lista,DLL con cola,Empty,100000000,3,49
lista,DLL con cola,Empty,100000000,4,48
lista,DLL con cola,Size,100000000,0,52
lista,DLL con cola,Size,100000000,1,52
lista,DLL con cola,Size,100000000,2,51
lista,DLL con cola,Size,100000000,3,49
lista,DLL con cola,Size,100000000,4,49
pilacola,ArrayStack,Push,100000000,0,132
pilacola,ArrayStack,Push,100000000,1,67
pilacola,ArrayStack,Push,100000000,2,66
pilacola,ArrayStack,Push,100000000,3,64
pilacola,ArrayStack,Push,100000000,4,67
pilacola,ArrayStack,Pop,100000000,0,52
pilacola,ArrayStack,Pop,100000000,1,43
pilacola,ArrayStack,Pop,100000000,2,44
pilacola,ArrayStack,Pop,100000000,3,43
pilacola,ArrayStack,Pop,100000000,4,44
pilacola,ArrayStack,Peek,100000000,0,129
pilacola,ArrayStack,Peek,100000000,1,52
pilacola,ArrayStack,Peek,100000000,2,48
pilacola,ArrayStack,Peek,100000000,3,48
pilacola,ArrayStack,Peek,100000000,4,48
pilacola,ArrayStack,IsEmpty,100000000,0,63
pilacola,ArrayStack,IsEmpty,100000000,1,46
pilacola,ArrayStack,IsEmpty,100000000,2,46
pilacola,ArrayStack,IsEmpty,100000000,3,46
pilacola,ArrayStack,IsEmpty,100000000,4,44
pilacola,ArrayStack,Size,100000000,0,59
pilacola,ArrayStack,Size,100000000,1,57
pilacola,ArrayStack,Size,100000000,2,47
pilacola,ArrayStack,Size,100000000,3,48
pilacola,ArrayStack,Size,100000000,4,47
pilacola,ArrayStack,Delete,100000000,0,452393742
pilacola,ArrayStack,Delete,100000000,1,448914393
pilacola,ArrayStack,Delete,100000000,2,454350142
pilacola,ArrayStack,Delete,100000000,3,471591584
pilacola,ArrayStack,Delete,100000000,4,471374414
pilacola,ArrayQueue,Enqueue,100000000,0,57
pilacola,ArrayQueue,Enqueue,100000000,1,58
pilacola,ArrayQueue,Enqueue,100000000,2,41
pilacola,ArrayQueue,Enqueue,100000000,3,41
pilacola,ArrayQueue,Enqueue,100000000,4,39
pilacola,ArrayQueue,Dequeue,100000000,0,694
pilacola,ArrayQueue,Dequeue,100000000,1,202
pilacola,ArrayQueue,Dequeue,100000000,2,76
pilacola,ArrayQueue,Dequeue,100000000,3,75
pilacola,ArrayQueue,Dequeue,100000000,4,75
pilacola,ArrayQueue,Front,100000000,0,316
pilacola,ArrayQueue,Front,100000000,1,130
pilacola,ArrayQueue,Front,100000000,2,133
pilacola,ArrayQueue,Front,100000000,3,125
pilacola,ArrayQueue,Front,100000000,4,118
pilacola,ArrayQueue,IsEmpty,100000000,0,80
pilacola,ArrayQueue,IsEmpty,100000000,1,45
pilacola,ArrayQueue,IsEmpty,100000000,2,45
pilacola,ArrayQueue,IsEmpty,100000000,3,44
pilacola,ArrayQueue,IsEmpty,100000000,4,44
pilacola,ArrayQueue,Size,100000000,0,58
pilacola,ArrayQueue,Size,100000000,1,47
pilacola,ArrayQueue,Size,100000000,2,48
pilacola,ArrayQueue,Size,100000000,3,49
pilacola,ArrayQueue,Size,100000000,4,49
pilacola,ArrayQueue,Delete,100000000,0,329359197
pilacola,ArrayQueue,Delete,100000000,1,441788535
pilacola,ArrayQueue,Delete,100000000,2,344481635
pilacola,ArrayQueue,Delete,100000000,3,340586856
pilacola,ArrayQueue,Delete,100000000,4,346725378
crecimiento,Duplicar (x2),Push total,100000000,0,570550800
crecimiento,Duplicar (x2),Push total,100000000,1,601710885
crecimiento,Duplicar (x2),Push total,100000000,2,590361123
crecimiento,Duplicar (x2),Enqueue total,100000000,0,606020834
crecimiento,Duplicar (x2),Enqueue total,100000000,1,692273673
crecimiento,Duplicar (x2),Enqueue total,100000000,2,592213679
crecimiento,Duplicar (x2),Push con redimension,100000000,0,189639782
crecimiento,Duplicar (x2),Push con redimension,100000000,1,149145336
crecimiento,Duplicar (x2),Push con redimension,100000000,2,149599452
